# https://github.com/mikedh/trimesh
v 0.02214304 -0.00753956 -0.00044773
v 0.02214304 -0.00753956 -0.00047265
v 0.02211323 -0.00753956 -0.00028416
v 0.03276566 -0.01128028 0.00114277
v 0.03276566 -0.01124204 0.00033116
v 0.02198545 -0.00753956 -0.00128426
v 0.02964361 -0.01019909 -0.00128114
v -0.00158107 -0.00753956 -0.00028416
v 0.00606005 -0.00758997 0.00791445
v 0.01010636 -0.00758997 0.00785058
v 0.01091136 -0.00758997 0.00780696
v 0.01171636 -0.00758997 0.00772907
v 0.01498748 -0.00758997 0.00739726
v 0.01577118 -0.00758997 0.00729445
v 0.01606081 -0.00758997 0.00723993
v 0.01626526 -0.00758997 0.00719164
v 0.01663155 -0.00758997 0.00709505
v 0.01815211 -0.00758997 0.00666510
v 0.01876545 -0.00758997 0.00649063
v 0.01917434 -0.00758997 0.00616194
v 0.01979619 -0.00758997 0.00553260
v 0.02033712 -0.00758997 0.00494531
v 0.02106545 -0.00758997 0.00412280
v 0.02118045 -0.00758997 0.00389381
v 0.02133378 -0.00758997 0.00356979
v 0.02147008 -0.00758997 0.00306507
v 0.02213453 -0.00758997 0.00033272
v 0.03034213 -0.01060410 0.00276130
v 0.03397103 -0.01173397 0.00139045
v 0.03357918 -0.01155145 0.00033116
v 0.03398806 -0.01172528 -0.00091195
v 0.02132527 -0.00753956 -0.00370973
v 0.02949028 -0.01020778 -0.00213481
v 0.03034213 -0.01050154 -0.00208963
v -0.00193033 -0.00753956 -0.00370350
v -0.00152570 -0.00758997 0.00487521
v -0.00142774 -0.00758997 0.00521637
v -0.00122329 -0.00758997 0.00579275
v -0.00113811 -0.00758997 0.00594541
v -0.00081440 -0.00758997 0.00632395
v -0.00073348 -0.00758997 0.00639561
v -0.00030755 -0.00758997 0.00668691
v 0.00036116 -0.00758997 0.00700314
v 0.00039097 -0.00758997 0.00701405
v 0.00084671 -0.00758997 0.00717450
v 0.00093190 -0.00758997 0.00719942
v 0.00134931 -0.00758997 0.00731314
v 0.00200949 -0.00758997 0.00748138
v 0.00280172 -0.00758997 0.00763872
v 0.00362801 -0.00758997 0.00776957
v 0.00443727 -0.00758997 0.00785525
v 0.00525079 -0.00758997 0.00790510
v 0.01333488 -0.01051197 0.00791445
v 0.01252988 -0.00970195 0.00791756
v 0.01171636 -0.00889192 0.00789420
v 0.01091136 -0.00807668 0.00786771
v 0.01172062 -0.00808363 0.00781163
v 0.03196065 -0.01698871 0.00745957
v 0.03276566 -0.01698871 0.00738636
v 0.01657618 -0.00970195 0.00764339
v 0.01577118 -0.00889192 0.00757018
v 0.01495766 -0.00808363 0.00749696
v 0.03233547 -0.01578932 0.00721189
v 0.02755231 -0.01333142 0.00722123
v 0.03115139 -0.01456211 0.00706078
v 0.03196065 -0.01456211 0.00692837
v 0.03040602 -0.01375382 0.00691279
v 0.03115139 -0.01375382 0.00677415
v 0.03032936 -0.01290903 0.00656852
v 0.03004824 -0.01249358 0.00643455
v 0.03059343 -0.01261874 0.00634576
v 0.03007806 -0.01165575 0.00566657
v 0.03034639 -0.01144889 0.00522883
v 0.02988639 -0.01093263 0.00474903
v 0.03017176 -0.01083355 0.00420848
v 0.03070843 -0.01093263 0.00392341
v 0.03040602 -0.01075011 0.00361652
v 0.03088306 -0.01086658 0.00338286
v 0.03386881 -0.01178090 0.00195125
v 0.03438844 -0.01202599 0.00195125
v 0.03507844 -0.01237712 0.00195125
v 0.03525733 -0.01236148 0.00109136
v 0.03431177 -0.01188172 0.00112875
v 0.03398806 -0.01172528 0.00084990
v 0.03346418 -0.01161924 0.00195125
v 0.03399232 -0.01172354 0.00033116
v 0.03398806 -0.01172354 -0.00047110
v 0.03439695 -0.01190953 -0.00047110
v 0.03430751 -0.01188346 -0.00122195
v 0.03393695 -0.01174440 -0.00145250
v 0.02126990 -0.00753956 -0.00384681
v 0.03034213 -0.01059193 -0.00289968
v -0.00183237 -0.00753956 -0.00515379
v -0.00163644 -0.00930910 -0.00171265
v -0.00165348 -0.00934734 -0.00127959
v -0.00165774 -0.00940992 -0.00047421
v -0.00164496 -0.00937168 0.00033272
v -0.00163218 -0.00930041 0.00076422
v -0.00147459 -0.00807668 0.00437984
v -0.00141070 -0.00807668 0.00462129
v -0.00135533 -0.00807668 0.00482848
v -0.00120625 -0.00814795 0.00525843
v -0.00121051 -0.00807668 0.00532541
v -0.00103162 -0.00792023 0.00581611
v -0.00076755 -0.00762125 0.00635511
v -0.00022662 -0.00787330 0.00655450
v 0.00027171 -0.00807668 0.00666666
v 0.00038245 -0.00807668 0.00671495
v 0.00090208 -0.00807668 0.00691123
v 0.00119171 -0.00805408 0.00703118
v 0.00091060 -0.00761083 0.00718540
v 0.00145153 -0.00776553 0.00725862
v 0.00200949 -0.00792371 0.00733339
v 0.00363227 -0.00808363 0.00762781
v 0.01496618 -0.01559115 0.00714490
v 0.01546026 -0.01572848 0.00719942
v 0.00362801 -0.00807668 0.00762937
v 0.00443727 -0.00807668 0.00775244
v 0.00525079 -0.00808363 0.00784746
v 0.00606005 -0.00808363 0.00789887
v 0.01252988 -0.01082312 0.00787394
v 0.01333914 -0.01132374 0.00785837
v 0.01415266 -0.01213377 0.00781631
v 0.01496192 -0.01294379 0.00777269
v 0.02224101 -0.01618042 0.00765274
v 0.02305027 -0.01618042 0.00766209
v 0.02313119 -0.01618042 0.00766209
v 0.02313119 -0.01537214 0.00769791
v 0.02386379 -0.01537214 0.00769168
v 0.01414840 -0.01051197 0.00790043
v 0.01333914 -0.00970195 0.00789264
v 0.01414840 -0.00970195 0.00783967
v 0.03115139 -0.01698871 0.00750163
v 0.03276566 -0.01779526 0.00745334
v 0.03357918 -0.01779526 0.00739259
v 0.03438418 -0.01779179 0.00728666
v 0.03354084 -0.01700609 0.00727576
v 0.03324269 -0.01652981 0.00722591
v 0.03276566 -0.01594924 0.00717606
v 0.03276566 -0.01537214 0.00704053
v 0.03202454 -0.01539299 0.00715736
v 0.03357918 -0.01537214 0.00685515
v 0.03276566 -0.01456211 0.00674299
v 0.03191806 -0.01373817 0.00657008
v 0.03115139 -0.01318020 0.00649375
v 0.03162843 -0.01331230 0.00642676
v 0.03216510 -0.01346005 0.00633174
v 0.03494214 -0.01408061 0.00566812
v 0.03332788 -0.01327232 0.00567124
v 0.03115139 -0.01232845 0.00581144
v 0.03170084 -0.01246403 0.00567124
v 0.03357918 -0.01294205 0.00519300
v 0.03329806 -0.01248489 0.00485029
v 0.03061898 -0.01178959 0.00552325
v 0.03161565 -0.01170268 0.00482069
v 0.03040602 -0.01101085 0.00442657
v 0.03215232 -0.01182609 0.00456054
v 0.03240362 -0.01171137 0.00401999
v 0.03257399 -0.01162793 0.00356979
v 0.03314473 -0.01174092 0.00311803
v 0.03330658 -0.01167139 0.00257593
v 0.03493788 -0.01246577 0.00259462
v 0.03357492 -0.01186260 0.00280959
v 0.03652659 -0.01327754 0.00256346
v 0.03600696 -0.01287948 0.00195125
v 0.03557251 -0.01255616 0.00132814
v 0.03561085 -0.01253530 0.00078915
v 0.03519770 -0.01230759 0.00033116
v 0.03439695 -0.01191127 0.00033116
v 0.03519770 -0.01230411 -0.00047110
v 0.03526585 -0.01235452 -0.00127024
v 0.03510399 -0.01238234 -0.00208963
v 0.03550436 -0.01257528 -0.00208963
v 0.03085750 -0.01087701 -0.00342933
v 0.03138565 -0.01098825 -0.00289968
v 0.03098102 -0.01082660 -0.00289968
v 0.02111230 -0.00753956 -0.00420666
v -0.00181959 -0.00753956 -0.00527530
v -0.00149162 -0.00981493 -0.00047265
v -0.00124033 -0.00954550 -0.00202888
v -0.00100181 -0.00986187 -0.00182948
v -0.00095922 -0.01020778 -0.00113783
v -0.00109125 -0.01028774 -0.00047421
v -0.00145755 -0.00986187 -0.00047421
v -0.00164070 -0.00945338 -0.00047265
v -0.00164070 -0.00945338 -0.00037763
v -0.00149162 -0.00977669 0.00033272
v -0.00135959 -0.00889192 0.00356979
v -0.00122329 -0.00871636 0.00440165
v -0.00115088 -0.00871636 0.00465712
v -0.00101885 -0.00871636 0.00502788
v -0.00079311 -0.00845909 0.00557154
v -0.00050773 -0.00816707 0.00607159
v 0.00010134 -0.00841216 0.00632862
v 0.00063801 -0.00857556 0.00648908
v 0.00038245 -0.00811840 0.00668847
v 0.00114060 -0.00871636 0.00659189
v 0.00119171 -0.00807668 0.00701716
v 0.00200949 -0.00832872 0.00713711
v 0.01193784 -0.01507315 0.00647506
v 0.01253414 -0.01523829 0.00657943
v 0.01327951 -0.01544340 0.00670249
v 0.00246949 -0.00845736 0.00720098
v 0.01416544 -0.01533563 0.00704365
v 0.01496618 -0.01618042 0.00682088
v 0.01574563 -0.01614044 0.00704832
v 0.01658044 -0.01637685 0.00712465
v 0.01715544 -0.01650722 0.00718696
v 0.01938730 -0.01739894 0.00721656
v 0.01741100 -0.01621866 0.00732249
v 0.01658044 -0.01537214 0.00746581
v 0.01543470 -0.01532868 0.00731003
v 0.01577118 -0.01456211 0.00756862
v 0.01658044 -0.01456211 0.00765274
v 0.01577118 -0.01375034 0.00771661
v 0.01333914 -0.01213377 0.00778827
v 0.01252988 -0.01131331 0.00783656
v 0.01900822 -0.01537214 0.00765274
v 0.01981749 -0.01537214 0.00767299
v 0.02142749 -0.01618042 0.00763093
v 0.02305027 -0.01698697 0.00757329
v 0.02386379 -0.01698524 0.00759510
v 0.02467305 -0.01698524 0.00760756
v 0.02474972 -0.01698524 0.00760756
v 0.02386379 -0.01617695 0.00766209
v 0.02633416 -0.01618042 0.00763872
v 0.02953287 -0.01698524 0.00757018
v 0.03034213 -0.01698524 0.00753902
v 0.03196065 -0.01779526 0.00747983
v 0.03357918 -0.01860355 0.00736766
v 0.03575566 -0.01914415 0.00723993
v 0.03575566 -0.01885734 0.00723993
v 0.03411584 -0.01728248 0.00723681
v 0.03494214 -0.01805774 0.00724148
v 0.03354084 -0.01623083 0.00710596
v 0.03519770 -0.01698871 0.00697666
v 0.03438844 -0.01618042 0.00692525
v 0.03600696 -0.01698871 0.00680998
v 0.03519770 -0.01618042 0.00673521
v 0.03595585 -0.01618738 0.00653114
v 0.03442251 -0.01532173 0.00660435
v 0.03350251 -0.01457428 0.00652958
v 0.03276566 -0.01403368 0.00647194
v 0.03417547 -0.01485066 0.00646259
v 0.03318306 -0.01415362 0.00640807
v 0.03372399 -0.01431006 0.00631616
v 0.03520622 -0.01451691 0.00588310
v 0.03438844 -0.01316629 0.00498114
v 0.03386455 -0.01340791 0.00553260
v 0.03600696 -0.01480373 0.00572109
v 0.03547881 -0.01422141 0.00551079
v 0.03485696 -0.01330187 0.00483783
v 0.03383899 -0.01261005 0.00463687
v 0.03357066 -0.01237364 0.00437049
v 0.03407751 -0.01249185 0.00409788
v 0.03297862 -0.01181045 0.00356979
v 0.03357918 -0.01208683 0.00356979
v 0.03423936 -0.01240841 0.00356979
v 0.03520196 -0.01266567 0.00282050
v 0.03606233 -0.01310371 0.00280180
v 0.03636899 -0.01337314 0.00310401
v 0.03680344 -0.01354697 0.00280180
v 0.03745511 -0.01398327 0.00276130
v 0.03798326 -0.01419534 0.00218492
v 0.03767659 -0.01392243 0.00193100
v 0.03702066 -0.01347570 0.00195125
v 0.03661603 -0.01322365 0.00195125
v 0.03713992 -0.01339574 0.00033116
v 0.03676085 -0.01314891 -0.00047110
v 0.03602399 -0.01274389 -0.00047110
v 0.03561511 -0.01253183 0.00033116
v 0.03716548 -0.01338009 -0.00047110
v 0.03561936 -0.01252835 -0.00047110
v 0.03561511 -0.01253183 -0.00099295
v 0.03558529 -0.01254747 -0.00153350
v 0.03600696 -0.01300811 -0.00289968
v 0.03521473 -0.01265698 -0.00293395
v 0.03600696 -0.01284819 -0.00208963
v 0.03202880 -0.01149061 -0.00377671
v 0.03113862 -0.01108734 -0.00370505
v 0.02832750 -0.01010696 -0.00411942
v 0.02097175 -0.00753956 -0.00436711
v -0.00070792 -0.01000266 -0.00209275
v -0.00081866 -0.01010174 -0.00167682
v -0.00161940 -0.00753956 -0.00558997
v 0.00085097 -0.01005829 -0.00482354
v -0.00145755 -0.00986187 -0.00047265
v -0.00002644 -0.01092915 -0.00090572
v -0.00013292 -0.01019735 -0.00271275
v 0.00316375 -0.01257354 -0.00260059
v -0.00106570 -0.01030512 -0.00047265
v -0.00108699 -0.01027905 0.00033272
v -0.00142348 -0.00986187 0.00033272
v -0.00112959 -0.00957505 0.00276286
v -0.00103588 -0.00947076 0.00357291
v -0.00104014 -0.00945338 0.00360095
v -0.00111681 -0.00904489 0.00424743
v -0.00112533 -0.00894754 0.00440944
v -0.00108273 -0.00904489 0.00435336
v -0.00092514 -0.00937863 0.00416175
v -0.00075477 -0.00925348 0.00470230
v -0.00064403 -0.00871636 0.00540019
v -0.00050348 -0.00894928 0.00524597
v -0.00021384 -0.00941861 0.00492195
v 0.00327024 -0.01170094 0.00474436
v 0.00725265 -0.01336097 0.00560893
v 0.00878173 -0.01422141 0.00566812
v 0.00930136 -0.01437264 0.00580988
v 0.01091988 -0.01478113 0.00626631
v 0.01140117 -0.01492193 0.00637380
v 0.01296859 -0.01576150 0.00639405
v 0.01422081 -0.01618042 0.00658254
v 0.01517063 -0.01674536 0.00651867
v 0.01577118 -0.01688442 0.00661370
v 0.01650804 -0.01706346 0.00670405
v 0.01453600 -0.01659760 0.00641274
v 0.01819896 -0.01713299 0.00710128
v 0.01884637 -0.01728595 0.00717294
v 0.01981749 -0.01748064 0.00724148
v 0.01907211 -0.01700436 0.00729912
v 0.02061823 -0.01803688 0.00715736
v 0.01819896 -0.01618042 0.00743932
v 0.01738970 -0.01537214 0.00756083
v 0.01658044 -0.01532868 0.00747671
v 0.01819896 -0.01537214 0.00761847
v 0.01981749 -0.01618042 0.00757329
v 0.02061823 -0.01618042 0.00760445
v 0.02467305 -0.01779179 0.00746736
v 0.02548231 -0.01779179 0.00749073
v 0.02223675 -0.01698697 0.00754058
v 0.02633416 -0.01779179 0.00750475
v 0.02710083 -0.01779179 0.00750631
v 0.02871935 -0.01779179 0.00750319
v 0.02548231 -0.01698524 0.00760445
v 0.02633416 -0.01698524 0.00759977
v 0.02791009 -0.01698524 0.00759043
v 0.02871935 -0.01698524 0.00758420
v 0.03115139 -0.01779526 0.00748917
v 0.03357918 -0.01925018 0.00725706
v 0.03438844 -0.01923975 0.00725706
v 0.03519770 -0.01922585 0.00725395
v 0.03040602 -0.01779179 0.00749540
v 0.03276566 -0.01860355 0.00736922
v 0.03600696 -0.02022361 0.00699224
v 0.03601548 -0.01941532 0.00715892
v 0.03681622 -0.01941358 0.00699847
v 0.03519770 -0.01963086 0.00717606
v 0.03681622 -0.01860355 0.00697199
v 0.03601548 -0.01859312 0.00714802
v 0.03465251 -0.01751888 0.00718852
v 0.03600696 -0.01779526 0.00700314
v 0.03681622 -0.01779526 0.00685048
v 0.03682048 -0.01695569 0.00658722
v 0.03655640 -0.01645854 0.00646104
v 0.03565770 -0.01574238 0.00642209
v 0.03519770 -0.01558420 0.00649375
v 0.03471640 -0.01501753 0.00637847
v 0.03519770 -0.01517919 0.00630370
v 0.03442251 -0.01457428 0.00621802
v 0.03619437 -0.01592316 0.00632707
v 0.03709733 -0.01667235 0.00634264
v 0.03642011 -0.01495669 0.00560270
v 0.03595585 -0.01542950 0.00613390
v 0.03603251 -0.01438828 0.00521948
v 0.03578548 -0.01402846 0.00497180
v 0.03515510 -0.01320105 0.00431753
v 0.03436288 -0.01276997 0.00437049
v 0.03805141 -0.01495148 0.00399818
v 0.03539788 -0.01348960 0.00454808
v 0.03562788 -0.01333142 0.00400753
v 0.03464399 -0.01261352 0.00356979
v 0.03579399 -0.01323930 0.00356979
v 0.03619863 -0.01348787 0.00356979
v 0.03731455 -0.01409278 0.00329095
v 0.03785974 -0.01428051 0.00276130
v 0.03805992 -0.01413624 0.00164593
v 0.03896289 -0.01487499 0.00195125
v 0.03908215 -0.01478634 0.00114277
v 0.03810252 -0.01410842 0.00114277
v 0.03762122 -0.01378858 0.00114277
v 0.03708029 -0.01343224 0.00114277
v 0.03815363 -0.01406844 0.00033116
v 0.03671826 -0.01316977 -0.00128114
v 0.03762122 -0.01368950 -0.00047110
v 0.03712289 -0.01340791 -0.00128114
v 0.03650529 -0.01328623 -0.00289968
v 0.03642863 -0.01333664 -0.00332184
v 0.03403492 -0.01251270 -0.00418329
v 0.03662455 -0.01321670 -0.00208963
v 0.03234399 -0.01173570 -0.00408983
v 0.03115139 -0.01138979 -0.00451977
v 0.03061473 -0.01097087 -0.00396832
v 0.03175621 -0.01164358 -0.00451977
v 0.03040602 -0.01109429 -0.00453068
v 0.02980121 -0.01096044 -0.00480796
v 0.02068638 -0.00753956 -0.00461636
v 0.00070190 -0.01018170 -0.00428455
v -0.00118070 -0.00753956 -0.00608535
v -0.00101033 -0.00783854 -0.00590776
v -0.00086977 -0.00807668 -0.00573017
v -0.00068662 -0.00837913 -0.00550429
v 0.00139190 -0.01027557 -0.00511329
v 0.00231616 -0.01098304 -0.00500424
v 0.00172412 -0.01082312 -0.00452133
v 0.00115338 -0.01041289 -0.00454158
v -0.00014996 -0.00860163 -0.00583298
v -0.00005625 -0.01094654 -0.00047110
v -0.00022662 -0.01082312 -0.00070944
v 0.00308709 -0.01262395 -0.00208963
v 0.00362801 -0.01295075 -0.00208963
v 0.00150264 -0.01179133 -0.00128114
v 0.00562561 -0.01417274 -0.00176250
v 0.00299338 -0.01267089 -0.00128114
v 0.00332135 -0.01246751 -0.00313802
v 0.00349598 -0.01263960 -0.00298068
v 0.00484616 -0.01335228 -0.00331872
v 0.00432653 -0.01317672 -0.00289968
v 0.00470135 -0.01339400 -0.00289968
v 0.00457357 -0.01350525 -0.00208963
v 0.00416894 -0.01327058 -0.00208963
v -0.00046088 -0.01069449 -0.00047265
v -0.00094218 -0.01018866 0.00114277
v -0.00045236 -0.01068580 0.00033272
v -0.00001792 -0.01092394 0.00075799
v -0.00078459 -0.01030338 0.00112563
v -0.00064403 -0.00998007 0.00276286
v -0.00101885 -0.00945338 0.00368351
v -0.00039699 -0.00992097 0.00365080
v -0.00001366 -0.01010522 0.00397326
v 0.00077005 -0.01012087 0.00480355
v 0.00151116 -0.01098304 0.00409944
v 0.00122153 -0.01065277 0.00437516
v 0.00172838 -0.01082312 0.00463064
v 0.00302746 -0.01184869 0.00420381
v 0.00350449 -0.01196863 0.00450913
v 0.00808747 -0.01496538 0.00397014
v 0.00580876 -0.01325842 0.00462753
v 0.00735061 -0.01411364 0.00471320
v 0.00480783 -0.01255964 0.00481290
v 0.00978691 -0.01492019 0.00553415
v 0.01133303 -0.01577193 0.00558868
v 0.01032784 -0.01507489 0.00571018
v 0.01091988 -0.01524698 0.00585973
v 0.01332210 -0.01674536 0.00575069
v 0.01253414 -0.01564330 0.00630526
v 0.01399507 -0.01644811 0.00630993
v 0.01577118 -0.01728769 0.00633174
v 0.01787952 -0.01816377 0.00637692
v 0.01738970 -0.01764925 0.00658098
v 0.01816915 -0.01785436 0.00666822
v 0.01496618 -0.01710344 0.00618998
v 0.01907211 -0.01772052 0.00697978
v 0.01981749 -0.01788565 0.00706701
v 0.01981749 -0.01698697 0.00738013
v 0.01900822 -0.01618042 0.00752500
v 0.02129119 -0.01814465 0.00719942
v 0.02061823 -0.01763360 0.00727887
v 0.02061823 -0.01860529 0.00683958
v 0.02143175 -0.01698697 0.00749696
v 0.02386379 -0.01779179 0.00743465
v 0.02710083 -0.01910591 0.00724460
v 0.02791009 -0.01917370 0.00725550
v 0.02953287 -0.01966562 0.00718696
v 0.02305027 -0.01779526 0.00739103
v 0.03040602 -0.01963260 0.00719475
v 0.03276566 -0.01925714 0.00725706
v 0.03196065 -0.01966910 0.00718696
v 0.03276566 -0.01966562 0.00718540
v 0.03438844 -0.01964477 0.00717917
v 0.03573436 -0.02227996 0.00642832
v 0.03600696 -0.02103363 0.00676013
v 0.03681622 -0.02022361 0.00685204
v 0.03519770 -0.02022361 0.00703430
v 0.03519770 -0.02103363 0.00682244
v 0.03762122 -0.02022361 0.00663551
v 0.03818770 -0.02022361 0.00646104
v 0.03762122 -0.01941358 0.00673988
v 0.03276566 -0.02022361 0.00705611
v 0.03438844 -0.02022361 0.00704209
v 0.03762122 -0.01860355 0.00669626
v 0.03764678 -0.01782481 0.00656541
v 0.03739122 -0.01720773 0.00649842
v 0.03770640 -0.01690006 0.00606692
v 0.03801733 -0.01659413 0.00558868
v 0.03863492 -0.01599443 0.00462129
v 0.03893733 -0.01567807 0.00408230
v 0.03725066 -0.01494452 0.00481446
v 0.03818770 -0.01484718 0.00356979
v 0.03711011 -0.01423010 0.00382838
v 0.03859233 -0.01514442 0.00356979
v 0.03846030 -0.01472898 0.00271768
v 0.03875418 -0.01503491 0.00295914
v 0.03850715 -0.01438307 0.00114277
v 0.03936752 -0.01525915 0.00195125
v 0.03948678 -0.01512704 0.00114277
v 0.03910344 -0.01476548 0.00033116
v 0.03855826 -0.01436221 0.00033116
v 0.03951233 -0.01510271 0.00033116
v 0.03815363 -0.01406149 -0.00047110
v 0.03762122 -0.01375730 -0.00128114
v 0.03805992 -0.01413450 -0.00182637
v 0.03768511 -0.01391895 -0.00209275
v 0.03702918 -0.01347396 -0.00208963
v 0.03799603 -0.01417795 -0.00236692
v 0.03892455 -0.01490107 -0.00265667
v 0.03877548 -0.01501927 -0.00319722
v 0.03823029 -0.01481415 -0.00354304
v 0.03800029 -0.01498798 -0.00408204
v 0.03780437 -0.01512704 -0.00451977
v 0.03739974 -0.01483154 -0.00451977
v 0.03721659 -0.01496712 -0.00492480
v 0.03563640 -0.01332273 -0.00415058
v 0.03380918 -0.01264134 -0.00472384
v 0.03355788 -0.01240841 -0.00447927
v 0.03276566 -0.01207814 -0.00451977
v 0.03216084 -0.01181566 -0.00451977
v 0.03157306 -0.01172180 -0.00493882
v 0.02926454 -0.01087353 -0.00500736
v 0.01892304 -0.00753956 -0.00587193
v 0.01948952 -0.00753956 -0.00549650
v 0.02026471 -0.00753956 -0.00493570
v 0.03115139 -0.01163315 -0.00510238
v 0.03064880 -0.01176699 -0.00568655
v -0.00068236 -0.00753956 -0.00642494
v -0.00061848 -0.00756215 -0.00644831
v 0.00077431 -0.00931258 -0.00574575
v 0.00406246 -0.01251966 -0.00407892
v 0.00384950 -0.01263960 -0.00355239
v 0.01132451 -0.01577541 -0.00573173
v 0.01199321 -0.01666018 -0.00503384
v 0.01144803 -0.01650895 -0.00478771
v 0.00965488 -0.01580322 -0.00416304
v 0.00169857 -0.01196863 -0.00047110
v -0.00005199 -0.01094132 0.00033116
v -0.00025644 -0.01082312 -0.00047110
v 0.00449690 -0.01355218 -0.00128114
v 0.00713339 -0.01504708 -0.00128114
v 0.00572357 -0.01423532 -0.00165190
v 0.00568098 -0.01423532 -0.00128114
v 0.00519542 -0.01395546 -0.00128114
v 0.00531468 -0.01393286 -0.00205536
v 0.00884136 -0.01580670 -0.00259280
v 0.01310488 -0.01811163 -0.00289968
v 0.01340729 -0.01839148 -0.00208963
v 0.01327099 -0.01841061 -0.00133567
v 0.01289192 -0.01822983 -0.00110200
v 0.01206988 -0.01742501 -0.00340907
v 0.00267820 -0.01238581 0.00195125
v 0.00156227 -0.01175309 0.00168332
v 0.00164745 -0.01170094 0.00222387
v 0.00174542 -0.01163662 0.00276130
v 0.00060393 -0.01105605 0.00195281
v 0.00001616 -0.01082312 0.00126583
v 0.00026319 -0.01082312 0.00195281
v -0.00011588 -0.01017475 0.00343426
v 0.00113208 -0.01120206 0.00280959
v 0.00215005 -0.01190953 0.00276130
v 0.00229486 -0.01181393 0.00334547
v 0.00278468 -0.01200340 0.00359783
v 0.00248653 -0.01168530 0.00388758
v 0.00402838 -0.01254747 0.00399818
v 0.00555320 -0.01340617 0.00408853
v 0.00329579 -0.01196863 0.00427858
v 0.00792987 -0.01505230 0.00342959
v 0.01011062 -0.01622214 0.00356823
v 0.00965062 -0.01580670 0.00404024
v 0.01144803 -0.01650895 0.00464155
v 0.00989339 -0.01566764 0.00457768
v 0.00828339 -0.01484892 0.00437828
v 0.00745284 -0.01423532 0.00460572
v 0.00385801 -0.01263960 0.00360874
v 0.00480357 -0.01337140 0.00322241
v 0.00889247 -0.01496886 0.00478798
v 0.00788728 -0.01427356 0.00493597
v 0.00930136 -0.01509054 0.00494531
v 0.01043006 -0.01582408 0.00484562
v 0.01287914 -0.01661846 0.00563385
v 0.01442525 -0.01745978 0.00566968
v 0.01420803 -0.01695395 0.00598903
v 0.01738970 -0.01805600 0.00629280
v 0.01958323 -0.01893904 0.00635199
v 0.01842045 -0.01828197 0.00645948
v 0.01900822 -0.01841061 0.00654516
v 0.01983452 -0.01864353 0.00662616
v 0.01496618 -0.01758493 0.00578496
v 0.02061823 -0.01698697 0.00744244
v 0.02150841 -0.01852359 0.00701716
v 0.02305027 -0.01941358 0.00673988
v 0.02313119 -0.01941184 0.00675234
v 0.02386379 -0.01941184 0.00684581
v 0.02386379 -0.01879302 0.00714179
v 0.02467305 -0.01888167 0.00717450
v 0.02548231 -0.01895816 0.00719942
v 0.02592101 -0.01900161 0.00721189
v 0.02467305 -0.01847492 0.00729133
v 0.02061823 -0.01912329 0.00649063
v 0.02143175 -0.01924497 0.00657631
v 0.02230916 -0.01945182 0.00659812
v 0.02011563 -0.01904681 0.00643144
v 0.02548231 -0.01855662 0.00731159
v 0.02871935 -0.01963260 0.00717294
v 0.03034213 -0.01966736 0.00718852
v 0.03115139 -0.02022361 0.00704832
v 0.03196065 -0.02022361 0.00705922
v 0.03040602 -0.01966736 0.00718852
v 0.03600696 -0.02187669 0.00651556
v 0.03438844 -0.02103363 0.00682867
v 0.03541492 -0.02227996 0.00642832
v 0.03572585 -0.02306739 0.00560270
v 0.03626677 -0.02304827 0.00558400
v 0.03681622 -0.02302046 0.00555441
v 0.03762122 -0.02296483 0.00549833
v 0.03762122 -0.02256156 0.00578807
v 0.03627529 -0.02217045 0.00637536
v 0.03806844 -0.02065295 0.00641430
v 0.03859233 -0.02022361 0.00631616
v 0.03823455 -0.01941358 0.00649998
v 0.03814085 -0.01860355 0.00646727
v 0.03807270 -0.01811163 0.00643144
v 0.03793215 -0.01757277 0.00633174
v 0.03826437 -0.01713299 0.00579119
v 0.03888622 -0.01653329 0.00482536
v 0.03966141 -0.01737460 0.00479732
v 0.03906085 -0.01555118 0.00356979
v 0.03963585 -0.01660803 0.00394522
v 0.03949104 -0.01617173 0.00363210
v 0.03957622 -0.01588840 0.00293889
v 0.03966141 -0.01575803 0.00239834
v 0.03972530 -0.01566590 0.00195125
v 0.03981900 -0.01553379 0.00114277
v 0.03907363 -0.01478460 -0.00047110
v 0.03855826 -0.01437785 -0.00047110
v 0.03947826 -0.01514095 -0.00047110
v 0.03903955 -0.01481068 -0.00128114
v 0.03984030 -0.01550598 0.00033116
v 0.03982326 -0.01554596 -0.00047110
v 0.03851141 -0.01440740 -0.00128114
v 0.03810678 -0.01409973 -0.00128114
v 0.03899270 -0.01484892 -0.00208963
v 0.03837085 -0.01439697 -0.00209275
v 0.03939733 -0.01522960 -0.00208963
v 0.03969974 -0.01570067 -0.00262239
v 0.03925252 -0.01535823 -0.00290903
v 0.03899696 -0.01560506 -0.00371128
v 0.03840492 -0.01557377 -0.00444656
v 0.03811103 -0.01570240 -0.00499801
v 0.03754455 -0.01540516 -0.00509771
v 0.03681622 -0.01482980 -0.00504942
v 0.03573862 -0.01406497 -0.00500580
v 0.03479307 -0.01334881 -0.00492324
v 0.03627955 -0.01424575 -0.00480796
v 0.03519770 -0.01348265 -0.00475033
v 0.03327251 -0.01249358 -0.00497932
v 0.01887193 -0.00753956 -0.00589841
v 0.03172214 -0.01243622 -0.00581896
v 0.03115139 -0.01228673 -0.00593113
v 0.03040602 -0.01208683 -0.00602303
v 0.01534100 -0.00753956 -0.00734871
v 0.01581803 -0.00753956 -0.00718826
v 0.01595007 -0.00753956 -0.00714308
v 0.01690415 -0.00753956 -0.00680037
v 0.01733007 -0.00753956 -0.00663213
v 0.01767933 -0.00753956 -0.00648725
v 0.01784119 -0.00753956 -0.00641871
v 0.01850137 -0.00753956 -0.00608690
v -0.00063551 -0.00753956 -0.00645610
v -0.00020107 -0.00753956 -0.00664615
v 0.01049821 -0.01416405 -0.00654956
v 0.01150766 -0.01486283 -0.00647168
v 0.01166099 -0.01532868 -0.00619595
v 0.01288766 -0.01661151 -0.00576133
v 0.01258525 -0.01677491 -0.00531424
v 0.01552414 -0.01810815 -0.00560243
v 0.01358192 -0.01747369 -0.00504942
v 0.01304525 -0.01733810 -0.00482510
v 0.01251284 -0.01721121 -0.00454003
v 0.01172062 -0.01679403 -0.00451822
v 0.01121803 -0.01664280 -0.00424560
v 0.01223599 -0.01733984 -0.00394807
v 0.00200949 -0.01214941 -0.00047110
v 0.00863691 -0.01592490 0.00033116
v 0.00827487 -0.01566764 0.00113965
v 0.00459913 -0.01349134 0.00195125
v 0.00930136 -0.01629515 -0.00047110
v 0.00863265 -0.01592490 -0.00047110
v 0.00767858 -0.01539647 -0.00047110
v 0.00653283 -0.01471160 -0.00128114
v 0.01132451 -0.01739025 -0.00085587
v 0.00709932 -0.01506620 -0.00047110
v 0.00647746 -0.01471160 -0.00047110
v 0.01362877 -0.01826459 -0.00345737
v 0.01350951 -0.01833065 -0.00289968
v 0.01445933 -0.01906245 -0.00128270
v 0.01405470 -0.01884517 -0.00128270
v 0.01334340 -0.01852185 -0.00047110
v 0.01284933 -0.01825242 -0.00047110
v 0.00315098 -0.01258397 0.00254944
v 0.00285709 -0.01234583 0.00279557
v 0.00326172 -0.01251618 0.00308532
v 0.00344061 -0.01241015 0.00356979
v 0.00895636 -0.01574238 0.00303391
v 0.01052377 -0.01658022 0.00315386
v 0.01208266 -0.01741806 0.00324266
v 0.01121803 -0.01664106 0.00410099
v 0.01305803 -0.01733289 0.00466491
v 0.01359470 -0.01747021 0.00492662
v 0.01199321 -0.01665497 0.00489079
v 0.01172062 -0.01678012 0.00437361
v 0.01438692 -0.01828893 0.00414773
v 0.00469709 -0.01343050 0.00275974
v 0.00739320 -0.01490281 0.00290306
v 0.01388859 -0.01731203 0.00546561
v 0.01415692 -0.01761101 0.00519456
v 0.01494063 -0.01800038 0.00519456
v 0.01555396 -0.01812032 0.00546717
v 0.01609063 -0.01823504 0.00563385
v 0.01900822 -0.01881562 0.00624606
v 0.01986008 -0.01940141 0.00598903
v 0.01900822 -0.01923801 0.00584260
v 0.01658044 -0.01833586 0.00573822
v 0.02305027 -0.01987422 0.00644857
v 0.02313119 -0.01988291 0.00645480
v 0.02386379 -0.01995765 0.00651244
v 0.02548231 -0.02012279 0.00660435
v 0.02710083 -0.02022361 0.00672742
v 0.02791009 -0.02022361 0.00681621
v 0.02871935 -0.02022361 0.00689566
v 0.02474972 -0.01941184 0.00693149
v 0.02791009 -0.01957524 0.00714334
v 0.02262008 -0.01982381 0.00640807
v 0.02061823 -0.01952830 0.00611988
v 0.02143175 -0.01964824 0.00624762
v 0.02208342 -0.01974559 0.00633797
v 0.03357918 -0.02103363 0.00682400
v 0.03544047 -0.02306739 0.00560270
v 0.02612546 -0.02058690 0.00637068
v 0.03486973 -0.02222434 0.00639094
v 0.03276566 -0.02246943 0.00581300
v 0.03357918 -0.02253896 0.00587998
v 0.03438844 -0.02260849 0.00594541
v 0.03438844 -0.02301177 0.00555129
v 0.03489955 -0.02305175 0.00558868
v 0.03519770 -0.02382179 0.00471009
v 0.03762122 -0.02323600 0.00509174
v 0.03827289 -0.02315083 0.00496712
v 0.03818344 -0.02243119 0.00568993
v 0.03762122 -0.02184192 0.00611832
v 0.03837937 -0.02096758 0.00618375
v 0.03904807 -0.02103363 0.00578652
v 0.03918863 -0.02022361 0.00591114
v 0.03863918 -0.01941358 0.00629280
v 0.03854548 -0.01860355 0.00621491
v 0.03914604 -0.01860355 0.00580832
v 0.03900974 -0.01797256 0.00571174
v 0.03880530 -0.01743544 0.00556687
v 0.03919289 -0.01705998 0.00496245
v 0.03976789 -0.01779526 0.00493752
v 0.04006604 -0.01779526 0.00437828
v 0.03926104 -0.01774138 0.00537370
v 0.04045363 -0.01821418 0.00396391
v 0.04034715 -0.01775007 0.00364456
v 0.04042808 -0.01745283 0.00307442
v 0.03974233 -0.01643073 0.00340467
v 0.04052178 -0.01728248 0.00253387
v 0.03981474 -0.01617173 0.00270522
v 0.04004474 -0.01618042 0.00195125
v 0.04044085 -0.01661846 0.00129699
v 0.04025771 -0.01626038 0.00107267
v 0.04024919 -0.01615261 0.00033116
v 0.03943993 -0.01518267 -0.00128114
v 0.04049196 -0.01653677 -0.00047110
v 0.04022789 -0.01613175 -0.00047110
v 0.03978493 -0.01558768 -0.00128114
v 0.04047919 -0.01655589 -0.00113004
v 0.04024493 -0.01624474 -0.00134969
v 0.03974659 -0.01563287 -0.00208963
v 0.04045363 -0.01658718 -0.00166747
v 0.04061123 -0.01711734 -0.00208963
v 0.04050900 -0.01728769 -0.00262239
v 0.03984030 -0.01617173 -0.00289345
v 0.03957622 -0.01589187 -0.00316139
v 0.03884789 -0.01576672 -0.00412721
v 0.03864770 -0.01604658 -0.00466621
v 0.03883937 -0.01658370 -0.00492480
v 0.03840492 -0.01626212 -0.00508525
v 0.03761270 -0.01617521 -0.00553545
v 0.03709733 -0.01590404 -0.00567721
v 0.03622418 -0.01512009 -0.00562892
v 0.03568325 -0.01491324 -0.00577379
v 0.03598140 -0.01457775 -0.00531892
v 0.03519770 -0.01388766 -0.00516470
v 0.03519770 -0.01434656 -0.00557128
v 0.03324269 -0.01330535 -0.00577223
v 0.03352806 -0.01297334 -0.00529867
v 0.03226306 -0.01260136 -0.00567409
v 0.03276566 -0.01316107 -0.00590464
v 0.03217788 -0.01345658 -0.00646389
v 0.03164121 -0.01330709 -0.00657137
v 0.01515359 -0.00753956 -0.00738765
v 0.00038671 -0.00753956 -0.00687826
v 0.01084747 -0.01423532 -0.00663368
v 0.01091988 -0.01428746 -0.00662745
v 0.01135006 -0.01470986 -0.00651374
v 0.00067208 -0.00753956 -0.00698886
v 0.00142597 -0.00753956 -0.00726459
v 0.01205284 -0.01501232 -0.00657605
v 0.01253414 -0.01555118 -0.00638600
v 0.01335618 -0.01613871 -0.00628318
v 0.01447637 -0.01743718 -0.00577690
v 0.01606933 -0.01825416 -0.00578937
v 0.01578822 -0.01841061 -0.00532982
v 0.01520470 -0.01828197 -0.00506032
v 0.01277266 -0.01747542 -0.00428611
v 0.01466377 -0.01814813 -0.00482354
v 0.00974858 -0.01655763 0.00033116
v 0.01129469 -0.01740763 0.00087950
v 0.00834728 -0.01562766 0.00195281
v 0.00673728 -0.01471160 0.00195125
v 0.00525079 -0.01386507 0.00195125
v 0.01020006 -0.01676100 0.00114121
v 0.01129469 -0.01740589 -0.00031532
v 0.01128192 -0.01741285 0.00033116
v 0.01385451 -0.01814987 -0.00399947
v 0.01547303 -0.01895642 -0.00396988
v 0.01526859 -0.01905202 -0.00342933
v 0.01577118 -0.01942575 -0.00289968
v 0.01415692 -0.01865396 -0.00289968
v 0.01461266 -0.01898249 -0.00232018
v 0.01421655 -0.01882257 -0.00206471
v 0.01440396 -0.01908852 -0.00047110
v 0.01399933 -0.01887472 -0.00047110
v 0.01491507 -0.01917022 -0.00206471
v 0.01623970 -0.01978730 -0.00222983
v 0.01496618 -0.01930059 -0.00128270
v 0.01496618 -0.01935795 -0.00047110
v 0.01172488 -0.01765273 0.00033116
v 0.00727395 -0.01496886 0.00236251
v 0.00883284 -0.01581191 0.00249336
v 0.01195914 -0.01748933 0.00276130
v 0.01253414 -0.01780743 0.00276130
v 0.01310488 -0.01811510 0.00276130
v 0.01366710 -0.01824373 0.00328783
v 0.01253414 -0.01755538 0.00353552
v 0.01226581 -0.01732246 0.00378009
v 0.01385025 -0.01814639 0.00382838
v 0.01544322 -0.01896859 0.00386889
v 0.01280247 -0.01746499 0.00412592
v 0.01598415 -0.01911112 0.00415240
v 0.01465951 -0.01814813 0.00468672
v 0.01520044 -0.01828719 0.00492818
v 0.01629933 -0.01895468 0.00469295
v 0.01683600 -0.01907462 0.00487833
v 0.01853971 -0.01984640 0.00482536
v 0.01782415 -0.01899814 0.00557777
v 0.01836933 -0.01910765 0.00570863
v 0.02013693 -0.01984467 0.00562918
v 0.01960026 -0.01975775 0.00551390
v 0.02548231 -0.02052780 0.00631616
v 0.02143175 -0.02003066 0.00584260
v 0.02230916 -0.02007585 0.00604043
v 0.02274786 -0.02060428 0.00556687
v 0.02302471 -0.02033485 0.00594385
v 0.02474972 -0.02082852 0.00583013
v 0.02474972 -0.02045479 0.00623360
v 0.02061823 -0.01991767 0.00571642
v 0.03438844 -0.02381832 0.00469607
v 0.03518066 -0.02334899 0.00526777
v 0.03115139 -0.02232689 0.00567436
v 0.03357918 -0.02294398 0.00548119
v 0.03438844 -0.02341330 0.00514471
v 0.03519770 -0.02404255 0.00430506
v 0.03600696 -0.02376965 0.00460572
v 0.03759566 -0.02366883 0.00431441
v 0.03784696 -0.02383744 0.00391873
v 0.03843474 -0.02460053 0.00222231
v 0.03894159 -0.02474133 0.00166151
v 0.03890326 -0.02389480 0.00321462
v 0.03881381 -0.02303610 0.00476617
v 0.03849863 -0.02273538 0.00523039
v 0.03872437 -0.02207485 0.00549521
v 0.03889474 -0.02153773 0.00564943
v 0.03844326 -0.02182106 0.00579898
v 0.03945270 -0.02103363 0.00540174
v 0.03959326 -0.02022361 0.00553727
v 0.03920567 -0.01941358 0.00588777
v 0.03961030 -0.01941358 0.00555596
v 0.03955067 -0.01860355 0.00551546
v 0.03991696 -0.01860355 0.00511044
v 0.04034715 -0.01852881 0.00439074
v 0.04052604 -0.01875304 0.00412903
v 0.04067085 -0.01852881 0.00364456
v 0.04103289 -0.01860355 0.00276130
v 0.04056011 -0.01798995 0.00342492
v 0.04069215 -0.01775007 0.00278778
v 0.04059419 -0.01713646 0.00195125
v 0.04036845 -0.01672971 0.00195125
v 0.04094771 -0.01779526 0.00195125
v 0.04047493 -0.01655589 0.00033116
v 0.04103289 -0.01779526 0.00114277
v 0.04061548 -0.01692787 0.00107267
v 0.04070067 -0.01698871 0.00033116
v 0.04074326 -0.01698871 -0.00047110
v 0.04067085 -0.01690701 -0.00134969
v 0.04103289 -0.01779526 -0.00128114
v 0.04084974 -0.01779526 -0.00208963
v 0.04052178 -0.01804731 -0.00349320
v 0.04040252 -0.01750845 -0.00316139
v 0.04026196 -0.01700783 -0.00289345
v 0.04030030 -0.01778657 -0.00374244
v 0.03972530 -0.01643073 -0.00345114
v 0.03973807 -0.01724250 -0.00425651
v 0.03956770 -0.01670190 -0.00399013
v 0.03940159 -0.01617173 -0.00371752
v 0.03895863 -0.01626212 -0.00444656
v 0.03953789 -0.01756929 -0.00479550
v 0.03969974 -0.01810815 -0.00496374
v 0.03895863 -0.01698871 -0.00501203
v 0.03837085 -0.01704260 -0.00543263
v 0.03787678 -0.01680793 -0.00565696
v 0.03734011 -0.01644290 -0.00579404
v 0.03571733 -0.01647071 -0.00660097
v 0.03655640 -0.01566242 -0.00579871
v 0.03314047 -0.01418143 -0.00652776
v 0.03282955 -0.01373644 -0.00635017
v 0.03419677 -0.01401803 -0.00585168
v 0.03259954 -0.01399544 -0.00662745
v 0.03193084 -0.01373644 -0.00668977
v 0.03115139 -0.01375382 -0.00685956
v 0.01450192 -0.00753956 -0.00748423
v 0.03040602 -0.01375382 -0.00699353
v 0.02914954 -0.01414666 -0.00735805
v 0.01175469 -0.01457949 -0.00673027
v 0.00163468 -0.00753956 -0.00733624
v 0.00224801 -0.00776901 -0.00740635
v 0.01253414 -0.01514442 -0.00665549
v 0.01309210 -0.01569719 -0.00649037
v 0.01466803 -0.01674536 -0.00634705
v 0.01495340 -0.01695221 -0.00630811
v 0.01496618 -0.01755712 -0.00587660
v 0.01578822 -0.01782134 -0.00599811
v 0.01655489 -0.01776919 -0.00632213
v 0.01738970 -0.01802124 -0.00641871
v 0.01658044 -0.01835324 -0.00588439
v 0.01840767 -0.01907636 -0.00581429
v 0.01787100 -0.01898249 -0.00569902
v 0.01738970 -0.01889905 -0.00558685
v 0.01738970 -0.01919977 -0.00518027
v 0.01682322 -0.01908852 -0.00503228
v 0.01628229 -0.01895468 -0.00482198
v 0.01439118 -0.01828545 -0.00428299
v 0.01134580 -0.01737808 0.00142005
v 0.01244470 -0.01803514 0.00033116
v 0.01284933 -0.01824895 0.00033116
v 0.01334340 -0.01850795 0.00033116
v 0.01248729 -0.01801428 0.00114121
v 0.01296859 -0.01818289 0.00216000
v 0.01140969 -0.01734332 0.00195125
v 0.01600970 -0.01908852 -0.00428143
v 0.01575415 -0.01918065 -0.00370350
v 0.01715544 -0.01975254 -0.00390912
v 0.01663581 -0.01960131 -0.00366767
v 0.01693822 -0.01983945 -0.00336857
v 0.01679341 -0.01990550 -0.00289968
v 0.01566470 -0.01967779 0.00033116
v 0.01496618 -0.01933536 0.00033116
v 0.01443803 -0.01906940 0.00033116
v 0.01403340 -0.01886429 0.00033116
v 0.01738970 -0.02028618 -0.00208963
v 0.01653785 -0.01994375 -0.00201174
v 0.01617581 -0.01981859 -0.00168773
v 0.01574137 -0.01965520 -0.00128270
v 0.01568600 -0.01968301 -0.00047110
v 0.01606933 -0.01986726 0.00033116
v 0.01350951 -0.01832717 0.00276130
v 0.01525155 -0.01906419 0.00332833
v 0.01497470 -0.01882779 0.00358537
v 0.01707026 -0.01978730 0.00384552
v 0.01657192 -0.01925018 0.00440476
v 0.01735563 -0.01962217 0.00437049
v 0.01900822 -0.02022361 0.00437828
v 0.02041804 -0.02056778 0.00464310
v 0.01900822 -0.01993853 0.00495466
v 0.01900822 -0.01964303 0.00535968
v 0.01760693 -0.01988117 0.00409321
v 0.01984730 -0.02003761 0.00522260
v 0.02066082 -0.02034528 0.00512757
v 0.02143175 -0.02043741 0.00532541
v 0.03063602 -0.02227475 0.00562295
v 0.02223675 -0.02054171 0.00548119
v 0.02302471 -0.02087893 0.00525220
v 0.02667490 -0.02144386 0.00559958
v 0.02328879 -0.02066686 0.00563853
v 0.02313119 -0.02046348 0.00582702
v 0.02223675 -0.02081809 0.00507772
v 0.02386379 -0.02073118 0.00571486
v 0.03357918 -0.02373836 0.00452160
v 0.03438844 -0.02401648 0.00429104
v 0.03357918 -0.02333508 0.00507772
v 0.03519770 -0.02437108 0.00356979
v 0.03600696 -0.02459706 0.00299341
v 0.03600696 -0.02431372 0.00356979
v 0.03600696 -0.02398693 0.00420069
v 0.03795344 -0.02466485 0.00233135
v 0.03843474 -0.02481955 0.00181573
v 0.03909067 -0.02481955 0.00114277
v 0.03949530 -0.02457967 0.00114277
v 0.04010863 -0.02416423 0.00118483
v 0.03987437 -0.02401648 0.00195125
v 0.03970826 -0.02390871 0.00244040
v 0.03944419 -0.02377486 0.00297939
v 0.03843474 -0.02505422 0.00114277
v 0.03920141 -0.02358539 0.00351838
v 0.03924400 -0.02318038 0.00418356
v 0.03968270 -0.02307956 0.00400285
v 0.03981900 -0.02265195 0.00413215
v 0.04052604 -0.02157075 0.00404491
v 0.04026196 -0.02103363 0.00459014
v 0.04064956 -0.02103363 0.00418667
v 0.03997233 -0.02022361 0.00513069
v 0.04037696 -0.02022361 0.00469295
v 0.03997233 -0.01941358 0.00514938
v 0.04037696 -0.01941358 0.00465089
v 0.04060697 -0.01941358 0.00424743
v 0.04092641 -0.01941358 0.00356979
v 0.04126715 -0.01902769 0.00234382
v 0.04122456 -0.01857400 0.00202447
v 0.04124160 -0.01834107 0.00114277
v 0.04108400 -0.01779526 -0.00047110
v 0.04122882 -0.01847144 -0.00047110
v 0.04127141 -0.01897728 -0.00089014
v 0.04116493 -0.01866787 -0.00120949
v 0.04096048 -0.01860355 -0.00208963
v 0.04076882 -0.01860355 -0.00289968
v 0.04055159 -0.01862093 -0.00374244
v 0.04042808 -0.01836193 -0.00403375
v 0.03988289 -0.01782134 -0.00452445
v 0.04023641 -0.01862093 -0.00446681
v 0.03979771 -0.01860355 -0.00503696
v 0.03887770 -0.01891818 -0.00576288
v 0.03874141 -0.01838279 -0.00567098
v 0.03858381 -0.01779526 -0.00557439
v 0.03805141 -0.01734505 -0.00574886
v 0.03762974 -0.01855662 -0.00639067
v 0.03736140 -0.01879302 -0.00661499
v 0.03717826 -0.01825242 -0.00652308
v 0.03644992 -0.01733636 -0.00656358
v 0.03675659 -0.01703738 -0.00630188
v 0.03625399 -0.01679750 -0.00646544
v 0.03541492 -0.01593359 -0.00645921
v 0.03599418 -0.01703738 -0.00667419
v 0.03519770 -0.01698871 -0.00697172
v 0.03516788 -0.01619607 -0.00670223
v 0.03487399 -0.01570762 -0.00658384
v 0.03432029 -0.01541038 -0.00665861
v 0.03357918 -0.01476722 -0.00663680
v 0.03438844 -0.01618042 -0.00696861
v 0.03357918 -0.01537214 -0.00688916
v 0.03282955 -0.01449779 -0.00675831
v 0.03196065 -0.01456211 -0.00698263
v 0.01360322 -0.00753956 -0.00760730
v 0.03115139 -0.01456211 -0.00712750
v 0.03276566 -0.01537214 -0.00707298
v 0.03357918 -0.01618042 -0.00715087
v 0.03215232 -0.01591273 -0.00732067
v 0.03256973 -0.01645159 -0.00738609
v 0.03011639 -0.01486109 -0.00737986
v 0.03115139 -0.01618042 -0.00750449
v 0.02946472 -0.01457949 -0.00740167
v 0.02871935 -0.01456211 -0.00746554
v 0.01279821 -0.00753956 -0.00769453
v 0.01253414 -0.01456211 -0.00694991
v 0.01721507 -0.01643595 -0.00730665
v 0.01744507 -0.01691397 -0.00712439
v 0.01311340 -0.01532868 -0.00672404
v 0.00211597 -0.00753956 -0.00745775
v 0.01775600 -0.01659934 -0.00735961
v 0.01655489 -0.01703738 -0.00679569
v 0.01415692 -0.01597705 -0.00667107
v 0.01468081 -0.01651938 -0.00650283
v 0.01577118 -0.01721121 -0.00642650
v 0.01681044 -0.01748064 -0.00660097
v 0.01738970 -0.01761796 -0.00669600
v 0.01819896 -0.01784220 -0.00679102
v 0.01793063 -0.01814291 -0.00650127
v 0.02017952 -0.01902247 -0.00655580
v 0.01900822 -0.01917891 -0.00593424
v 0.02027749 -0.01979947 -0.00570836
v 0.01816489 -0.01931450 -0.00538746
v 0.01981749 -0.01972299 -0.00560399
v 0.01861211 -0.01981512 -0.00491701
v 0.01656341 -0.01922759 -0.00453847
v 0.01819896 -0.01974559 -0.00478148
v 0.01741100 -0.01960826 -0.00448862
v 0.01575415 -0.01883474 -0.00453847
v 0.01181432 -0.01756929 0.00195125
v 0.01289618 -0.01822461 0.00114121
v 0.01293025 -0.01820723 0.00161789
v 0.01328377 -0.01836541 0.00191387
v 0.01422081 -0.01883474 0.00192321
v 0.01460414 -0.01898597 0.00217558
v 0.01471488 -0.01893208 0.00276130
v 0.01415692 -0.01865222 0.00276130
v 0.01769637 -0.01985510 -0.00419887
v 0.01741100 -0.01992289 -0.00366767
v 0.01738970 -0.02013843 -0.00289968
v 0.01572007 -0.01964824 0.00114121
v 0.01612470 -0.01984293 0.00114121
v 0.01496618 -0.01927626 0.00114121
v 0.01449340 -0.01904159 0.00114121
v 0.01855674 -0.02064600 -0.00255853
v 0.01805841 -0.02053475 -0.00208963
v 0.01836082 -0.02072248 -0.00128270
v 0.01796045 -0.02056778 -0.00128270
v 0.01738970 -0.02034181 -0.00128270
v 0.01658044 -0.02001154 -0.00128270
v 0.01614600 -0.01983076 -0.00128270
v 0.01609063 -0.01985510 -0.00047110
v 0.01658044 -0.02009497 0.00033116
v 0.01658044 -0.02005152 0.00114121
v 0.01511526 -0.01912503 0.00276130
v 0.01691693 -0.01984814 0.00330497
v 0.01735563 -0.01995418 0.00357135
v 0.01819896 -0.02024099 0.00356979
v 0.01952786 -0.02059212 0.00384708
v 0.01980897 -0.02048608 0.00437516
v 0.02066082 -0.02074682 0.00437516
v 0.02143175 -0.02096236 0.00437828
v 0.02095897 -0.02064600 0.00481602
v 0.02006452 -0.02067903 0.00410099
v 0.02143175 -0.02071032 0.00491883
v 0.02371046 -0.02138824 0.00466024
v 0.03357918 -0.02392435 0.00411813
v 0.03438844 -0.02428069 0.00356979
v 0.03519770 -0.02460053 0.00291864
v 0.03600696 -0.02501945 0.00195125
v 0.03600696 -0.02477610 0.00258839
v 0.03681622 -0.02499859 0.00195125
v 0.03681622 -0.02474307 0.00249492
v 0.03741252 -0.02470830 0.00241392
v 0.03765955 -0.02486301 0.00201824
v 0.03762122 -0.02517763 0.00114277
v 0.03909067 -0.02480738 0.00033116
v 0.03949530 -0.02460053 0.00033116
v 0.04005326 -0.02429112 0.00033116
v 0.03843474 -0.02506291 0.00033116
v 0.04053030 -0.02394695 0.00094649
v 0.04042382 -0.02382179 0.00148548
v 0.03983178 -0.02320819 0.00356979
v 0.03762122 -0.02522630 0.00033116
v 0.04040252 -0.02295614 0.00301055
v 0.04023641 -0.02267107 0.00357914
v 0.04038122 -0.02211135 0.00385642
v 0.04064956 -0.02184192 0.00357914
v 0.04098178 -0.02103363 0.00356979
v 0.04070067 -0.02022361 0.00428793
v 0.04107974 -0.02022361 0.00356979
v 0.04119474 -0.01934405 0.00274417
v 0.04130123 -0.01882431 0.00180482
v 0.04124160 -0.02022361 0.00301211
v 0.04141623 -0.02022361 0.00195125
v 0.04152697 -0.02022361 0.00114277
v 0.04131400 -0.01874609 0.00114277
v 0.04123734 -0.01837236 0.00033116
v 0.04142049 -0.01941358 0.00033116
v 0.04155252 -0.02022361 0.00033116
v 0.04144604 -0.02022361 -0.00047110
v 0.04131400 -0.02022361 -0.00108175
v 0.04073900 -0.02022361 -0.00371128
v 0.04047919 -0.01889905 -0.00416304
v 0.04026196 -0.01941358 -0.00462882
v 0.03985733 -0.01941358 -0.00508058
v 0.03890326 -0.01941358 -0.00578002
v 0.03843474 -0.01941358 -0.00610248
v 0.03787252 -0.01941358 -0.00645921
v 0.03845604 -0.01863136 -0.00593268
v 0.03746789 -0.01941358 -0.00665549
v 0.03681622 -0.01941358 -0.00685489
v 0.03687159 -0.01855662 -0.00673183
v 0.03600696 -0.01779526 -0.00687358
v 0.03661177 -0.01779526 -0.00663680
v 0.03519770 -0.01779526 -0.00709323
v 0.03438844 -0.01698871 -0.00717268
v 0.03311492 -0.01664975 -0.00734559
v 0.03281251 -0.01618042 -0.00728016
v 0.03281251 -0.01694352 -0.00742815
v 0.03191380 -0.01618042 -0.00741569
v 0.03196065 -0.01698871 -0.00752474
v 0.03040602 -0.01618042 -0.00756057
v 0.02953287 -0.01537214 -0.00752318
v 0.01198469 -0.00753956 -0.00776619
v 0.01788378 -0.01674536 -0.00732222
v 0.01819896 -0.01710518 -0.00722720
v 0.00230338 -0.00753956 -0.00748735
v 0.01819896 -0.01618042 -0.00751851
v 0.01900822 -0.01618042 -0.00762288
v 0.01841193 -0.01674536 -0.00740323
v 0.01900822 -0.01727900 -0.00731444
v 0.00281875 -0.00753956 -0.00756680
v 0.00306153 -0.00753956 -0.00760263
v 0.01577118 -0.01680446 -0.00668509
v 0.01900822 -0.01779526 -0.00702469
v 0.01846730 -0.01825590 -0.00658539
v 0.01987286 -0.01926583 -0.00617102
v 0.02061823 -0.01860529 -0.00685801
v 0.02061823 -0.01908157 -0.00659318
v 0.02223675 -0.01968127 -0.00642494
v 0.02143175 -0.01958740 -0.00632213
v 0.02081415 -0.01987943 -0.00581741
v 0.01981749 -0.02001849 -0.00519897
v 0.02057563 -0.02011931 -0.00539525
v 0.01893582 -0.01962912 -0.00532047
v 0.02107397 -0.02061645 -0.00490143
v 0.02061823 -0.02055387 -0.00476590
v 0.01983452 -0.02043220 -0.00448862
v 0.01819896 -0.01994027 -0.00437490
v 0.01453600 -0.01902073 0.00163347
v 0.01617581 -0.01981859 0.00154623
v 0.01585211 -0.01961695 0.00187025
v 0.02011989 -0.02065991 -0.00419575
v 0.01958323 -0.02057126 -0.00394963
v 0.01983452 -0.02074508 -0.00369103
v 0.01930637 -0.02066512 -0.00341063
v 0.01819896 -0.02018710 -0.00370973
v 0.01876971 -0.02057126 -0.00309752
v 0.01825008 -0.02045653 -0.00285762
v 0.01902526 -0.02072944 -0.00285762
v 0.01981749 -0.02098670 -0.00289968
v 0.01981749 -0.02114836 -0.00208963
v 0.01900822 -0.02087197 -0.00208963
v 0.01900822 -0.02096063 -0.00128270
v 0.01900822 -0.02102668 -0.00047110
v 0.01829267 -0.02075204 -0.00047110
v 0.01738970 -0.02038874 -0.00047110
v 0.01658044 -0.02006021 -0.00047110
v 0.01738970 -0.02042350 0.00033116
v 0.01738970 -0.02038353 0.00114121
v 0.01655915 -0.01993505 0.00187025
v 0.01577118 -0.01942748 0.00276130
v 0.01738970 -0.02012974 0.00276130
v 0.01857378 -0.02063905 0.00240613
v 0.01640581 -0.01971603 0.00276130
v 0.01681044 -0.01989855 0.00276130
v 0.01902100 -0.02072422 0.00270990
v 0.01981749 -0.02097801 0.00276130
v 0.01928934 -0.02066860 0.00330497
v 0.02061823 -0.02101799 0.00356979
v 0.02147434 -0.02128220 0.00352462
v 0.02223675 -0.02138650 0.00380813
v 0.02223675 -0.02117269 0.00437828
v 0.02265842 -0.02143517 0.00396547
v 0.03314899 -0.02387394 0.00398883
v 0.03519770 -0.02490473 0.00195125
v 0.03519770 -0.02473785 0.00251361
v 0.02176823 -0.02145603 0.00322396
v 0.03600696 -0.02520545 0.00114277
v 0.03681622 -0.02524195 0.00114277
v 0.03681622 -0.02529410 0.00033116
v 0.03894159 -0.02472742 -0.00024522
v 0.03989141 -0.02398867 -0.00128114
v 0.03848159 -0.02485606 -0.00049758
v 0.04010863 -0.02407558 -0.00050069
v 0.04041956 -0.02383918 -0.00078888
v 0.04054308 -0.02395912 0.00033116
v 0.04050474 -0.02390871 -0.00024989
v 0.03762122 -0.02513418 -0.00047110
v 0.03762122 -0.02497600 -0.00128114
v 0.03719103 -0.02466832 -0.00327978
v 0.04079863 -0.02346197 0.00033116
v 0.04111382 -0.02265195 0.00033116
v 0.04066659 -0.02351586 0.00118483
v 0.04048771 -0.02310911 0.00247155
v 0.03681622 -0.02526107 -0.00047110
v 0.03681622 -0.02518285 -0.00128114
v 0.04059419 -0.02267107 0.00274884
v 0.04092641 -0.02184192 0.00276130
v 0.04052604 -0.02241554 0.00331587
v 0.04119474 -0.02104928 0.00281271
v 0.04130548 -0.02079028 0.00258060
v 0.04142049 -0.01941358 0.00114277
v 0.04151845 -0.02103363 0.00114277
v 0.04158234 -0.02103363 0.00033116
v 0.04146734 -0.02103363 -0.00047110
v 0.04093067 -0.02103363 -0.00289968
v 0.04072623 -0.02103363 -0.00371128
v 0.04055159 -0.02022361 -0.00428143
v 0.04050900 -0.01941358 -0.00422535
v 0.04024067 -0.02022361 -0.00468646
v 0.03984030 -0.02022361 -0.00506500
v 0.03888196 -0.02004630 -0.00576600
v 0.03850715 -0.02027749 -0.00599344
v 0.03740826 -0.02006542 -0.00662278
v 0.03687159 -0.02028966 -0.00669600
v 0.03600696 -0.02022361 -0.00688137
v 0.03600696 -0.01941358 -0.00700600
v 0.03600696 -0.01860355 -0.00698419
v 0.03438844 -0.01779526 -0.00724122
v 0.03334492 -0.01718340 -0.00738454
v 0.03359621 -0.01694352 -0.00730509
v 0.03196065 -0.01779526 -0.00752474
v 0.03115139 -0.01698871 -0.00757303
v 0.03040602 -0.01624822 -0.00756680
v 0.03034213 -0.01618042 -0.00756524
v 0.03276566 -0.01779526 -0.00747645
v 0.02871935 -0.01537214 -0.00757926
v 0.01117543 -0.00753956 -0.00782072
v 0.01981749 -0.01618042 -0.00771167
v 0.01900822 -0.01674536 -0.00747489
v 0.01815637 -0.01532868 -0.00770388
v 0.01900822 -0.01687225 -0.00744062
v 0.01950230 -0.01736591 -0.00734403
v 0.00389209 -0.00753956 -0.00769765
v 0.02143175 -0.01860529 -0.00697017
v 0.02143175 -0.01918065 -0.00665082
v 0.02313119 -0.01977514 -0.00651218
v 0.02305027 -0.01976992 -0.00650283
v 0.02223675 -0.02004630 -0.00602148
v 0.02143175 -0.01995591 -0.00591710
v 0.03519770 -0.02313518 -0.00581118
v 0.03469510 -0.02307956 -0.00575821
v 0.02137638 -0.02040786 -0.00528932
v 0.02137638 -0.02082852 -0.00458832
v 0.02061823 -0.02073465 -0.00436088
v 0.02161064 -0.02067903 -0.00499178
v 0.03220769 -0.02308999 -0.00496997
v 0.03167102 -0.02303089 -0.00487339
v 0.03438844 -0.02395912 -0.00428455
v 0.03386455 -0.02389654 -0.00417083
v 0.02386379 -0.02153773 -0.00432972
v 0.02330582 -0.02147341 -0.00419575
v 0.01627804 -0.01977340 0.00208522
v 0.02061823 -0.02097453 -0.00370973
v 0.02069489 -0.02126830 -0.00282491
v 0.02101434 -0.02144212 -0.00250556
v 0.02051601 -0.02136042 -0.00208963
v 0.02036267 -0.02140214 -0.00128270
v 0.01981749 -0.02123527 -0.00128270
v 0.01900822 -0.02102668 0.00033116
v 0.01826711 -0.02075377 0.00033116
v 0.01786248 -0.02060255 0.00033116
v 0.01981749 -0.02129437 -0.00047110
v 0.01738970 -0.02026359 0.00195125
v 0.01832674 -0.02072944 0.00114121
v 0.01847156 -0.02067903 0.00195125
v 0.01900822 -0.02087545 0.00195125
v 0.01981749 -0.02115010 0.00195125
v 0.02061823 -0.02122832 0.00276130
v 0.03397103 -0.02468049 0.00156025
v 0.03519770 -0.02503336 0.00114277
v 0.02119323 -0.02139345 0.00276130
v 0.02103989 -0.02143343 0.00232512
v 0.02159786 -0.02149427 0.00276130
v 0.03600696 -0.02524195 0.00033116
v 0.03600696 -0.02523326 -0.00047110
v 0.03600696 -0.02521240 -0.00128114
v 0.03878400 -0.02465094 -0.00078421
v 0.03974233 -0.02391044 -0.00184195
v 0.03822178 -0.02476393 -0.00128114
v 0.04030030 -0.02377486 -0.00128114
v 0.04058567 -0.02322209 -0.00208963
v 0.04067511 -0.02336811 -0.00128114
v 0.03681622 -0.02503857 -0.00208963
v 0.03687585 -0.02481781 -0.00296355
v 0.03665011 -0.02472742 -0.00345269
v 0.03687585 -0.02458141 -0.00371907
v 0.03762122 -0.02429808 -0.00371128
v 0.03958048 -0.02383222 -0.00238094
v 0.03762974 -0.02456055 -0.00296355
v 0.03807696 -0.02469614 -0.00176406
v 0.04100734 -0.02265195 -0.00128114
v 0.04108826 -0.02265195 -0.00047110
v 0.04126715 -0.02223998 0.00033116
v 0.04136512 -0.02169243 0.00114277
v 0.04100734 -0.02265195 0.00114277
v 0.03600696 -0.02509246 -0.00208963
v 0.04130123 -0.02151861 0.00169111
v 0.04124160 -0.02132740 0.00223166
v 0.04140345 -0.02183497 0.00033116
v 0.04136085 -0.02176370 -0.00047110
v 0.04129697 -0.02160552 -0.00101165
v 0.04101160 -0.02184192 -0.00208963
v 0.04080289 -0.02184192 -0.00289968
v 0.04048345 -0.02148036 -0.00415214
v 0.04053456 -0.02103363 -0.00423782
v 0.04016826 -0.02103363 -0.00464128
v 0.03976363 -0.02103363 -0.00500736
v 0.03883085 -0.02058169 -0.00572861
v 0.03834104 -0.02103363 -0.00592022
v 0.03765529 -0.02028966 -0.00645298
v 0.03874567 -0.02103363 -0.00567876
v 0.03717826 -0.02060255 -0.00653399
v 0.03762122 -0.02103363 -0.00624112
v 0.03664159 -0.02077985 -0.00659162
v 0.03597288 -0.02104406 -0.00663992
v 0.03519770 -0.02103363 -0.00679102
v 0.03519770 -0.02022361 -0.00702780
v 0.03519770 -0.01941358 -0.00713373
v 0.03519770 -0.01860355 -0.00713062
v 0.03385603 -0.01779526 -0.00733313
v 0.03345140 -0.01779526 -0.00739856
v 0.03276566 -0.01860355 -0.00744217
v 0.03196065 -0.01860355 -0.00747021
v 0.03040602 -0.01779179 -0.00757770
v 0.03040602 -0.01705650 -0.00760263
v 0.03034213 -0.01698524 -0.00760574
v 0.02871935 -0.01618042 -0.00764469
v 0.02474972 -0.01456211 -0.00773192
v 0.02548231 -0.01456211 -0.00769142
v 0.03344714 -0.01860355 -0.00738921
v 0.03333640 -0.01926930 -0.00737052
v 0.00794265 -0.00753956 -0.00798428
v 0.01979193 -0.01705477 -0.00747177
v 0.01738970 -0.01456211 -0.00776775
v 0.01900822 -0.01537214 -0.00777710
v 0.02061823 -0.01618042 -0.00776775
v 0.02143175 -0.01698697 -0.00763067
v 0.02061823 -0.01698697 -0.00756991
v 0.00945469 -0.00986187 -0.00784252
v 0.00686080 -0.00807668 -0.00791418
v 0.02270527 -0.01818289 -0.00734715
v 0.02223675 -0.01860529 -0.00707610
v 0.00551061 -0.00753956 -0.00787368
v 0.02223675 -0.01927973 -0.00670223
v 0.02348471 -0.01980990 -0.00654022
v 0.03519770 -0.02265195 -0.00611027
v 0.03600696 -0.02317342 -0.00583143
v 0.03616881 -0.02391218 -0.00497932
v 0.03519770 -0.02348979 -0.00532982
v 0.02754805 -0.02062167 -0.00653866
v 0.02808472 -0.02067381 -0.00657293
v 0.02313119 -0.02145429 -0.00413967
v 0.02276490 -0.02140736 -0.00402596
v 0.02143175 -0.02118660 -0.00370973
v 0.03519770 -0.02381658 -0.00484379
v 0.03519770 -0.02405646 -0.00443877
v 0.03596010 -0.02457272 -0.00371907
v 0.02186193 -0.02143169 -0.00327978
v 0.02143175 -0.02137781 -0.00309129
v 0.02223675 -0.02188016 -0.00128270
v 0.02092064 -0.02146298 -0.00208963
v 0.02313119 -0.02184714 -0.00289968
v 0.03519770 -0.02493080 -0.00208963
v 0.03394121 -0.02468918 -0.00172667
v 0.03519770 -0.02505422 -0.00128114
v 0.02313119 -0.02210266 -0.00128270
v 0.02143175 -0.02167505 -0.00128270
v 0.02026471 -0.02142474 -0.00047110
v 0.01981749 -0.02128742 0.00033116
v 0.01981749 -0.02124222 0.00114121
v 0.01900822 -0.02097453 0.00114121
v 0.02037119 -0.02140040 0.00114121
v 0.02061823 -0.02137085 0.00201668
v 0.02089082 -0.02147167 0.00178925
v 0.03519770 -0.02505943 0.00033116
v 0.02028600 -0.02141953 0.00033116
v 0.03519770 -0.02505943 -0.00047110
v 0.03838363 -0.02447538 -0.00205536
v 0.04002771 -0.02365492 -0.00210210
v 0.04049622 -0.02310216 -0.00255541
v 0.04082845 -0.02265195 -0.00208963
v 0.03620288 -0.02472742 -0.00345269
v 0.03594307 -0.02412425 -0.00459455
v 0.03654788 -0.02391218 -0.00497932
v 0.03762122 -0.02400083 -0.00428455
v 0.03681622 -0.02412773 -0.00456651
v 0.03804289 -0.02387394 -0.00412877
v 0.03822603 -0.02397302 -0.00371128
v 0.03882233 -0.02385482 -0.00328134
v 0.03927807 -0.02373488 -0.00296511
v 0.04004048 -0.02328467 -0.00285450
v 0.04119048 -0.02186104 -0.00128270
v 0.04125437 -0.02217045 -0.00047110
v 0.03596010 -0.02483172 -0.00295576
v 0.04056011 -0.02178804 -0.00365832
v 0.04057289 -0.02259980 -0.00285450
v 0.04048771 -0.02229908 -0.00335455
v 0.04030456 -0.02202096 -0.00389510
v 0.03976363 -0.02241554 -0.00427676
v 0.03956344 -0.02205225 -0.00481731
v 0.03968270 -0.02151339 -0.00494972
v 0.03924400 -0.02103363 -0.00535630
v 0.03926956 -0.02180542 -0.00514600
v 0.03844326 -0.02189755 -0.00560711
v 0.03818344 -0.02166288 -0.00581429
v 0.03797900 -0.02220174 -0.00571771
v 0.03767233 -0.02189755 -0.00592178
v 0.03683326 -0.02268150 -0.00589374
v 0.03681622 -0.02184192 -0.00619439
v 0.03597288 -0.02179151 -0.00640781
v 0.03621992 -0.02132218 -0.00650750
v 0.03567899 -0.02148732 -0.00656047
v 0.03519770 -0.02157249 -0.00660253
v 0.03438844 -0.02103363 -0.00687047
v 0.03438844 -0.02022361 -0.00714464
v 0.03438844 -0.01941358 -0.00725368
v 0.03384751 -0.01860355 -0.00733780
v 0.03438844 -0.01860355 -0.00725680
v 0.03276566 -0.01936143 -0.00738609
v 0.03115139 -0.01860355 -0.00749514
v 0.02953287 -0.01779179 -0.00760263
v 0.02791009 -0.01698524 -0.00767740
v 0.02953287 -0.01698524 -0.00763067
v 0.02791009 -0.01618042 -0.00767740
v 0.02548231 -0.01537214 -0.00774438
v 0.02386379 -0.01456211 -0.00777398
v 0.03359195 -0.01948832 -0.00733936
v 0.03276566 -0.01976818 -0.00734871
v 0.02062249 -0.01375034 -0.00784720
v 0.00713339 -0.00753956 -0.00799674
v 0.02313119 -0.01456211 -0.00780514
v 0.02305027 -0.01456211 -0.00780825
v 0.01896563 -0.01532868 -0.00778021
v 0.00632413 -0.00753956 -0.00795313
v 0.02223675 -0.01698697 -0.00767428
v 0.01977489 -0.01532868 -0.00782383
v 0.02142749 -0.01618042 -0.00778800
v 0.02305027 -0.01698697 -0.00769921
v 0.02386379 -0.01779179 -0.00754499
v 0.02609138 -0.01897032 -0.00734248
v 0.02313119 -0.01785610 -0.00748268
v 0.02386379 -0.01830457 -0.00739700
v 0.02313119 -0.01822809 -0.00736896
v 0.02548231 -0.01889732 -0.00731599
v 0.02467305 -0.01879997 -0.00726926
v 0.02548231 -0.01941184 -0.00703248
v 0.02305027 -0.01936491 -0.00675675
v 0.02313119 -0.01944661 -0.00671936
v 0.02474972 -0.01947268 -0.00690474
v 0.02633416 -0.02009324 -0.00671625
v 0.03519770 -0.02197577 -0.00643740
v 0.03600696 -0.02265195 -0.00609469
v 0.03357918 -0.02193057 -0.00637977
v 0.03438844 -0.02200010 -0.00641871
v 0.03438844 -0.02159335 -0.00662278
v 0.03657344 -0.02312475 -0.00578625
v 0.03562788 -0.02386003 -0.00491545
v 0.02386379 -0.02177587 -0.00371128
v 0.02303749 -0.02157075 -0.00373777
v 0.02217712 -0.02136042 -0.00373777
v 0.02239860 -0.02149775 -0.00348696
v 0.03519770 -0.02474481 -0.00269250
v 0.03474621 -0.02468918 -0.00253204
v 0.02313119 -0.02213569 -0.00047265
v 0.02313119 -0.02213569 -0.00047110
v 0.04030456 -0.02283968 -0.00309440
v 0.03975937 -0.02315257 -0.00346827
v 0.03955493 -0.02295614 -0.00400882
v 0.03682900 -0.02347067 -0.00533605
v 0.03708455 -0.02381658 -0.00486560
v 0.03762122 -0.02371055 -0.00468957
v 0.03824307 -0.02317169 -0.00504007
v 0.03878400 -0.02301698 -0.00487495
v 0.03901400 -0.02317516 -0.00433596
v 0.03863066 -0.02374531 -0.00371128
v 0.03926530 -0.02334377 -0.00372530
v 0.03929085 -0.02271800 -0.00457741
v 0.03902678 -0.02247812 -0.00506967
v 0.03848159 -0.02270931 -0.00523324
v 0.03767233 -0.02268150 -0.00560555
v 0.03711437 -0.02296657 -0.00569123
v 0.03357918 -0.02103363 -0.00683620
v 0.03276566 -0.02022361 -0.00715554
v 0.03357918 -0.02022361 -0.00718670
v 0.02871935 -0.01779179 -0.00762288
v 0.02710083 -0.01698524 -0.00769765
v 0.02633416 -0.01618042 -0.00772258
v 0.02710083 -0.01618042 -0.00770077
v 0.02474972 -0.01537214 -0.00776619
v 0.02313119 -0.01464207 -0.00780670
v 0.03196065 -0.01971603 -0.00733624
v 0.02663231 -0.01901204 -0.00735650
v 0.02633416 -0.01866439 -0.00742815
v 0.02791009 -0.01860355 -0.00748423
v 0.02548231 -0.01779179 -0.00760263
v 0.02633416 -0.01779179 -0.00761976
v 0.02710083 -0.01779179 -0.00762599
v 0.02791009 -0.01779179 -0.00762599
v 0.02224101 -0.01456211 -0.00782850
v 0.02110804 -0.01423532 -0.00784252
v 0.00767006 -0.00807668 -0.00797026
v 0.01982600 -0.01375034 -0.00785654
v 0.01949378 -0.01423532 -0.00785499
v 0.01997082 -0.01470986 -0.00784720
v 0.02061823 -0.01532868 -0.00783629
v 0.02057563 -0.01532868 -0.00783629
v 0.01901248 -0.01456211 -0.00785187
v 0.01835656 -0.01471160 -0.00781760
v 0.02467305 -0.01779179 -0.00757926
v 0.02061823 -0.01537214 -0.00783474
v 0.02224101 -0.01618042 -0.00779268
v 0.02548231 -0.01698524 -0.00771634
v 0.02386379 -0.01698524 -0.00770700
v 0.02281175 -0.01674536 -0.00772881
v 0.02633416 -0.01898944 -0.00735026
v 0.03762122 -0.02330727 -0.00518027
v 0.03196065 -0.02022361 -0.00711504
v 0.03115139 -0.01967258 -0.00731599
v 0.02629157 -0.01698524 -0.00771323
v 0.02386379 -0.01617695 -0.00777398
v 0.02386379 -0.01537214 -0.00778644
v 0.02239434 -0.01470986 -0.00782383
v 0.02142749 -0.01532868 -0.00782850
v 0.02143175 -0.01470986 -0.00783629
v 0.02143175 -0.01456211 -0.00783785
v 0.02062249 -0.01456211 -0.00784408
v 0.02313119 -0.01617695 -0.00778644
v 0.02313119 -0.01537214 -0.00780046
v 0.02223675 -0.01532868 -0.00781604
f 1 2 6
f 1 6 32
f 1 32 91
f 1 91 177
f 1 177 282
f 1 282 396
f 1 396 521
f 1 521 520
f 1 520 519
f 1 519 654
f 1 654 665
f 1 665 664
f 1 664 663
f 1 663 662
f 1 662 661
f 1 661 660
f 1 660 659
f 1 659 658
f 1 658 799
f 1 799 929
f 1 929 1060
f 1 1060 1070
f 1 1070 1190
f 1 1190 1305
f 1 1305 1410
f 1 1410 1508
f 1 1508 1512
f 1 1512 1421
f 1 1421 1311
f 1 1311 1199
f 1 1199 1198
f 1 1198 1193
f 1 1193 1075
f 1 1075 933
f 1 933 805
f 1 805 804
f 1 804 800
f 1 800 667
f 1 667 666
f 1 666 524
f 1 524 398
f 1 398 285
f 1 285 178
f 1 178 93
f 1 93 35
f 1 35 8
f 1 8 3
f 1 3 4
f 1 4 5
f 1 5 2
f 2 5 7
f 2 7 6
f 3 8 9
f 3 9 10
f 3 10 11
f 3 11 12
f 3 12 13
f 3 13 14
f 3 14 15
f 3 15 16
f 3 16 17
f 3 17 18
f 3 18 19
f 3 19 20
f 3 20 21
f 3 21 22
f 3 22 23
f 3 23 24
f 3 24 25
f 3 25 26
f 3 26 27
f 3 27 4
f 4 28 29
f 4 29 5
f 4 27 26
f 4 26 25
f 4 25 28
f 5 29 30
f 5 30 31
f 5 31 7
f 6 7 33
f 6 33 32
f 7 31 34
f 7 34 33
f 8 35 36
f 8 36 37
f 8 37 38
f 8 38 39
f 8 39 40
f 8 40 41
f 8 41 42
f 8 42 43
f 8 43 44
f 8 44 45
f 8 45 46
f 8 46 47
f 8 47 48
f 8 48 49
f 8 49 50
f 8 50 51
f 8 51 52
f 8 52 9
f 9 52 53
f 9 53 54
f 9 54 55
f 9 55 56
f 9 56 10
f 10 56 11
f 11 56 57
f 11 57 58
f 11 58 59
f 11 59 60
f 11 60 12
f 12 60 61
f 12 61 62
f 12 62 13
f 13 62 63
f 13 63 64
f 13 64 14
f 14 64 65
f 14 65 66
f 14 66 67
f 14 67 68
f 14 68 15
f 15 68 69
f 15 69 70
f 15 70 16
f 16 70 17
f 17 70 18
f 18 70 19
f 19 70 71
f 19 71 72
f 19 72 73
f 19 73 74
f 19 74 20
f 20 74 75
f 20 75 21
f 21 75 22
f 22 75 76
f 22 76 23
f 23 76 77
f 23 77 78
f 23 78 24
f 24 78 25
f 25 78 28
f 28 78 29
f 29 79 80
f 29 80 81
f 29 81 82
f 29 82 83
f 29 83 84
f 29 84 30
f 29 78 85
f 29 85 79
f 30 84 86
f 30 86 87
f 30 87 31
f 31 87 88
f 31 88 89
f 31 89 90
f 31 90 34
f 32 33 92
f 32 92 91
f 33 34 92
f 34 90 92
f 35 93 94
f 35 94 95
f 35 95 96
f 35 96 97
f 35 97 98
f 35 98 36
f 36 98 99
f 36 99 100
f 36 100 101
f 36 101 102
f 36 102 37
f 37 102 103
f 37 103 38
f 38 103 104
f 38 104 39
f 39 104 105
f 39 105 40
f 40 105 41
f 41 105 42
f 42 105 106
f 42 106 43
f 43 106 107
f 43 107 108
f 43 108 109
f 43 109 110
f 43 110 44
f 44 110 111
f 44 111 45
f 45 111 46
f 46 111 47
f 47 111 112
f 47 112 113
f 47 113 48
f 48 114 49
f 48 113 115
f 48 115 116
f 48 116 114
f 49 114 117
f 49 117 50
f 50 117 118
f 50 118 119
f 50 119 51
f 51 119 120
f 51 120 52
f 52 120 53
f 53 120 121
f 53 121 122
f 53 122 123
f 53 123 124
f 53 124 125
f 53 125 126
f 53 126 127
f 53 127 128
f 53 128 129
f 53 129 130
f 53 130 54
f 54 131 55
f 54 130 131
f 55 131 56
f 56 131 132
f 56 132 57
f 57 132 58
f 58 133 134
f 58 134 135
f 58 135 59
f 58 132 131
f 58 131 133
f 59 135 136
f 59 136 137
f 59 137 138
f 59 138 63
f 59 63 60
f 60 63 61
f 61 63 62
f 63 138 139
f 63 139 140
f 63 140 141
f 63 141 64
f 64 141 65
f 65 141 140
f 65 140 66
f 66 140 142
f 66 142 143
f 66 143 68
f 66 68 67
f 68 143 144
f 68 144 145
f 68 145 69
f 69 145 70
f 70 145 71
f 71 145 146
f 71 146 147
f 71 147 148
f 71 148 149
f 71 149 150
f 71 150 72
f 72 150 151
f 72 151 152
f 72 152 153
f 72 153 154
f 72 154 155
f 72 155 73
f 73 155 74
f 74 155 156
f 74 156 76
f 74 76 75
f 76 156 157
f 76 157 158
f 76 158 159
f 76 159 160
f 76 160 78
f 76 78 77
f 78 160 161
f 78 161 85
f 79 85 161
f 79 161 80
f 80 162 81
f 80 161 163
f 80 163 162
f 81 162 164
f 81 164 165
f 81 165 166
f 81 166 82
f 82 166 167
f 82 167 168
f 82 168 83
f 83 168 169
f 83 169 84
f 84 169 86
f 86 169 88
f 86 88 87
f 88 169 170
f 88 170 171
f 88 171 89
f 89 172 90
f 89 171 173
f 89 173 172
f 90 172 174
f 90 174 175
f 90 175 176
f 90 176 92
f 91 92 177
f 92 176 174
f 92 174 177
f 93 178 94
f 94 179 95
f 94 178 180
f 94 180 181
f 94 181 182
f 94 182 183
f 94 183 184
f 94 184 179
f 95 185 96
f 95 179 185
f 96 185 186
f 96 186 97
f 97 186 187
f 97 187 98
f 98 187 188
f 98 188 99
f 99 188 189
f 99 189 100
f 100 189 101
f 101 189 102
f 102 189 190
f 102 190 191
f 102 191 103
f 103 191 104
f 104 191 192
f 104 192 105
f 105 192 193
f 105 193 106
f 106 193 194
f 106 194 107
f 107 194 195
f 107 195 196
f 107 196 108
f 108 196 109
f 109 197 198
f 109 198 110
f 109 196 197
f 110 199 111
f 110 198 200
f 110 200 201
f 110 201 202
f 110 202 199
f 111 199 203
f 111 203 112
f 112 203 113
f 113 203 115
f 114 116 117
f 115 204 205
f 115 205 206
f 115 206 116
f 115 203 199
f 115 199 204
f 116 206 207
f 116 207 208
f 116 208 209
f 116 209 210
f 116 210 211
f 116 211 212
f 116 212 118
f 116 118 117
f 118 212 211
f 118 211 213
f 118 213 119
f 119 213 214
f 119 214 215
f 119 215 120
f 120 215 216
f 120 216 124
f 120 124 217
f 120 217 121
f 121 217 122
f 122 217 123
f 123 217 124
f 124 215 218
f 124 218 219
f 124 219 125
f 124 216 215
f 125 219 218
f 125 218 220
f 125 220 221
f 125 221 222
f 125 222 223
f 125 223 126
f 126 223 224
f 126 224 127
f 127 224 225
f 127 225 128
f 128 225 129
f 129 225 226
f 129 226 130
f 130 226 227
f 130 227 228
f 130 228 131
f 131 228 133
f 133 228 134
f 134 228 227
f 134 227 229
f 134 229 230
f 134 230 231
f 134 231 232
f 134 232 135
f 135 232 136
f 136 233 137
f 136 232 234
f 136 234 233
f 137 233 138
f 138 233 235
f 138 235 139
f 139 235 140
f 140 235 236
f 140 236 237
f 140 237 142
f 142 237 238
f 142 238 239
f 142 239 240
f 142 240 241
f 142 241 143
f 143 242 243
f 143 243 144
f 143 241 244
f 143 244 242
f 144 146 145
f 144 243 146
f 146 243 245
f 146 245 147
f 147 245 246
f 147 246 247
f 147 247 148
f 148 248 152
f 148 152 249
f 148 249 149
f 148 247 250
f 148 250 251
f 148 251 248
f 149 151 150
f 149 249 152
f 149 152 151
f 152 248 153
f 153 155 154
f 153 248 252
f 153 252 253
f 153 253 155
f 155 157 156
f 155 253 157
f 157 253 254
f 157 254 158
f 158 254 255
f 158 255 159
f 159 255 256
f 159 256 160
f 160 163 161
f 160 256 257
f 160 257 258
f 160 258 162
f 160 162 163
f 162 258 259
f 162 259 260
f 162 260 164
f 164 260 261
f 164 261 262
f 164 262 263
f 164 263 264
f 164 264 265
f 164 265 266
f 164 266 267
f 164 267 165
f 165 267 166
f 166 267 268
f 166 268 167
f 167 269 270
f 167 270 271
f 167 271 168
f 167 268 272
f 167 272 269
f 168 170 169
f 168 271 270
f 168 270 273
f 168 273 170
f 170 273 274
f 170 274 171
f 171 274 275
f 171 275 173
f 172 173 276
f 172 276 277
f 172 277 174
f 173 275 278
f 173 278 276
f 174 176 175
f 174 277 279
f 174 279 280
f 174 280 281
f 174 281 177
f 177 281 282
f 178 283 284
f 178 284 181
f 178 181 180
f 178 285 286
f 178 286 283
f 179 287 187
f 179 187 186
f 179 186 185
f 179 184 287
f 181 284 182
f 182 288 183
f 182 284 289
f 182 289 290
f 182 290 288
f 183 291 292
f 183 292 287
f 183 287 184
f 183 288 291
f 187 287 293
f 187 293 294
f 187 294 295
f 187 295 188
f 188 295 296
f 188 296 297
f 188 297 298
f 188 298 189
f 189 298 190
f 190 298 191
f 191 298 299
f 191 299 300
f 191 300 301
f 191 301 192
f 192 301 302
f 192 302 194
f 192 194 193
f 194 302 303
f 194 303 301
f 194 301 304
f 194 304 305
f 194 305 306
f 194 306 307
f 194 307 195
f 195 197 196
f 195 307 308
f 195 308 309
f 195 309 310
f 195 310 197
f 197 310 200
f 197 200 198
f 199 202 204
f 200 310 311
f 200 311 312
f 200 312 201
f 201 312 202
f 202 312 205
f 202 205 204
f 205 313 314
f 205 314 315
f 205 315 206
f 205 312 316
f 205 316 313
f 206 315 317
f 206 317 207
f 207 317 318
f 207 318 208
f 208 318 209
f 209 319 320
f 209 320 210
f 209 318 321
f 209 321 319
f 210 320 322
f 210 322 211
f 211 322 323
f 211 323 324
f 211 324 213
f 213 324 323
f 213 323 214
f 214 323 325
f 214 325 218
f 214 218 215
f 218 325 326
f 218 326 327
f 218 327 220
f 220 327 221
f 221 328 329
f 221 329 222
f 221 327 326
f 221 326 330
f 221 330 328
f 222 329 331
f 222 331 223
f 223 331 332
f 223 332 224
f 224 332 333
f 224 333 334
f 224 334 225
f 225 334 335
f 225 335 336
f 225 336 337
f 225 337 226
f 226 337 227
f 227 337 229
f 229 338 230
f 229 337 338
f 230 339 340
f 230 340 341
f 230 341 231
f 230 338 342
f 230 342 333
f 230 333 332
f 230 332 343
f 230 343 339
f 231 344 345
f 231 345 346
f 231 346 232
f 231 341 347
f 231 347 344
f 232 346 348
f 232 348 349
f 232 349 234
f 233 234 350
f 233 350 351
f 233 351 236
f 233 236 235
f 234 349 351
f 234 351 350
f 236 351 352
f 236 352 238
f 236 238 237
f 238 352 353
f 238 353 239
f 239 353 240
f 240 353 354
f 240 354 355
f 240 355 356
f 240 356 241
f 241 356 357
f 241 357 244
f 242 245 243
f 242 244 245
f 244 357 245
f 245 357 246
f 246 357 358
f 246 358 359
f 246 359 247
f 247 359 358
f 247 358 250
f 248 251 252
f 250 360 361
f 250 361 362
f 250 362 251
f 250 358 363
f 250 363 360
f 251 362 364
f 251 364 365
f 251 365 252
f 252 366 367
f 252 367 253
f 252 365 368
f 252 368 369
f 252 369 370
f 252 370 366
f 253 367 255
f 253 255 254
f 255 371 258
f 255 258 257
f 255 257 256
f 255 367 370
f 255 370 372
f 255 372 261
f 255 261 260
f 255 260 371
f 258 371 259
f 259 371 260
f 261 372 370
f 261 370 373
f 261 373 374
f 261 374 262
f 262 374 263
f 263 374 375
f 263 375 264
f 264 376 265
f 264 375 377
f 264 377 378
f 264 378 376
f 265 376 266
f 266 376 379
f 266 379 380
f 266 380 381
f 266 381 267
f 267 381 268
f 268 381 380
f 268 380 382
f 268 382 272
f 269 383 274
f 269 274 270
f 269 272 383
f 270 274 273
f 272 382 384
f 272 384 385
f 272 385 383
f 274 383 275
f 275 383 278
f 276 278 386
f 276 386 387
f 276 387 388
f 276 388 277
f 277 388 279
f 278 383 385
f 278 385 389
f 278 389 386
f 279 388 390
f 279 390 280
f 280 391 392
f 280 392 281
f 280 390 393
f 280 393 391
f 281 392 391
f 281 391 394
f 281 394 395
f 281 395 396
f 281 396 282
f 283 286 284
f 284 286 397
f 284 397 289
f 285 398 399
f 285 399 400
f 285 400 401
f 285 401 286
f 286 402 403
f 286 403 404
f 286 404 405
f 286 405 397
f 286 401 406
f 286 406 402
f 287 292 293
f 288 407 408
f 288 408 291
f 288 290 409
f 288 409 410
f 288 410 411
f 288 411 412
f 288 412 413
f 288 413 407
f 289 397 405
f 289 405 290
f 290 405 404
f 290 404 414
f 290 414 415
f 290 415 416
f 290 416 417
f 290 417 418
f 290 418 419
f 290 419 420
f 290 420 410
f 290 410 409
f 291 421 292
f 291 408 421
f 292 422 295
f 292 295 294
f 292 294 293
f 292 421 423
f 292 423 424
f 292 424 425
f 292 425 422
f 295 422 426
f 295 426 427
f 295 427 296
f 296 427 297
f 297 427 300
f 297 300 299
f 297 299 298
f 300 427 428
f 300 428 429
f 300 429 301
f 301 430 304
f 301 303 302
f 301 429 431
f 301 431 432
f 301 432 433
f 301 433 305
f 301 305 430
f 304 430 305
f 305 433 431
f 305 431 434
f 305 434 435
f 305 435 436
f 305 436 437
f 305 437 438
f 305 438 439
f 305 439 306
f 306 439 307
f 307 439 440
f 307 440 441
f 307 441 442
f 307 442 308
f 308 442 443
f 308 443 309
f 309 443 444
f 309 444 445
f 309 445 310
f 310 445 446
f 310 446 311
f 311 446 312
f 312 446 316
f 313 447 314
f 313 316 447
f 314 447 448
f 314 448 449
f 314 449 450
f 314 450 315
f 315 450 317
f 316 446 451
f 316 451 447
f 317 450 452
f 317 452 318
f 318 452 453
f 318 453 321
f 319 454 455
f 319 455 320
f 319 321 456
f 319 456 457
f 319 457 454
f 320 455 322
f 321 458 456
f 321 453 458
f 322 455 323
f 323 455 325
f 325 455 326
f 326 455 459
f 326 459 330
f 328 330 460
f 328 460 461
f 328 461 462
f 328 462 329
f 329 462 463
f 329 463 331
f 330 459 464
f 330 464 460
f 331 463 465
f 331 465 332
f 332 465 343
f 333 342 334
f 334 342 335
f 335 342 336
f 336 342 337
f 337 342 338
f 339 343 466
f 339 466 467
f 339 467 340
f 340 467 468
f 340 468 469
f 340 469 347
f 340 347 341
f 343 465 466
f 344 470 471
f 344 471 472
f 344 472 345
f 344 347 473
f 344 473 474
f 344 474 470
f 345 472 346
f 346 472 475
f 346 475 476
f 346 476 477
f 346 477 348
f 347 469 478
f 347 478 479
f 347 479 473
f 348 352 349
f 348 477 480
f 348 480 352
f 349 352 351
f 352 480 481
f 352 481 482
f 352 482 353
f 353 482 354
f 354 360 355
f 354 482 361
f 354 361 360
f 355 360 358
f 355 358 356
f 356 358 357
f 358 360 363
f 361 482 483
f 361 483 362
f 362 483 484
f 362 484 485
f 362 485 486
f 362 486 487
f 362 487 364
f 364 487 365
f 365 487 368
f 366 370 367
f 368 488 374
f 368 374 489
f 368 489 370
f 368 370 369
f 368 487 486
f 368 486 490
f 368 490 488
f 370 489 373
f 373 489 374
f 374 488 490
f 374 490 375
f 375 491 377
f 375 490 492
f 375 492 491
f 376 378 493
f 376 493 379
f 377 492 494
f 377 494 495
f 377 495 378
f 377 491 492
f 378 496 497
f 378 497 382
f 378 382 493
f 378 495 498
f 378 498 496
f 379 382 380
f 379 493 382
f 382 497 499
f 382 499 384
f 384 499 385
f 385 499 500
f 385 500 501
f 385 501 502
f 385 502 503
f 385 503 389
f 386 389 503
f 386 503 504
f 386 504 387
f 387 504 505
f 387 505 506
f 387 506 507
f 387 507 508
f 387 508 509
f 387 509 510
f 387 510 511
f 387 511 512
f 387 512 513
f 387 513 388
f 388 513 514
f 388 514 390
f 390 514 515
f 390 515 516
f 390 516 393
f 391 393 517
f 391 517 394
f 393 516 517
f 394 517 395
f 395 518 519
f 395 519 520
f 395 520 521
f 395 521 396
f 395 517 522
f 395 522 523
f 395 523 518
f 398 524 525
f 398 525 406
f 398 406 399
f 399 406 400
f 400 406 401
f 402 406 526
f 402 526 403
f 403 527 528
f 403 528 404
f 403 526 529
f 403 529 530
f 403 530 531
f 403 531 532
f 403 532 527
f 404 528 414
f 406 525 526
f 407 533 534
f 407 534 535
f 407 535 408
f 407 413 536
f 407 536 533
f 408 535 421
f 410 420 412
f 410 412 411
f 412 537 538
f 412 538 539
f 412 539 540
f 412 540 536
f 412 536 413
f 412 420 419
f 412 419 541
f 412 541 542
f 412 542 543
f 412 543 544
f 412 544 545
f 412 545 546
f 412 546 537
f 414 528 415
f 415 528 416
f 416 532 547
f 416 547 418
f 416 418 417
f 416 528 527
f 416 527 532
f 418 547 542
f 418 542 541
f 418 541 419
f 421 535 534
f 421 534 423
f 422 425 426
f 423 534 424
f 424 534 548
f 424 548 549
f 424 549 550
f 424 550 551
f 424 551 552
f 424 552 553
f 424 553 425
f 425 553 554
f 425 554 426
f 426 554 555
f 426 555 428
f 426 428 427
f 428 555 429
f 429 555 556
f 429 556 551
f 429 551 557
f 429 557 558
f 429 558 559
f 429 559 560
f 429 560 431
f 431 560 434
f 431 433 432
f 434 561 562
f 434 562 563
f 434 563 435
f 434 560 561
f 435 563 562
f 435 562 436
f 436 564 565
f 436 565 566
f 436 566 567
f 436 567 568
f 436 568 569
f 436 569 570
f 436 570 437
f 436 562 571
f 436 571 572
f 436 572 564
f 437 570 438
f 438 570 573
f 438 573 439
f 439 573 574
f 439 574 440
f 440 574 575
f 440 575 576
f 440 576 441
f 441 576 577
f 441 577 442
f 442 577 444
f 442 444 443
f 444 577 578
f 444 578 445
f 445 578 579
f 445 579 446
f 446 579 451
f 447 451 580
f 447 580 448
f 448 580 581
f 448 581 582
f 448 582 449
f 449 582 583
f 449 583 450
f 450 583 584
f 450 584 452
f 451 585 580
f 451 579 578
f 451 578 585
f 452 584 453
f 453 584 458
f 454 457 455
f 455 457 586
f 455 586 459
f 456 459 586
f 456 586 457
f 456 458 587
f 456 587 588
f 456 588 589
f 456 589 590
f 456 590 591
f 456 591 592
f 456 592 593
f 456 593 594
f 456 594 595
f 456 595 464
f 456 464 459
f 458 596 597
f 458 597 598
f 458 598 588
f 458 588 587
f 458 584 599
f 458 599 596
f 460 464 600
f 460 600 461
f 461 600 594
f 461 594 601
f 461 601 462
f 462 601 463
f 463 602 465
f 463 601 603
f 463 603 604
f 463 604 602
f 464 595 600
f 465 602 605
f 465 605 467
f 465 467 466
f 467 604 468
f 467 605 604
f 468 604 478
f 468 478 469
f 470 606 471
f 470 474 607
f 470 607 608
f 470 608 735
f 470 735 609
f 470 609 610
f 470 610 611
f 470 611 612
f 470 612 613
f 470 613 614
f 470 614 606
f 471 606 472
f 472 606 614
f 472 614 615
f 472 615 475
f 473 479 474
f 474 479 478
f 474 478 607
f 475 615 476
f 476 615 616
f 476 616 477
f 477 616 617
f 477 617 480
f 478 604 607
f 480 617 618
f 480 618 619
f 480 619 481
f 481 619 620
f 481 620 482
f 482 620 483
f 483 620 621
f 483 621 484
f 484 621 622
f 484 622 485
f 485 622 623
f 485 623 486
f 486 624 490
f 486 623 625
f 486 625 626
f 486 626 627
f 486 627 624
f 490 624 492
f 492 624 494
f 494 624 628
f 494 628 629
f 494 629 495
f 495 629 630
f 495 630 498
f 496 498 631
f 496 631 632
f 496 632 499
f 496 499 497
f 498 633 634
f 498 634 631
f 498 630 635
f 498 635 636
f 498 636 633
f 499 632 634
f 499 634 637
f 499 637 638
f 499 638 500
f 500 638 501
f 501 504 502
f 501 638 639
f 501 639 640
f 501 640 504
f 502 504 503
f 504 640 505
f 505 639 641
f 505 641 642
f 505 642 643
f 505 643 506
f 505 640 639
f 506 643 644
f 506 644 645
f 506 645 646
f 506 646 508
f 506 508 507
f 508 646 509
f 509 511 510
f 509 646 511
f 511 646 647
f 511 647 648
f 511 648 649
f 511 649 650
f 511 650 651
f 511 651 512
f 512 651 652
f 512 652 650
f 512 650 653
f 512 653 513
f 513 653 514
f 514 653 517
f 514 517 515
f 515 517 516
f 517 653 522
f 518 523 519
f 519 523 654
f 522 653 523
f 523 653 655
f 523 655 656
f 523 656 657
f 523 657 658
f 523 658 659
f 523 659 660
f 523 660 661
f 523 661 662
f 523 662 663
f 523 663 664
f 523 664 665
f 523 665 654
f 524 666 525
f 525 666 667
f 525 667 668
f 525 668 529
f 525 529 526
f 529 668 669
f 529 669 670
f 529 670 671
f 529 671 530
f 530 671 672
f 530 672 673
f 530 673 674
f 530 674 675
f 530 675 531
f 531 675 676
f 531 676 677
f 531 677 532
f 532 677 678
f 532 678 679
f 532 679 547
f 533 536 680
f 533 680 534
f 534 680 681
f 534 681 682
f 534 682 683
f 534 683 548
f 536 540 680
f 537 684 685
f 537 685 686
f 537 686 687
f 537 687 538
f 537 546 688
f 537 688 684
f 538 687 539
f 539 687 686
f 539 686 689
f 539 689 690
f 539 690 680
f 539 680 540
f 542 547 543
f 543 547 691
f 543 691 692
f 543 692 544
f 544 692 693
f 544 693 694
f 544 694 545
f 545 694 546
f 546 694 695
f 546 695 696
f 546 696 688
f 547 679 691
f 548 697 549
f 548 683 697
f 549 697 550
f 550 697 557
f 550 557 551
f 551 556 554
f 551 554 552
f 552 554 553
f 554 556 555
f 557 697 698
f 557 698 699
f 557 699 558
f 558 699 559
f 559 699 700
f 559 700 560
f 560 700 571
f 560 571 561
f 561 571 562
f 564 701 702
f 564 702 565
f 564 572 701
f 565 702 703
f 565 703 566
f 566 703 704
f 566 704 567
f 567 705 706
f 567 706 707
f 567 707 576
f 567 576 568
f 567 704 708
f 567 708 709
f 567 709 705
f 568 573 569
f 568 576 573
f 569 573 570
f 571 700 572
f 572 710 711
f 572 711 701
f 572 700 699
f 572 699 710
f 573 576 574
f 574 576 575
f 576 707 712
f 576 712 577
f 577 712 578
f 578 712 713
f 578 713 714
f 578 714 715
f 578 715 716
f 578 716 585
f 580 585 717
f 580 717 581
f 581 718 599
f 581 599 584
f 581 584 583
f 581 583 582
f 581 717 719
f 581 719 718
f 585 716 720
f 585 720 717
f 588 721 722
f 588 722 723
f 588 723 589
f 588 598 721
f 589 723 590
f 590 723 724
f 590 724 725
f 590 725 726
f 590 726 727
f 590 727 728
f 590 728 591
f 591 728 592
f 592 728 729
f 592 729 593
f 593 729 594
f 594 600 595
f 594 729 601
f 596 730 597
f 596 599 730
f 597 730 598
f 598 730 721
f 599 718 731
f 599 731 732
f 599 732 733
f 599 733 730
f 601 729 608
f 601 608 603
f 602 604 605
f 603 734 604
f 603 608 734
f 604 734 607
f 607 734 608
f 608 729 727
f 608 727 726
f 608 726 725
f 608 725 724
f 608 724 723
f 608 723 736
f 608 736 737
f 608 737 738
f 608 738 739
f 608 739 740
f 608 740 741
f 608 741 742
f 608 742 735
f 609 735 743
f 609 743 610
f 610 743 611
f 611 743 612
f 612 744 745
f 612 745 746
f 612 746 613
f 612 743 744
f 613 746 614
f 614 746 747
f 614 747 615
f 615 748 616
f 615 747 748
f 616 748 749
f 616 749 750
f 616 750 751
f 616 751 617
f 617 751 618
f 618 751 619
f 619 751 752
f 619 752 753
f 619 753 754
f 619 754 620
f 620 754 755
f 620 755 621
f 621 755 622
f 622 755 756
f 622 756 623
f 623 757 758
f 623 758 625
f 623 756 755
f 623 755 759
f 623 759 757
f 624 627 628
f 625 758 760
f 625 760 761
f 625 761 762
f 625 762 763
f 625 763 626
f 626 763 627
f 627 763 764
f 627 764 765
f 627 765 628
f 628 765 766
f 628 766 629
f 629 766 630
f 630 766 767
f 630 767 768
f 630 768 769
f 630 769 635
f 631 634 632
f 633 636 773
f 633 773 770
f 633 770 634
f 634 770 639
f 634 639 637
f 635 769 771
f 635 771 772
f 635 772 636
f 636 772 774
f 636 774 775
f 636 775 773
f 637 639 638
f 639 770 641
f 641 770 776
f 641 776 642
f 642 776 777
f 642 777 778
f 642 778 779
f 642 779 780
f 642 780 781
f 642 781 643
f 643 781 644
f 644 782 645
f 644 781 782
f 645 782 646
f 646 782 783
f 646 783 784
f 646 784 785
f 646 785 786
f 646 786 787
f 646 787 788
f 646 788 647
f 647 788 789
f 647 789 648
f 648 789 790
f 648 790 649
f 649 790 650
f 650 652 651
f 650 790 791
f 650 791 792
f 650 792 793
f 650 793 794
f 650 794 653
f 653 794 795
f 653 795 655
f 655 795 796
f 655 796 797
f 655 797 798
f 655 798 656
f 656 798 657
f 657 798 658
f 658 798 799
f 667 800 668
f 668 801 802
f 668 802 803
f 668 803 669
f 668 800 804
f 668 804 805
f 668 805 801
f 669 803 806
f 669 806 807
f 669 807 671
f 669 671 670
f 671 807 808
f 671 808 809
f 671 809 672
f 672 809 673
f 673 809 810
f 673 810 811
f 673 811 674
f 674 811 812
f 674 812 675
f 675 813 676
f 675 812 814
f 675 814 813
f 676 813 677
f 677 813 679
f 677 679 678
f 679 813 691
f 680 690 681
f 681 690 689
f 681 689 686
f 681 686 815
f 681 815 816
f 681 816 682
f 682 817 818
f 682 818 819
f 682 819 683
f 682 816 820
f 682 820 817
f 683 819 697
f 684 688 821
f 684 821 685
f 685 821 686
f 686 821 822
f 686 822 815
f 688 696 821
f 691 823 824
f 691 824 825
f 691 825 826
f 691 826 827
f 691 827 692
f 691 813 823
f 692 827 828
f 692 828 829
f 692 829 693
f 693 830 831
f 693 831 694
f 693 829 828
f 693 828 832
f 693 832 833
f 693 833 834
f 693 834 835
f 693 835 830
f 694 831 695
f 695 836 822
f 695 822 696
f 695 831 836
f 696 822 821
f 697 699 698
f 697 819 837
f 697 837 710
f 697 710 699
f 701 711 838
f 701 838 839
f 701 839 702
f 702 839 703
f 703 839 840
f 703 840 841
f 703 841 842
f 703 842 843
f 703 843 844
f 703 844 704
f 704 844 845
f 704 845 846
f 704 846 847
f 704 847 708
f 705 709 848
f 705 848 849
f 705 849 706
f 706 849 713
f 706 713 707
f 707 713 712
f 708 847 709
f 709 846 848
f 709 847 846
f 710 837 838
f 710 838 711
f 713 849 850
f 713 850 714
f 714 850 851
f 714 851 715
f 715 851 852
f 715 852 853
f 715 853 716
f 716 854 855
f 716 855 720
f 716 853 854
f 717 720 719
f 718 856 731
f 718 719 856
f 719 720 855
f 719 855 857
f 719 857 856
f 721 858 722
f 721 730 858
f 722 858 723
f 723 858 736
f 727 729 728
f 730 733 859
f 730 859 860
f 730 860 861
f 730 861 862
f 730 862 863
f 730 863 864
f 730 864 858
f 731 865 732
f 731 856 865
f 732 865 859
f 732 859 733
f 735 742 866
f 735 866 867
f 735 867 743
f 736 858 737
f 737 858 868
f 737 868 738
f 738 868 869
f 738 869 741
f 738 741 739
f 739 741 740
f 741 870 742
f 741 869 870
f 742 870 866
f 743 867 866
f 743 866 871
f 743 871 872
f 743 872 744
f 744 873 874
f 744 874 745
f 744 872 873
f 745 875 876
f 745 876 877
f 745 877 878
f 745 878 879
f 745 879 746
f 745 874 875
f 746 879 880
f 746 880 881
f 746 881 749
f 746 749 882
f 746 882 748
f 746 748 747
f 748 882 749
f 749 881 883
f 749 883 884
f 749 884 750
f 750 885 751
f 750 884 886
f 750 886 885
f 751 885 753
f 751 753 752
f 753 885 887
f 753 887 754
f 754 887 757
f 754 757 759
f 754 759 755
f 757 888 889
f 757 889 760
f 757 760 758
f 757 887 888
f 760 889 890
f 760 890 891
f 760 891 892
f 760 892 893
f 760 893 761
f 761 893 762
f 762 893 894
f 762 894 764
f 762 764 763
f 764 895 896
f 764 896 766
f 764 766 765
f 764 894 897
f 764 897 895
f 766 896 767
f 767 898 768
f 767 896 895
f 767 895 897
f 767 897 899
f 767 899 900
f 767 900 901
f 767 901 898
f 768 898 769
f 769 898 771
f 770 773 776
f 771 774 772
f 771 898 902
f 771 902 903
f 771 903 774
f 773 775 776
f 774 777 775
f 774 903 777
f 775 777 776
f 777 903 778
f 778 903 904
f 778 904 905
f 778 905 906
f 778 906 779
f 779 906 907
f 779 907 908
f 779 908 780
f 780 908 909
f 780 909 781
f 781 909 910
f 781 910 911
f 781 911 912
f 781 912 913
f 781 913 782
f 782 913 914
f 782 914 784
f 782 784 783
f 784 914 912
f 784 912 911
f 784 911 915
f 784 915 916
f 784 916 917
f 784 917 918
f 784 918 785
f 785 918 919
f 785 919 786
f 786 920 787
f 786 919 920
f 787 920 921
f 787 921 922
f 787 922 789
f 787 789 788
f 789 922 923
f 789 923 924
f 789 924 925
f 789 925 792
f 789 792 790
f 790 792 791
f 792 925 793
f 793 924 797
f 793 797 796
f 793 796 795
f 793 795 794
f 793 925 924
f 797 924 923
f 797 923 926
f 797 926 798
f 798 926 927
f 798 927 928
f 798 928 799
f 799 928 930
f 799 930 931
f 799 931 929
f 801 932 802
f 801 805 933
f 801 933 934
f 801 934 932
f 802 932 806
f 802 806 803
f 806 935 936
f 806 936 807
f 806 932 935
f 807 936 808
f 808 936 937
f 808 937 938
f 808 938 809
f 809 938 939
f 809 939 940
f 809 940 810
f 810 940 941
f 810 941 942
f 810 942 943
f 810 943 944
f 810 944 945
f 810 945 946
f 810 946 947
f 810 947 948
f 810 948 811
f 811 948 949
f 811 949 812
f 812 949 814
f 813 814 950
f 813 950 823
f 814 949 950
f 815 822 816
f 816 951 817
f 816 817 820
f 816 822 836
f 816 836 952
f 816 952 953
f 816 953 954
f 816 954 955
f 816 955 956
f 816 956 951
f 817 837 818
f 817 951 957
f 817 957 837
f 818 837 819
f 823 950 958
f 823 958 824
f 824 959 825
f 824 958 960
f 824 960 961
f 824 961 959
f 825 959 961
f 825 961 962
f 825 962 963
f 825 963 826
f 826 963 833
f 826 833 827
f 827 833 828
f 828 833 832
f 830 835 964
f 830 964 965
f 830 965 966
f 830 966 967
f 830 967 954
f 830 954 953
f 830 953 952
f 830 952 831
f 831 952 836
f 833 963 968
f 833 968 969
f 833 969 970
f 833 970 834
f 834 971 835
f 834 970 971
f 835 971 972
f 835 972 973
f 835 973 964
f 837 957 956
f 837 956 838
f 838 956 839
f 839 956 840
f 840 956 841
f 841 956 974
f 841 974 975
f 841 975 842
f 842 975 976
f 842 976 845
f 842 845 843
f 843 845 844
f 845 976 846
f 846 976 975
f 846 975 977
f 846 977 848
f 848 977 978
f 848 978 851
f 848 851 850
f 848 850 849
f 851 978 979
f 851 979 852
f 852 979 853
f 853 980 981
f 853 981 982
f 853 982 983
f 853 983 854
f 853 979 984
f 853 984 980
f 854 983 857
f 854 857 855
f 856 857 985
f 856 985 986
f 856 986 987
f 856 987 865
f 857 983 982
f 857 982 985
f 858 864 988
f 858 988 868
f 859 989 861
f 859 861 860
f 859 865 989
f 861 990 866
f 861 866 991
f 861 991 992
f 861 992 993
f 861 993 862
f 861 989 994
f 861 994 990
f 862 993 995
f 862 995 863
f 863 995 991
f 863 991 988
f 863 988 864
f 865 987 989
f 866 996 997
f 866 997 871
f 866 870 998
f 866 998 988
f 866 988 991
f 866 990 994
f 866 994 996
f 868 988 998
f 868 998 869
f 869 998 870
f 871 999 1000
f 871 1000 1001
f 871 1001 1002
f 871 1002 872
f 871 997 999
f 872 1002 873
f 873 1003 874
f 873 1002 1003
f 874 1003 1004
f 874 1004 875
f 875 1004 876
f 876 1005 1006
f 876 1006 1007
f 876 1007 1008
f 876 1008 1009
f 876 1009 1010
f 876 1010 877
f 876 1004 1011
f 876 1011 1005
f 877 1010 1012
f 877 1012 878
f 878 1012 1013
f 878 1013 1014
f 878 1014 880
f 878 880 879
f 880 1014 1015
f 880 1015 881
f 881 1015 883
f 883 1015 1016
f 883 1016 1017
f 883 1017 884
f 884 1017 1018
f 884 1018 1019
f 884 1019 886
f 885 886 887
f 886 1019 1020
f 886 1020 1021
f 886 1021 888
f 886 888 887
f 888 1021 1022
f 888 1022 889
f 889 1022 1023
f 889 1023 890
f 890 1023 1024
f 890 1024 891
f 891 1024 892
f 892 897 894
f 892 894 893
f 892 1024 1025
f 892 1025 1026
f 892 1026 897
f 897 1026 1027
f 897 1027 899
f 898 901 902
f 899 1028 902
f 899 902 901
f 899 901 900
f 899 1027 1028
f 902 1028 903
f 903 1028 904
f 904 1028 1029
f 904 1029 1030
f 904 1030 1031
f 904 1031 1032
f 904 1032 905
f 905 1032 1033
f 905 1033 1034
f 905 1034 906
f 906 1034 1035
f 906 1035 909
f 906 909 907
f 907 909 908
f 909 1035 1036
f 909 1036 911
f 909 911 910
f 911 1036 915
f 912 914 913
f 915 1036 916
f 916 1036 1035
f 916 1035 1037
f 916 1037 1038
f 916 1038 1039
f 916 1039 1040
f 916 1040 1041
f 916 1041 918
f 916 918 917
f 918 1041 1042
f 918 1042 919
f 919 1042 1043
f 919 1043 1044
f 919 1044 1045
f 919 1045 1046
f 919 1046 1047
f 919 1047 920
f 920 1047 1048
f 920 1048 921
f 921 1049 922
f 921 1048 1050
f 921 1050 1051
f 921 1051 1052
f 921 1052 1053
f 921 1053 1049
f 922 1049 1053
f 922 1053 923
f 923 1053 1054
f 923 1054 1055
f 923 1055 926
f 926 1055 1056
f 926 1056 1057
f 926 1057 1058
f 926 1058 927
f 927 1059 928
f 927 1058 1059
f 928 1059 931
f 928 931 930
f 929 931 1060
f 931 1059 1061
f 931 1061 1062
f 931 1062 1063
f 931 1063 1064
f 931 1064 1065
f 931 1065 1066
f 931 1066 1067
f 931 1067 1068
f 931 1068 1069
f 931 1069 1070
f 931 1070 1060
f 932 1071 1072
f 932 1072 1073
f 932 1073 1074
f 932 1074 935
f 932 934 1071
f 933 1075 934
f 934 1075 1076
f 934 1076 1072
f 934 1072 1071
f 935 1074 1073
f 935 1073 1077
f 935 1077 1078
f 935 1078 1079
f 935 1079 936
f 936 1079 1080
f 936 1080 937
f 937 1080 938
f 938 1080 941
f 938 941 940
f 938 940 939
f 941 1081 1082
f 941 1082 942
f 941 1080 1081
f 942 1082 1083
f 942 1083 1084
f 942 1084 1085
f 942 1085 943
f 943 1085 944
f 944 1085 1086
f 944 1086 1087
f 944 1087 945
f 945 1088 947
f 945 947 946
f 945 1087 1089
f 945 1089 1088
f 947 1088 1090
f 947 1090 948
f 948 1091 949
f 948 1090 1092
f 948 1092 1093
f 948 1093 1091
f 949 958 1094
f 949 1094 950
f 949 1091 958
f 950 1094 958
f 951 956 1095
f 951 1095 957
f 954 967 955
f 955 967 1096
f 955 1096 1097
f 955 1097 956
f 956 1097 1098
f 956 1098 1099
f 956 1099 1100
f 956 1100 1101
f 956 1101 1102
f 956 1102 974
f 956 957 1095
f 958 1091 960
f 960 1093 1103
f 960 1103 1104
f 960 1104 962
f 960 962 961
f 960 1091 1093
f 962 1104 1105
f 962 1105 963
f 963 1105 968
f 964 1106 965
f 964 973 1107
f 964 1107 1106
f 965 1106 1108
f 965 1108 1109
f 965 1109 966
f 966 1109 967
f 967 1109 1096
f 968 1105 1110
f 968 1110 1111
f 968 1111 1112
f 968 1112 1113
f 968 1113 1114
f 968 1114 970
f 968 970 969
f 970 1114 1115
f 970 1115 1116
f 970 1116 972
f 970 972 971
f 972 1116 1117
f 972 1117 1118
f 972 1118 973
f 973 1118 1119
f 973 1119 1107
f 974 1102 975
f 975 1102 1101
f 975 1101 1120
f 975 1120 1121
f 975 1121 977
f 977 1121 1122
f 977 1122 1123
f 977 1123 1124
f 977 1124 984
f 977 984 979
f 977 979 978
f 980 1125 981
f 980 984 1125
f 981 1126 1127
f 981 1127 1128
f 981 1128 982
f 981 1125 1129
f 981 1129 1126
f 982 1128 985
f 984 1124 1129
f 984 1129 1125
f 985 1128 986
f 986 1128 987
f 987 994 989
f 987 1128 1130
f 987 1130 994
f 991 995 992
f 992 995 993
f 994 1130 1131
f 994 1131 996
f 996 1132 997
f 996 1131 1132
f 997 1133 999
f 997 1132 1133
f 999 1134 1135
f 999 1135 1136
f 999 1136 1000
f 999 1133 1134
f 1000 1136 1137
f 1000 1137 1138
f 1000 1138 1001
f 1001 1138 1139
f 1001 1139 1002
f 1002 1139 1003
f 1003 1139 1140
f 1003 1140 1004
f 1004 1140 1141
f 1004 1141 1011
f 1005 1142 1143
f 1005 1143 1144
f 1005 1144 1006
f 1005 1011 1145
f 1005 1145 1142
f 1006 1144 1146
f 1006 1146 1007
f 1007 1146 1147
f 1007 1147 1008
f 1008 1147 1009
f 1009 1147 1148
f 1009 1148 1014
f 1009 1014 1010
f 1010 1014 1012
f 1011 1141 1149
f 1011 1149 1145
f 1012 1014 1013
f 1014 1148 1150
f 1014 1150 1151
f 1014 1151 1152
f 1014 1152 1015
f 1015 1152 1016
f 1016 1153 1154
f 1016 1154 1018
f 1016 1018 1017
f 1016 1152 1153
f 1018 1020 1019
f 1018 1154 1155
f 1018 1155 1020
f 1020 1155 1022
f 1020 1022 1021
f 1022 1155 1023
f 1023 1155 1156
f 1023 1156 1024
f 1024 1156 1157
f 1024 1157 1025
f 1025 1158 1026
f 1025 1157 1156
f 1025 1156 1159
f 1025 1159 1160
f 1025 1160 1161
f 1025 1161 1158
f 1026 1158 1027
f 1027 1158 1162
f 1027 1162 1163
f 1027 1163 1028
f 1028 1163 1029
f 1029 1163 1164
f 1029 1164 1165
f 1029 1165 1030
f 1030 1165 1166
f 1030 1166 1167
f 1030 1167 1168
f 1030 1168 1032
f 1030 1032 1031
f 1032 1168 1033
f 1033 1168 1169
f 1033 1169 1034
f 1034 1169 1035
f 1035 1169 1037
f 1037 1169 1170
f 1037 1170 1038
f 1038 1171 1039
f 1038 1170 1171
f 1039 1171 1172
f 1039 1172 1173
f 1039 1173 1174
f 1039 1174 1044
f 1039 1044 1175
f 1039 1175 1040
f 1040 1175 1041
f 1041 1175 1042
f 1042 1175 1043
f 1043 1175 1044
f 1044 1174 1176
f 1044 1176 1177
f 1044 1177 1178
f 1044 1178 1179
f 1044 1179 1051
f 1044 1051 1050
f 1044 1050 1180
f 1044 1180 1046
f 1044 1046 1045
f 1046 1048 1047
f 1046 1180 1050
f 1046 1050 1048
f 1051 1181 1182
f 1051 1182 1056
f 1051 1056 1052
f 1051 1179 1181
f 1052 1056 1054
f 1052 1054 1053
f 1054 1056 1055
f 1056 1182 1063
f 1056 1063 1062
f 1056 1062 1057
f 1057 1062 1059
f 1057 1059 1058
f 1059 1062 1061
f 1063 1182 1183
f 1063 1183 1184
f 1063 1184 1064
f 1064 1184 1065
f 1065 1184 1183
f 1065 1183 1185
f 1065 1185 1067
f 1065 1067 1186
f 1065 1186 1066
f 1066 1186 1067
f 1067 1185 1187
f 1067 1187 1188
f 1067 1188 1189
f 1067 1189 1068
f 1068 1189 1069
f 1069 1189 1190
f 1069 1190 1070
f 1072 1076 1191
f 1072 1191 1192
f 1072 1192 1073
f 1073 1192 1082
f 1073 1082 1077
f 1075 1193 1076
f 1076 1194 1195
f 1076 1195 1196
f 1076 1196 1197
f 1076 1197 1191
f 1076 1193 1198
f 1076 1198 1199
f 1076 1199 1194
f 1077 1082 1081
f 1077 1081 1200
f 1077 1200 1078
f 1078 1200 1079
f 1079 1200 1080
f 1080 1200 1081
f 1082 1192 1083
f 1083 1192 1201
f 1083 1201 1085
f 1083 1085 1202
f 1083 1202 1084
f 1084 1202 1085
f 1085 1203 1086
f 1085 1201 1197
f 1085 1197 1204
f 1085 1204 1205
f 1085 1205 1206
f 1085 1206 1207
f 1085 1207 1208
f 1085 1208 1203
f 1086 1203 1087
f 1087 1209 1089
f 1087 1203 1208
f 1087 1208 1210
f 1087 1210 1209
f 1088 1089 1211
f 1088 1211 1090
f 1089 1209 1090
f 1089 1090 1211
f 1090 1209 1212
f 1090 1212 1213
f 1090 1213 1214
f 1090 1214 1092
f 1092 1215 1103
f 1092 1103 1093
f 1092 1214 1215
f 1096 1109 1097
f 1097 1109 1098
f 1098 1109 1216
f 1098 1216 1099
f 1099 1216 1107
f 1099 1107 1217
f 1099 1217 1100
f 1100 1217 1218
f 1100 1218 1120
f 1100 1120 1101
f 1103 1215 1214
f 1103 1214 1219
f 1103 1219 1220
f 1103 1220 1221
f 1103 1221 1222
f 1103 1222 1223
f 1103 1223 1104
f 1104 1223 1224
f 1104 1224 1225
f 1104 1225 1105
f 1105 1225 1110
f 1106 1216 1108
f 1106 1107 1216
f 1107 1119 1217
f 1108 1216 1109
f 1110 1225 1226
f 1110 1226 1227
f 1110 1227 1228
f 1110 1228 1229
f 1110 1229 1111
f 1111 1229 1230
f 1111 1230 1112
f 1112 1230 1231
f 1112 1231 1232
f 1112 1232 1113
f 1113 1232 1114
f 1114 1232 1233
f 1114 1233 1234
f 1114 1234 1115
f 1115 1234 1116
f 1116 1234 1117
f 1117 1234 1118
f 1118 1235 1236
f 1118 1236 1119
f 1118 1234 1233
f 1118 1233 1235
f 1119 1237 1217
f 1119 1236 1237
f 1120 1238 1121
f 1120 1218 1238
f 1121 1239 1240
f 1121 1240 1122
f 1121 1238 1241
f 1121 1241 1242
f 1121 1242 1239
f 1122 1240 1243
f 1122 1243 1123
f 1123 1243 1244
f 1123 1244 1245
f 1123 1245 1124
f 1124 1245 1246
f 1124 1246 1129
f 1126 1129 1127
f 1127 1129 1247
f 1127 1247 1248
f 1127 1248 1249
f 1127 1249 1128
f 1128 1249 1130
f 1129 1246 1247
f 1130 1249 1131
f 1131 1249 1132
f 1132 1249 1250
f 1132 1250 1251
f 1132 1251 1133
f 1133 1252 1253
f 1133 1253 1134
f 1133 1251 1254
f 1133 1254 1252
f 1134 1253 1135
f 1135 1255 1256
f 1135 1256 1137
f 1135 1137 1136
f 1135 1253 1252
f 1135 1252 1255
f 1137 1256 1141
f 1137 1141 1140
f 1137 1140 1139
f 1137 1139 1138
f 1141 1256 1257
f 1141 1257 1149
f 1142 1258 1259
f 1142 1259 1143
f 1142 1145 1260
f 1142 1260 1258
f 1143 1259 1261
f 1143 1261 1262
f 1143 1262 1144
f 1144 1263 1146
f 1144 1262 1264
f 1144 1264 1263
f 1145 1149 1265
f 1145 1265 1266
f 1145 1266 1267
f 1145 1267 1260
f 1146 1263 1268
f 1146 1268 1269
f 1146 1269 1270
f 1146 1270 1271
f 1146 1271 1150
f 1146 1150 1147
f 1147 1150 1148
f 1149 1257 1272
f 1149 1272 1273
f 1149 1273 1265
f 1150 1271 1274
f 1150 1274 1275
f 1150 1275 1276
f 1150 1276 1151
f 1151 1276 1152
f 1152 1276 1153
f 1153 1276 1154
f 1154 1156 1155
f 1154 1276 1275
f 1154 1275 1277
f 1154 1277 1278
f 1154 1278 1156
f 1156 1278 1159
f 1158 1161 1279
f 1158 1279 1162
f 1159 1278 1160
f 1160 1278 1280
f 1160 1280 1161
f 1161 1165 1279
f 1161 1280 1281
f 1161 1281 1165
f 1162 1279 1165
f 1162 1165 1164
f 1162 1164 1163
f 1165 1281 1166
f 1166 1281 1282
f 1166 1282 1167
f 1167 1282 1168
f 1168 1282 1283
f 1168 1283 1284
f 1168 1284 1285
f 1168 1285 1286
f 1168 1286 1169
f 1169 1286 1170
f 1170 1287 1171
f 1170 1286 1285
f 1170 1285 1287
f 1171 1288 1172
f 1171 1287 1288
f 1172 1288 1289
f 1172 1289 1173
f 1173 1290 1174
f 1173 1289 1290
f 1174 1290 1291
f 1174 1291 1176
f 1176 1291 1177
f 1177 1291 1292
f 1177 1292 1293
f 1177 1293 1294
f 1177 1294 1295
f 1177 1295 1178
f 1178 1295 1179
f 1179 1295 1181
f 1181 1296 1297
f 1181 1297 1182
f 1181 1295 1296
f 1182 1298 1183
f 1182 1297 1298
f 1183 1297 1185
f 1183 1298 1297
f 1185 1297 1187
f 1187 1299 1300
f 1187 1300 1301
f 1187 1301 1302
f 1187 1302 1188
f 1187 1297 1303
f 1187 1303 1299
f 1188 1302 1189
f 1189 1302 1304
f 1189 1304 1190
f 1190 1304 1305
f 1191 1197 1192
f 1192 1197 1201
f 1194 1199 1195
f 1195 1306 1307
f 1195 1307 1196
f 1195 1199 1308
f 1195 1308 1306
f 1196 1307 1309
f 1196 1309 1197
f 1197 1309 1310
f 1197 1310 1204
f 1199 1311 1308
f 1204 1312 1313
f 1204 1313 1205
f 1204 1310 1312
f 1205 1313 1314
f 1205 1314 1315
f 1205 1315 1206
f 1206 1316 1317
f 1206 1317 1207
f 1206 1315 1318
f 1206 1318 1319
f 1206 1319 1316
f 1207 1317 1208
f 1208 1317 1320
f 1208 1320 1212
f 1208 1212 1210
f 1209 1210 1212
f 1212 1321 1322
f 1212 1322 1213
f 1212 1320 1323
f 1212 1323 1324
f 1212 1324 1325
f 1212 1325 1326
f 1212 1326 1327
f 1212 1327 1328
f 1212 1328 1329
f 1212 1329 1321
f 1213 1322 1219
f 1213 1219 1214
f 1217 1237 1242
f 1217 1242 1330
f 1217 1330 1218
f 1218 1330 1241
f 1218 1241 1238
f 1219 1322 1331
f 1219 1331 1221
f 1219 1221 1220
f 1221 1331 1227
f 1221 1227 1222
f 1222 1227 1226
f 1222 1226 1224
f 1222 1224 1223
f 1224 1226 1225
f 1227 1331 1332
f 1227 1332 1333
f 1227 1333 1228
f 1228 1333 1334
f 1228 1334 1335
f 1228 1335 1336
f 1228 1336 1230
f 1228 1230 1229
f 1230 1336 1231
f 1231 1337 1338
f 1231 1338 1339
f 1231 1339 1235
f 1231 1235 1232
f 1231 1336 1340
f 1231 1340 1337
f 1232 1235 1233
f 1235 1339 1236
f 1236 1341 1237
f 1236 1339 1338
f 1236 1338 1342
f 1236 1342 1343
f 1236 1343 1341
f 1237 1341 1242
f 1239 1242 1341
f 1239 1341 1343
f 1239 1343 1240
f 1240 1343 1344
f 1240 1344 1345
f 1240 1345 1243
f 1241 1330 1242
f 1243 1345 1244
f 1244 1345 1346
f 1244 1346 1246
f 1244 1246 1245
f 1246 1346 1254
f 1246 1254 1247
f 1247 1254 1248
f 1248 1250 1249
f 1248 1254 1251
f 1248 1251 1250
f 1252 1347 1348
f 1252 1348 1255
f 1252 1254 1347
f 1254 1346 1349
f 1254 1349 1350
f 1254 1350 1351
f 1254 1351 1347
f 1255 1352 1257
f 1255 1257 1256
f 1255 1348 1352
f 1257 1352 1353
f 1257 1353 1354
f 1257 1354 1272
f 1258 1355 1356
f 1258 1356 1259
f 1258 1260 1357
f 1258 1357 1355
f 1259 1356 1358
f 1259 1358 1262
f 1259 1262 1261
f 1260 1267 1357
f 1262 1358 1359
f 1262 1359 1264
f 1263 1264 1360
f 1263 1360 1268
f 1264 1359 1360
f 1265 1273 1361
f 1265 1361 1266
f 1266 1361 1267
f 1267 1362 1363
f 1267 1363 1364
f 1267 1364 1365
f 1267 1365 1366
f 1267 1366 1367
f 1267 1367 1368
f 1267 1368 1357
f 1267 1361 1362
f 1268 1360 1369
f 1268 1369 1370
f 1268 1370 1269
f 1269 1371 1372
f 1269 1372 1373
f 1269 1373 1270
f 1269 1370 1371
f 1270 1274 1271
f 1270 1373 1275
f 1270 1275 1274
f 1272 1354 1273
f 1273 1354 1374
f 1273 1374 1361
f 1275 1373 1375
f 1275 1375 1376
f 1275 1376 1277
f 1277 1376 1278
f 1278 1372 1280
f 1278 1376 1375
f 1278 1375 1372
f 1280 1372 1377
f 1280 1377 1281
f 1281 1377 1378
f 1281 1378 1282
f 1282 1378 1379
f 1282 1379 1283
f 1283 1380 1284
f 1283 1379 1380
f 1284 1380 1381
f 1284 1381 1382
f 1284 1382 1383
f 1284 1383 1285
f 1285 1383 1287
f 1287 1383 1384
f 1287 1384 1288
f 1288 1384 1385
f 1288 1385 1386
f 1288 1386 1289
f 1289 1386 1290
f 1290 1387 1388
f 1290 1388 1291
f 1290 1386 1389
f 1290 1389 1387
f 1291 1390 1292
f 1291 1388 1391
f 1291 1391 1390
f 1292 1392 1393
f 1292 1393 1293
f 1292 1390 1392
f 1293 1393 1394
f 1293 1394 1395
f 1293 1395 1294
f 1294 1395 1396
f 1294 1396 1397
f 1294 1397 1295
f 1295 1397 1296
f 1296 1397 1398
f 1296 1398 1297
f 1297 1399 1303
f 1297 1398 1399
f 1299 1303 1400
f 1299 1400 1401
f 1299 1401 1402
f 1299 1402 1403
f 1299 1403 1300
f 1300 1403 1404
f 1300 1404 1405
f 1300 1405 1301
f 1301 1405 1406
f 1301 1406 1302
f 1302 1407 1304
f 1302 1406 1407
f 1303 1399 1408
f 1303 1408 1409
f 1303 1409 1400
f 1304 1407 1305
f 1305 1407 1406
f 1305 1406 1410
f 1306 1411 1309
f 1306 1309 1307
f 1306 1308 1412
f 1306 1412 1413
f 1306 1413 1414
f 1306 1414 1415
f 1306 1415 1416
f 1306 1416 1411
f 1308 1311 1417
f 1308 1417 1418
f 1308 1418 1412
f 1309 1411 1310
f 1310 1411 1416
f 1310 1416 1419
f 1310 1419 1420
f 1310 1420 1312
f 1311 1421 1418
f 1311 1418 1417
f 1312 1420 1422
f 1312 1422 1313
f 1313 1422 1314
f 1314 1423 1318
f 1314 1318 1315
f 1314 1422 1423
f 1316 1319 1317
f 1317 1319 1320
f 1318 1424 1425
f 1318 1425 1426
f 1318 1426 1427
f 1318 1427 1319
f 1318 1423 1428
f 1318 1428 1429
f 1318 1429 1424
f 1319 1427 1324
f 1319 1324 1323
f 1319 1323 1320
f 1321 1329 1430
f 1321 1430 1322
f 1322 1430 1431
f 1322 1431 1432
f 1322 1432 1331
f 1324 1427 1433
f 1324 1433 1325
f 1325 1433 1434
f 1325 1434 1326
f 1326 1434 1435
f 1326 1435 1327
f 1327 1329 1328
f 1327 1435 1329
f 1329 1435 1430
f 1331 1432 1332
f 1332 1432 1436
f 1332 1436 1437
f 1332 1437 1333
f 1333 1438 1439
f 1333 1439 1334
f 1333 1437 1436
f 1333 1436 1440
f 1333 1440 1441
f 1333 1441 1442
f 1333 1442 1443
f 1333 1443 1444
f 1333 1444 1438
f 1334 1439 1438
f 1334 1438 1445
f 1334 1445 1335
f 1335 1446 1340
f 1335 1340 1336
f 1335 1445 1446
f 1337 1340 1447
f 1337 1447 1448
f 1337 1448 1449
f 1337 1449 1342
f 1337 1342 1338
f 1340 1446 1447
f 1342 1449 1344
f 1342 1344 1343
f 1344 1449 1345
f 1345 1449 1448
f 1345 1448 1450
f 1345 1450 1451
f 1345 1451 1346
f 1346 1451 1350
f 1346 1350 1349
f 1347 1351 1350
f 1347 1350 1452
f 1347 1452 1348
f 1348 1453 1352
f 1348 1452 1450
f 1348 1450 1454
f 1348 1454 1453
f 1350 1451 1452
f 1352 1453 1455
f 1352 1455 1443
f 1352 1443 1353
f 1353 1443 1354
f 1354 1443 1374
f 1355 1357 1368
f 1355 1368 1456
f 1355 1456 1356
f 1356 1456 1366
f 1356 1366 1358
f 1358 1366 1457
f 1358 1457 1359
f 1359 1457 1458
f 1359 1458 1459
f 1359 1459 1369
f 1359 1369 1360
f 1361 1374 1363
f 1361 1363 1362
f 1363 1374 1460
f 1363 1460 1461
f 1363 1461 1462
f 1363 1462 1364
f 1364 1463 1365
f 1364 1462 1464
f 1364 1464 1463
f 1365 1463 1465
f 1365 1465 1466
f 1365 1466 1467
f 1365 1467 1366
f 1366 1467 1468
f 1366 1468 1469
f 1366 1469 1457
f 1366 1456 1367
f 1367 1456 1368
f 1369 1459 1470
f 1369 1470 1378
f 1369 1378 1471
f 1369 1471 1370
f 1370 1471 1371
f 1371 1471 1377
f 1371 1377 1372
f 1372 1375 1373
f 1374 1472 1460
f 1374 1443 1441
f 1374 1441 1472
f 1377 1471 1378
f 1378 1470 1379
f 1379 1470 1380
f 1380 1459 1381
f 1380 1470 1459
f 1381 1459 1473
f 1381 1473 1382
f 1382 1473 1474
f 1382 1474 1475
f 1382 1475 1476
f 1382 1476 1477
f 1382 1477 1478
f 1382 1478 1479
f 1382 1479 1384
f 1382 1384 1383
f 1384 1479 1385
f 1385 1479 1480
f 1385 1480 1386
f 1386 1480 1389
f 1387 1389 1481
f 1387 1481 1482
f 1387 1482 1483
f 1387 1483 1388
f 1388 1483 1391
f 1389 1480 1481
f 1390 1391 1484
f 1390 1484 1485
f 1390 1485 1486
f 1390 1486 1487
f 1390 1487 1488
f 1390 1488 1489
f 1390 1489 1392
f 1391 1483 1484
f 1392 1489 1393
f 1393 1490 1394
f 1393 1489 1490
f 1394 1490 1491
f 1394 1491 1492
f 1394 1492 1493
f 1394 1493 1395
f 1395 1493 1494
f 1395 1494 1396
f 1396 1494 1495
f 1396 1495 1496
f 1396 1496 1397
f 1397 1496 1399
f 1397 1399 1398
f 1399 1496 1495
f 1399 1495 1408
f 1400 1409 1497
f 1400 1497 1401
f 1401 1498 1402
f 1401 1497 1498
f 1402 1499 1500
f 1402 1500 1501
f 1402 1501 1403
f 1402 1498 1499
f 1403 1501 1404
f 1404 1501 1502
f 1404 1502 1405
f 1405 1502 1503
f 1405 1503 1504
f 1405 1504 1406
f 1406 1504 1410
f 1408 1495 1494
f 1408 1494 1505
f 1408 1505 1409
f 1409 1506 1497
f 1409 1505 1506
f 1410 1507 1508
f 1410 1504 1509
f 1410 1509 1510
f 1410 1510 1507
f 1412 1418 1413
f 1413 1511 1414
f 1413 1418 1512
f 1413 1512 1511
f 1414 1513 1415
f 1414 1511 1514
f 1414 1514 1515
f 1414 1515 1516
f 1414 1516 1513
f 1415 1513 1517
f 1415 1517 1518
f 1415 1518 1519
f 1415 1519 1520
f 1415 1520 1521
f 1415 1521 1416
f 1416 1521 1419
f 1418 1421 1512
f 1419 1521 1522
f 1419 1522 1523
f 1419 1523 1420
f 1420 1523 1522
f 1420 1522 1524
f 1420 1524 1525
f 1420 1525 1422
f 1422 1525 1526
f 1422 1526 1423
f 1423 1526 1527
f 1423 1527 1528
f 1423 1528 1429
f 1423 1429 1428
f 1424 1529 1530
f 1424 1530 1425
f 1424 1429 1531
f 1424 1531 1532
f 1424 1532 1533
f 1424 1533 1529
f 1425 1530 1534
f 1425 1534 1462
f 1425 1462 1426
f 1426 1462 1461
f 1426 1461 1535
f 1426 1535 1427
f 1427 1535 1433
f 1429 1528 1527
f 1429 1527 1524
f 1429 1524 1518
f 1429 1518 1532
f 1429 1532 1531
f 1430 1435 1460
f 1430 1460 1536
f 1430 1536 1431
f 1431 1537 1538
f 1431 1538 1432
f 1431 1536 1537
f 1432 1538 1539
f 1432 1539 1436
f 1433 1535 1461
f 1433 1461 1434
f 1434 1461 1435
f 1435 1461 1460
f 1436 1539 1440
f 1438 1446 1445
f 1438 1444 1446
f 1440 1536 1441
f 1440 1539 1536
f 1441 1540 1472
f 1441 1443 1442
f 1441 1536 1541
f 1441 1541 1540
f 1443 1455 1542
f 1443 1542 1444
f 1444 1542 1446
f 1446 1542 1543
f 1446 1543 1454
f 1446 1454 1447
f 1447 1454 1450
f 1447 1450 1448
f 1450 1452 1451
f 1453 1454 1543
f 1453 1543 1542
f 1453 1542 1455
f 1457 1469 1458
f 1458 1544 1475
f 1458 1475 1474
f 1458 1474 1459
f 1458 1469 1545
f 1458 1545 1546
f 1458 1546 1544
f 1459 1474 1473
f 1460 1472 1540
f 1460 1540 1536
f 1462 1534 1547
f 1462 1547 1548
f 1462 1548 1464
f 1463 1464 1548
f 1463 1548 1549
f 1463 1549 1550
f 1463 1550 1551
f 1463 1551 1465
f 1465 1551 1552
f 1465 1552 1553
f 1465 1553 1467
f 1465 1467 1466
f 1467 1553 1554
f 1467 1554 1468
f 1468 1554 1545
f 1468 1545 1469
f 1475 1544 1476
f 1476 1544 1477
f 1477 1546 1555
f 1477 1555 1478
f 1477 1544 1546
f 1478 1555 1556
f 1478 1556 1479
f 1479 1556 1481
f 1479 1481 1480
f 1481 1556 1482
f 1482 1484 1483
f 1482 1556 1484
f 1484 1556 1557
f 1484 1557 1558
f 1484 1558 1559
f 1484 1559 1486
f 1484 1486 1485
f 1486 1534 1530
f 1486 1530 1488
f 1486 1488 1487
f 1486 1559 1534
f 1488 1530 1491
f 1488 1491 1490
f 1488 1490 1489
f 1491 1530 1529
f 1491 1529 1492
f 1492 1529 1533
f 1492 1533 1560
f 1492 1560 1561
f 1492 1561 1562
f 1492 1562 1493
f 1493 1562 1506
f 1493 1506 1505
f 1493 1505 1494
f 1497 1506 1498
f 1498 1506 1563
f 1498 1563 1499
f 1499 1563 1564
f 1499 1564 1500
f 1500 1564 1565
f 1500 1565 1566
f 1500 1566 1501
f 1501 1566 1502
f 1502 1566 1567
f 1502 1567 1503
f 1503 1567 1568
f 1503 1568 1510
f 1503 1510 1509
f 1503 1509 1504
f 1506 1561 1569
f 1506 1569 1570
f 1506 1570 1571
f 1506 1571 1572
f 1506 1572 1573
f 1506 1573 1574
f 1506 1574 1575
f 1506 1575 1576
f 1506 1576 1563
f 1506 1562 1561
f 1507 1577 1578
f 1507 1578 1508
f 1507 1510 1577
f 1508 1579 1512
f 1508 1578 1580
f 1508 1580 1581
f 1508 1581 1582
f 1508 1582 1583
f 1508 1583 1584
f 1508 1584 1585
f 1508 1585 1514
f 1508 1514 1579
f 1510 1568 1577
f 1511 1586 1514
f 1511 1512 1579
f 1511 1579 1586
f 1513 1516 1587
f 1513 1587 1517
f 1514 1585 1588
f 1514 1588 1515
f 1514 1586 1579
f 1515 1588 1589
f 1515 1589 1590
f 1515 1590 1591
f 1515 1591 1592
f 1515 1592 1516
f 1516 1591 1574
f 1516 1574 1573
f 1516 1573 1587
f 1516 1592 1591
f 1517 1587 1593
f 1517 1593 1518
f 1518 1593 1533
f 1518 1533 1532
f 1518 1524 1522
f 1518 1522 1521
f 1518 1521 1520
f 1518 1520 1519
f 1524 1527 1526
f 1524 1526 1525
f 1533 1593 1560
f 1534 1559 1550
f 1534 1550 1594
f 1534 1594 1547
f 1536 1539 1537
f 1536 1540 1541
f 1537 1539 1538
f 1545 1554 1552
f 1545 1552 1551
f 1545 1551 1546
f 1546 1551 1555
f 1547 1594 1548
f 1548 1594 1550
f 1548 1550 1549
f 1550 1559 1557
f 1550 1557 1551
f 1551 1556 1555
f 1551 1557 1556
f 1552 1554 1553
f 1557 1559 1558
f 1560 1595 1561
f 1560 1593 1595
f 1561 1595 1596
f 1561 1596 1569
f 1563 1576 1590
f 1563 1590 1597
f 1563 1597 1564
f 1564 1597 1598
f 1564 1598 1599
f 1564 1599 1565
f 1565 1599 1567
f 1565 1567 1566
f 1567 1599 1577
f 1567 1577 1568
f 1569 1596 1570
f 1570 1593 1587
f 1570 1587 1571
f 1570 1596 1593
f 1571 1573 1572
f 1571 1587 1573
f 1574 1591 1575
f 1575 1591 1590
f 1575 1590 1576
f 1577 1600 1601
f 1577 1601 1602
f 1577 1602 1603
f 1577 1603 1578
f 1577 1599 1600
f 1578 1603 1580
f 1580 1603 1604
f 1580 1604 1581
f 1581 1604 1582
f 1582 1604 1583
f 1583 1588 1584
f 1583 1604 1603
f 1583 1603 1602
f 1583 1602 1601
f 1583 1601 1605
f 1583 1605 1588
f 1584 1588 1585
f 1588 1605 1589
f 1589 1605 1597
f 1589 1597 1590
f 1593 1596 1595
f 1597 1605 1598
f 1598 1605 1606
f 1598 1606 1599
f 1599 1606 1600
f 1600 1607 1601
f 1600 1606 1607
f 1601 1607 1605
f 1605 1607 1606

