# https://github.com/mikedh/trimesh
v 0.02119813 -0.00706121 -0.00047280
v 0.02107365 -0.00706121 -0.00128221
v 0.02118525 -0.00706121 -0.00028254
v 0.03277022 -0.01124150 0.00033037
v 0.03398923 -0.01172700 -0.00091103
v 0.02050707 -0.00706121 -0.00361685
v 0.03393773 -0.01174485 -0.00145064
v -0.00158549 -0.00706121 -0.00028254
v 0.00606342 -0.00759133 0.00791444
v 0.01010678 -0.00759133 0.00785050
v 0.01090945 -0.00759133 0.00780683
v 0.01171640 -0.00759133 0.00772886
v 0.01498286 -0.00759133 0.00739667
v 0.01576835 -0.00759133 0.00729374
v 0.01606023 -0.00759133 0.00724072
v 0.01626626 -0.00759133 0.00719081
v 0.01663110 -0.00759133 0.00709412
v 0.01815488 -0.00759133 0.00666525
v 0.01876439 -0.00759133 0.00649058
v 0.01916786 -0.00759133 0.00616463
v 0.01978596 -0.00759133 0.00553301
v 0.02033537 -0.00759133 0.00494507
v 0.02106078 -0.00758955 0.00412318
v 0.02117667 -0.00758955 0.00389549
v 0.02133119 -0.00758955 0.00357110
v 0.03034506 -0.01060250 0.00276014
v 0.03277022 -0.01128255 0.00114133
v 0.03365014 -0.01160384 0.00112729
v 0.03398923 -0.01172521 0.00084970
v 0.03357717 -0.01155208 0.00033037
v 0.03398923 -0.01172343 -0.00047124
v 0.03439700 -0.01191085 -0.00047124
v 0.03430686 -0.01188407 -0.00121982
v 0.02048990 -0.00706121 -0.00368547
v 0.03510524 -0.01238385 -0.00209005
v 0.03086013 -0.01087738 -0.00342970
v 0.03138809 -0.01098983 -0.00289946
v 0.03098461 -0.01082740 -0.00289946
v -0.00226796 -0.00706121 -0.00373849
v -0.00152539 -0.00759133 0.00487489
v -0.00142667 -0.00759133 0.00521643
v -0.00122064 -0.00759133 0.00579346
v -0.00113479 -0.00759133 0.00594629
v -0.00081287 -0.00759133 0.00632370
v -0.00073132 -0.00759133 0.00639544
v -0.00031067 -0.00759133 0.00668552
v 0.00036323 -0.00759133 0.00700211
v 0.00038898 -0.00759133 0.00701302
v 0.00084826 -0.00759133 0.00717522
v 0.00092981 -0.00759133 0.00720017
v 0.00135046 -0.00759133 0.00731246
v 0.00201577 -0.00759133 0.00748089
v 0.00280555 -0.00759133 0.00763840
v 0.00362968 -0.00759133 0.00776940
v 0.00444093 -0.00759133 0.00785674
v 0.00525217 -0.00759133 0.00790509
v 0.01090945 -0.00807683 0.00786766
v 0.01333461 -0.01051325 0.00791444
v 0.01252765 -0.00970290 0.00791756
v 0.01171640 -0.00889433 0.00789417
v 0.01171640 -0.00808397 0.00781151
v 0.03196326 -0.01698538 0.00745905
v 0.03277022 -0.01698538 0.00738732
v 0.01657960 -0.00970290 0.00764308
v 0.01495710 -0.00808397 0.00749648
v 0.03234098 -0.01578948 0.00721109
v 0.02755505 -0.01333164 0.00722044
v 0.03115201 -0.01456146 0.00705825
v 0.03196326 -0.01456146 0.00693037
v 0.03034506 -0.01375289 0.00692569
v 0.03041373 -0.01375289 0.00691321
v 0.03115201 -0.01375289 0.00677441
v 0.03032789 -0.01291040 0.00656699
v 0.03005318 -0.01249273 0.00643443
v 0.03059401 -0.01262125 0.00634554
v 0.03008322 -0.01165739 0.00566714
v 0.03034935 -0.01145034 0.00522890
v 0.02989007 -0.01093449 0.00474856
v 0.03017336 -0.01083454 0.00420896
v 0.03071419 -0.01093449 0.00392356
v 0.03041373 -0.01075243 0.00361633
v 0.03088589 -0.01086845 0.00338240
v 0.03346557 -0.01162169 0.00195074
v 0.03396777 -0.01173592 0.00139086
v 0.03399353 -0.01172343 0.00033037
v 0.03431116 -0.01188229 0.00112729
v 0.03439700 -0.01191263 0.00033037
v 0.03519967 -0.01230531 -0.00047124
v 0.03526834 -0.01235529 -0.00126817
v 0.03550871 -0.01257662 -0.00209005
v 0.02028387 -0.00706121 -0.00407223
v 0.03600662 -0.01301036 -0.00289946
v 0.03521254 -0.01265694 -0.00293221
v 0.03203194 -0.01149139 -0.00377592
v 0.03113913 -0.01108800 -0.00370418
v 0.03061976 -0.01097019 -0.00396930
v 0.02833196 -0.01010629 -0.00412058
v -0.00226796 -0.00706121 -0.00588755
v -0.00226796 -0.00715403 -0.00390380
v -0.00163699 -0.00930307 0.00076548
v -0.00147389 -0.00807683 0.00438675
v -0.00120347 -0.00814823 0.00525853
v -0.00120776 -0.00807683 0.00532559
v -0.00101890 -0.00871583 0.00502772
v -0.00102749 -0.00792154 0.00581529
v -0.00076565 -0.00762168 0.00635490
v -0.00022482 -0.00787335 0.00655452
v 0.00027309 -0.00807683 0.00666681
v 0.00038039 -0.00807683 0.00671515
v 0.00119164 -0.00805541 0.00703174
v 0.00201577 -0.00832851 0.00713779
v 0.00144918 -0.00776626 0.00725787
v 0.00247075 -0.00845881 0.00720173
v 0.00201577 -0.00792333 0.00733273
v 0.00363397 -0.00808397 0.00762749
v 0.01495710 -0.01558957 0.00714403
v 0.01545930 -0.01572523 0.00719861
v 0.00362968 -0.00807683 0.00762905
v 0.00444522 -0.00808397 0.00775069
v 0.00525217 -0.00808397 0.00784738
v 0.00606342 -0.00807683 0.00789885
v 0.01333890 -0.00970290 0.00789261
v 0.01414585 -0.00970290 0.00783958
v 0.01333461 -0.01082204 0.00789261
v 0.01414585 -0.01213396 0.00781619
v 0.01495281 -0.01213396 0.00782711
v 0.02224116 -0.01617681 0.00765244
v 0.02313396 -0.01617681 0.00766336
v 0.02313396 -0.01537003 0.00769923
v 0.02386366 -0.01537003 0.00769299
v 0.01414156 -0.01051325 0.00790041
v 0.01252336 -0.01051325 0.00789417
v 0.03115201 -0.01698538 0.00750116
v 0.03277022 -0.01779574 0.00745282
v 0.03357717 -0.01779574 0.00739355
v 0.03438842 -0.01779217 0.00728595
v 0.03353854 -0.01700502 0.00727659
v 0.03324237 -0.01652844 0.00722668
v 0.03277022 -0.01594834 0.00717522
v 0.03277022 -0.01537360 0.00704110
v 0.03202764 -0.01539323 0.00715806
v 0.03357717 -0.01537360 0.00685395
v 0.03277022 -0.01456146 0.00674166
v 0.03192463 -0.01373861 0.00656855
v 0.03115201 -0.01318171 0.00649370
v 0.03162846 -0.01331380 0.00642664
v 0.03216929 -0.01346194 0.00633150
v 0.03494642 -0.01407953 0.00566870
v 0.03115201 -0.01232852 0.00581061
v 0.03170572 -0.01246596 0.00567181
v 0.03358146 -0.01294075 0.00519303
v 0.03330246 -0.01248381 0.00485149
v 0.03062406 -0.01179126 0.00552366
v 0.03161987 -0.01170380 0.00482186
v 0.03041373 -0.01152709 0.00529596
v 0.03041373 -0.01101124 0.00442574
v 0.03215641 -0.01182695 0.00455986
v 0.03240537 -0.01171272 0.00401869
v 0.03258135 -0.01162883 0.00357110
v 0.03315223 -0.01174306 0.00311884
v 0.03330675 -0.01167345 0.00257767
v 0.03386905 -0.01178055 0.00195074
v 0.03438842 -0.01202508 0.00195074
v 0.03507948 -0.01237850 0.00195074
v 0.03525976 -0.01236243 0.00109298
v 0.03519967 -0.01230888 0.00033037
v 0.03562031 -0.01253021 -0.00047124
v 0.03561602 -0.01253378 -0.00099213
v 0.03593365 -0.01272477 -0.00126817
v 0.03558598 -0.01254806 -0.00153173
v 0.03600662 -0.01284793 -0.00209005
v 0.01985034 -0.00706121 -0.00452294
v 0.03650453 -0.01328702 -0.00289946
v 0.03642727 -0.01333700 -0.00332209
v 0.03403645 -0.01251237 -0.00418296
v 0.03234957 -0.01173771 -0.00408939
v 0.03157695 -0.01171986 -0.00493934
v 0.03115201 -0.01138965 -0.00451982
v 0.03216500 -0.01181446 -0.00451982
v 0.03175723 -0.01164311 -0.00451982
v 0.03041373 -0.01109335 -0.00453074
v 0.02980423 -0.01096305 -0.00480678
v -0.00226796 -0.00721293 -0.00553353
v -0.00215637 -0.00706121 -0.00597020
v -0.00013898 -0.00860338 -0.00582984
v 0.00139338 -0.01027586 -0.00510933
v 0.00085255 -0.01005988 -0.00482082
v 0.00070661 -0.01018304 -0.00428277
v -0.00081716 -0.01010450 -0.00167365
v -0.00226796 -0.00725755 -0.00451982
v -0.00164129 -0.00937090 0.00033193
v -0.00161553 -0.00945479 0.00033349
v -0.00149106 -0.00977786 0.00033349
v -0.00135370 -0.00889254 0.00357110
v -0.00138375 -0.00871583 0.00374577
v -0.00122064 -0.00871583 0.00440390
v -0.00115196 -0.00871583 0.00465499
v -0.00092876 -0.00937983 0.00416217
v -0.00075278 -0.00925488 0.00470178
v -0.00101461 -0.00871583 0.00503240
v -0.00078712 -0.00845881 0.00557200
v -0.00112621 -0.00894787 0.00441170
v -0.00108329 -0.00904605 0.00435556
v -0.00050812 -0.00816786 0.00607262
v 0.00010139 -0.00841418 0.00632838
v 0.00064223 -0.00857661 0.00648902
v 0.00038039 -0.00811967 0.00668864
v 0.00120452 -0.00873368 0.00660442
v 0.01193960 -0.01507194 0.00647654
v 0.01253194 -0.01523794 0.00657791
v 0.01415444 -0.01533254 0.00704422
v 0.01495710 -0.01617681 0.00681964
v 0.01574689 -0.01613754 0.00704889
v 0.01657530 -0.01637137 0.00712687
v 0.01715477 -0.01650702 0.00718613
v 0.01938248 -0.01739770 0.00721577
v 0.01740801 -0.01621251 0.00732182
v 0.01657530 -0.01537181 0.00746373
v 0.01574689 -0.01542179 0.00732961
v 0.01576406 -0.01456146 0.00756822
v 0.01657530 -0.01456146 0.00765088
v 0.01576406 -0.01375467 0.00771638
v 0.01333461 -0.01213396 0.00778812
v 0.01495710 -0.01294432 0.00777252
v 0.01252336 -0.01131290 0.00783491
v 0.01252765 -0.01082204 0.00787234
v 0.03034506 -0.01698360 0.00753859
v 0.03041373 -0.01698360 0.00753547
v 0.01333461 -0.01132361 0.00785674
v 0.01981171 -0.01537181 0.00767271
v 0.02142991 -0.01617681 0.00763372
v 0.02386366 -0.01698538 0.00759630
v 0.02467491 -0.01698538 0.00760721
v 0.02386366 -0.01617681 0.00766336
v 0.02475217 -0.01617681 0.00765556
v 0.02633603 -0.01618217 0.00763996
v 0.02953381 -0.01698360 0.00756978
v 0.03196326 -0.01779574 0.00747933
v 0.03357717 -0.01860431 0.00736704
v 0.03575767 -0.01914514 0.00723916
v 0.03575767 -0.01885598 0.00723916
v 0.03494642 -0.01805812 0.00724072
v 0.03411371 -0.01728168 0.00723604
v 0.03519967 -0.01698538 0.00697715
v 0.03353854 -0.01623036 0.00710660
v 0.03438842 -0.01618217 0.00692725
v 0.03600662 -0.01698538 0.00681028
v 0.03519967 -0.01618217 0.00673387
v 0.03595941 -0.01618752 0.00653112
v 0.03442276 -0.01532183 0.00660442
v 0.03277022 -0.01403490 0.00647342
v 0.03417810 -0.01485240 0.00646406
v 0.03350420 -0.01457395 0.00652956
v 0.03318228 -0.01415271 0.00640792
v 0.03372311 -0.01430978 0.00631747
v 0.03520825 -0.01451862 0.00588235
v 0.03600662 -0.01480599 0.00572016
v 0.03548296 -0.01422054 0.00551118
v 0.03438842 -0.01316565 0.00498249
v 0.03386476 -0.01340840 0.00553301
v 0.03332392 -0.01327274 0.00567181
v 0.03486057 -0.01330309 0.00483902
v 0.03383900 -0.01260875 0.00463783
v 0.03357288 -0.01237493 0.00437115
v 0.03407937 -0.01249095 0.00409667
v 0.03298483 -0.01181089 0.00357110
v 0.03424248 -0.01241062 0.00357110
v 0.03493784 -0.01246774 0.00259483
v 0.03357717 -0.01186265 0.00281161
v 0.03557310 -0.01255520 0.00133004
v 0.03653029 -0.01327810 0.00256364
v 0.03600662 -0.01288006 0.00195074
v 0.03561173 -0.01253557 0.00078887
v 0.03602379 -0.01274619 -0.00047124
v 0.03676207 -0.01314958 -0.00047124
v 0.03671915 -0.01317100 -0.00127909
v 0.03662472 -0.01321741 -0.00209005
v 0.01848968 -0.00706121 -0.00560839
v 0.03702819 -0.01347444 -0.00209005
v 0.03799826 -0.01417948 -0.00236765
v 0.03892969 -0.01490238 -0.00265773
v 0.03877517 -0.01502018 -0.00319889
v 0.03823433 -0.01481492 -0.00354355
v 0.03709687 -0.01424731 -0.00397242
v 0.03563748 -0.01332272 -0.00415177
v 0.03381325 -0.01264266 -0.00472257
v 0.03355571 -0.01241062 -0.00447928
v 0.03277022 -0.01208041 -0.00451982
v 0.03065410 -0.01176627 -0.00568637
v 0.03115201 -0.01163418 -0.00510310
v 0.03327242 -0.01249452 -0.00497833
v -0.00226796 -0.00727719 -0.00528712
v -0.00095881 -0.01020981 -0.00113405
v -0.00164129 -0.00931021 -0.00171108
v -0.00146530 -0.00706121 -0.00638348
v 0.00077529 -0.00931200 -0.00574407
v -0.00102749 -0.00706121 -0.00664081
v 0.00231194 -0.01098269 -0.00500328
v 0.00171960 -0.01082204 -0.00451982
v 0.00106287 -0.01030620 -0.00462431
v 0.00115730 -0.01041151 -0.00453854
v -0.00013039 -0.01019732 -0.00270763
v -0.00226796 -0.00726826 -0.00470541
v -0.00165846 -0.00941017 -0.00047436
v -0.00164129 -0.00945479 -0.00037611
v -0.00149535 -0.00981535 -0.00047124
v -0.00145672 -0.00986354 -0.00047124
v -0.00108329 -0.01028121 0.00033349
v -0.00113050 -0.00957795 0.00276326
v -0.00104036 -0.00947264 0.00357266
v -0.00127215 -0.00904605 0.00357110
v -0.00111333 -0.00904605 0.00425419
v -0.00048236 -0.00986354 0.00364128
v -0.00000591 -0.01010807 0.00397191
v 0.00136333 -0.01082204 0.00423235
v 0.00173247 -0.01082204 0.00462692
v 0.00327342 -0.01169844 0.00474232
v 0.00077099 -0.01012235 0.00480003
v -0.00021624 -0.00941909 0.00492323
v -0.00050382 -0.00894966 0.00524606
v -0.00064118 -0.00871583 0.00540201
v -0.00031067 -0.00871583 0.00566402
v 0.00724810 -0.01336199 0.00560943
v 0.00878046 -0.01422232 0.00567025
v 0.00929983 -0.01437404 0.00580749
v 0.00929983 -0.01423839 0.00592602
v 0.01091803 -0.01477922 0.00626444
v 0.01139448 -0.01492023 0.00637361
v 0.01350201 -0.01590907 0.00649681
v 0.01421453 -0.01617681 0.00658103
v 0.01495710 -0.01669801 0.00648434
v 0.01516742 -0.01674620 0.00651865
v 0.01576406 -0.01688364 0.00661378
v 0.01650663 -0.01706035 0.00670423
v 0.01452358 -0.01659448 0.00641260
v 0.01816346 -0.01785285 0.00666837
v 0.01819780 -0.01713353 0.00709880
v 0.01884594 -0.01728168 0.00717366
v 0.01981171 -0.01747980 0.00724072
v 0.01819351 -0.01617681 0.00743878
v 0.02062296 -0.01803670 0.00715806
v 0.01738655 -0.01537181 0.00756199
v 0.01819351 -0.01537181 0.00761969
v 0.01900476 -0.01537181 0.00765244
v 0.02061867 -0.01617681 0.00760409
v 0.02305241 -0.01698717 0.00757446
v 0.02548615 -0.01779574 0.00749025
v 0.02633603 -0.01779395 0.00750428
v 0.02710436 -0.01779395 0.00750584
v 0.02475217 -0.01698538 0.00760721
v 0.02633603 -0.01698360 0.00759941
v 0.02791561 -0.01698360 0.00759006
v 0.02872685 -0.01698360 0.00758382
v 0.03115201 -0.01779574 0.00748869
v 0.03041373 -0.01779395 0.00749492
v 0.02872685 -0.01779395 0.00750272
v 0.03277022 -0.01860431 0.00736860
v 0.03438842 -0.01923974 0.00725787
v 0.03519967 -0.01922546 0.00725475
v 0.03519967 -0.01963064 0.00717522
v 0.03600662 -0.02022323 0.00699431
v 0.03601950 -0.01941466 0.00715962
v 0.03681787 -0.01941288 0.00700055
v 0.03681787 -0.01860431 0.00697248
v 0.03601950 -0.01859181 0.00714871
v 0.03465454 -0.01751907 0.00718769
v 0.03600662 -0.01779574 0.00700367
v 0.03681787 -0.01779574 0.00684927
v 0.03682216 -0.01695682 0.00658571
v 0.03656033 -0.01646061 0.00646250
v 0.03565894 -0.01574129 0.00642196
v 0.03519967 -0.01558600 0.00649370
v 0.03471463 -0.01501840 0.00637829
v 0.03519967 -0.01518082 0.00630499
v 0.03442276 -0.01457395 0.00621766
v 0.03595941 -0.01543250 0.00613500
v 0.03619548 -0.01592335 0.00632682
v 0.03710116 -0.01667302 0.00634242
v 0.03641868 -0.01495771 0.00560319
v 0.03603667 -0.01438832 0.00522111
v 0.03578771 -0.01402776 0.00497158
v 0.03515674 -0.01320135 0.00431813
v 0.03436267 -0.01276939 0.00437115
v 0.03804977 -0.01495414 0.00399686
v 0.03539711 -0.01349050 0.00454894
v 0.03562890 -0.01333164 0.00400622
v 0.03464596 -0.01261232 0.00357110
v 0.03579630 -0.01323883 0.00357110
v 0.03637147 -0.01337448 0.00310324
v 0.03606242 -0.01310496 0.00280381
v 0.03520396 -0.01266587 0.00282252
v 0.03661613 -0.01322276 0.00195074
v 0.03713979 -0.01339590 0.00033037
v 0.03680499 -0.01354762 0.00280381
v 0.03745313 -0.01398314 0.00276014
v 0.03798109 -0.01419555 0.00218623
v 0.03702390 -0.01347444 0.00195074
v 0.03673632 -0.01316386 0.00033037
v 0.03716555 -0.01338162 -0.00047124
v 0.03711833 -0.01341018 -0.00127909
v 0.01804757 -0.00706121 -0.00592654
v 0.03768921 -0.01392067 -0.00209317
v 0.03806264 -0.01413664 -0.00182805
v 0.03837169 -0.01439903 -0.00209317
v 0.03899408 -0.01485061 -0.00209005
v 0.03939755 -0.01522902 -0.00209005
v 0.03970231 -0.01570024 -0.00262186
v 0.03925161 -0.01535753 -0.00290881
v 0.03840603 -0.01557529 -0.00444809
v 0.03810986 -0.01570202 -0.00499705
v 0.03800255 -0.01498805 -0.00408159
v 0.03899837 -0.01560564 -0.00371042
v 0.03722135 -0.01496842 -0.00492375
v 0.03780510 -0.01512906 -0.00451982
v 0.03740162 -0.01483276 -0.00451982
v 0.03519967 -0.01348336 -0.00474908
v 0.03479190 -0.01334949 -0.00492375
v 0.03627704 -0.01424731 -0.00480834
v 0.03172289 -0.01243561 -0.00582049
v 0.03115201 -0.01228925 -0.00593277
v 0.03041373 -0.01202508 -0.00597332
v 0.01496569 -0.00706121 -0.00726463
v 0.01630918 -0.00706121 -0.00674062
v 0.01688864 -0.00706121 -0.00650669
v 0.01702171 -0.00706121 -0.00644898
v 0.01725778 -0.00706121 -0.00633202
v 0.01791451 -0.00706121 -0.00599828
v 0.03352996 -0.01297287 -0.00529804
v 0.03226372 -0.01259983 -0.00567389
v -0.00165416 -0.00934948 -0.00127753
v -0.00013468 -0.01082204 -0.00100617
v -0.00002738 -0.01092914 -0.00090324
v -0.00108758 -0.01029014 -0.00046968
v -0.00104036 -0.01025979 -0.00071609
v 0.00316182 -0.01257484 -0.00259846
v -0.00161983 -0.00945479 -0.00109818
v 0.01132151 -0.01577342 -0.00573159
v -0.00038793 -0.00706121 -0.00690593
v 0.01050168 -0.01416342 -0.00654880
v 0.00965609 -0.01580198 -0.00416113
v 0.00406320 -0.01252129 -0.00408159
v 0.00382283 -0.01264088 -0.00351392
v 0.01199111 -0.01665874 -0.00503448
v 0.01145028 -0.01650702 -0.00478339
v 0.00332063 -0.01246774 -0.00313807
v -0.00164129 -0.00945479 -0.00047124
v -0.00104465 -0.01030620 0.00033037
v -0.00045661 -0.01068460 0.00033037
v -0.00001879 -0.01092378 0.00075612
v -0.00013039 -0.01082204 0.00086373
v -0.00078282 -0.01030620 0.00112418
v -0.00093735 -0.01019018 0.00114289
v -0.00075278 -0.01005988 0.00216751
v -0.00010893 -0.01017769 0.00343386
v 0.00113584 -0.01120223 0.00280693
v 0.00174535 -0.01163597 0.00275702
v 0.00223897 -0.01196975 0.00276482
v 0.00229047 -0.01181268 0.00334497
v 0.00274546 -0.01196975 0.00363037
v 0.00150498 -0.01098090 0.00409823
v 0.00329059 -0.01196975 0.00427758
v 0.00350520 -0.01196975 0.00450839
v 0.00580588 -0.01325846 0.00463004
v 0.00480577 -0.01256056 0.00481250
v 0.00634671 -0.01341732 0.00487333
v 0.00978915 -0.01491844 0.00553301
v 0.01132580 -0.01576985 0.00558760
v 0.01032569 -0.01507551 0.00570924
v 0.01091803 -0.01524687 0.00586052
v 0.01333890 -0.01675334 0.00575447
v 0.01442056 -0.01746017 0.00567181
v 0.01411581 -0.01674620 0.00612252
v 0.01399133 -0.01644633 0.00630811
v 0.01296117 -0.01575914 0.00639388
v 0.01495710 -0.01674620 0.00645003
v 0.01576406 -0.01728703 0.00633150
v 0.01787588 -0.01816165 0.00637829
v 0.01738655 -0.01764937 0.00657947
v 0.01495710 -0.01710140 0.00618958
v 0.01982888 -0.01864357 0.00662782
v 0.01906914 -0.01771720 0.00698027
v 0.01981171 -0.01788498 0.00706605
v 0.01981171 -0.01698717 0.00737952
v 0.01900476 -0.01617681 0.00752456
v 0.02129256 -0.01814201 0.00719705
v 0.02062296 -0.01860431 0.00683836
v 0.02150718 -0.01852398 0.00701770
v 0.01981171 -0.01617681 0.00757446
v 0.02224116 -0.01698717 0.00754015
v 0.02386366 -0.01779574 0.00743566
v 0.02467491 -0.01779574 0.00746841
v 0.02791561 -0.01917191 0.00725631
v 0.02953381 -0.01966455 0.00718613
v 0.03041373 -0.01963421 0.00719393
v 0.03041373 -0.01920582 0.00726723
v 0.03277022 -0.01925759 0.00725787
v 0.03438842 -0.01964492 0.00717834
v 0.03196326 -0.01966812 0.00718613
v 0.03277022 -0.01966455 0.00718457
v 0.03519967 -0.02022323 0.00703486
v 0.03438842 -0.02022323 0.00704266
v 0.03600662 -0.02103002 0.00676194
v 0.03681787 -0.02022323 0.00685083
v 0.03519967 -0.02103002 0.00682120
v 0.03573621 -0.02227768 0.00642819
v 0.03762483 -0.02022323 0.00663717
v 0.03818712 -0.02022323 0.00646250
v 0.03762483 -0.01941288 0.00673854
v 0.03762483 -0.01860431 0.00669800
v 0.03764629 -0.01782430 0.00656388
v 0.03739304 -0.01720850 0.00649681
v 0.03770638 -0.01690149 0.00606638
v 0.03741450 -0.01618217 0.00574979
v 0.03801972 -0.01659448 0.00558604
v 0.03863781 -0.01599296 0.00462224
v 0.03809698 -0.01571273 0.00483902
v 0.03893827 -0.01568060 0.00408264
v 0.03725569 -0.01494343 0.00481406
v 0.03859060 -0.01514513 0.00357110
v 0.03818712 -0.01484883 0.00357110
v 0.03731149 -0.01409381 0.00329039
v 0.03683075 -0.01390639 0.00356487
v 0.03710975 -0.01423125 0.00382999
v 0.03619548 -0.01348872 0.00357110
v 0.03708399 -0.01343339 0.00114133
v 0.03762483 -0.01371540 0.00033037
v 0.03786090 -0.01428122 0.00276014
v 0.03806264 -0.01413843 0.00164506
v 0.03767633 -0.01392424 0.00192890
v 0.03846612 -0.01472745 0.00271647
v 0.03896403 -0.01487382 0.00195074
v 0.03810556 -0.01410809 0.00114133
v 0.03762483 -0.01379037 0.00114133
v 0.03762483 -0.01368863 -0.00047124
v 0.03762483 -0.01375646 -0.00127909
v 0.03810986 -0.01410095 -0.00127909
v 0.03851334 -0.01440974 -0.00127909
v 0.03903700 -0.01481135 -0.00127909
v 0.03944048 -0.01518439 -0.00127909
v 0.03974952 -0.01563419 -0.00209005
v 0.03983966 -0.01617146 -0.00289322
v 0.03957783 -0.01589301 -0.00316146
v 0.04045346 -0.01658734 -0.00166741
v 0.04061228 -0.01711568 -0.00209005
v 0.04050926 -0.01728703 -0.00262186
v 0.03884814 -0.01576806 -0.00412838
v 0.03865069 -0.01604651 -0.00466642
v 0.03883955 -0.01658556 -0.00492375
v 0.03840603 -0.01626070 -0.00508438
v 0.03761624 -0.01617681 -0.00553665
v 0.03709687 -0.01590372 -0.00567701
v 0.03622553 -0.01512192 -0.00563022
v 0.03754756 -0.01540751 -0.00509530
v 0.03681787 -0.01483098 -0.00504851
v 0.03519967 -0.01388854 -0.00516548
v 0.03378320 -0.01347979 -0.00561775
v 0.03324237 -0.01330666 -0.00577214
v 0.03277022 -0.01316208 -0.00590470
v 0.03218217 -0.01345659 -0.00646458
v 0.03164134 -0.01330666 -0.00657063
v 0.01466522 -0.00706121 -0.00736444
v 0.00103712 -0.01158599 -0.00046968
v -0.00005742 -0.01094342 -0.00046968
v -0.00025916 -0.01082204 -0.00046968
v -0.00022482 -0.01082204 -0.00070673
v 0.00310601 -0.01264088 -0.00209005
v 0.00179686 -0.01196975 -0.00128065
v 0.00408896 -0.01331737 -0.00128065
v 0.00349662 -0.01264088 -0.00298211
v 0.00483582 -0.01335306 -0.00331741
v 0.00432074 -0.01317993 -0.00289946
v 0.00457399 -0.01350657 -0.00209005
v 0.00362968 -0.01295324 -0.00209005
v 0.01150179 -0.01486311 -0.00646770
v 0.01168206 -0.01539145 -0.00615735
v 0.01288391 -0.01660876 -0.00575966
v 0.01257916 -0.01677298 -0.00531519
v 0.00028167 -0.00706121 -0.00717729
v 0.01074634 -0.01423839 -0.00659558
v 0.01121420 -0.01664268 -0.00424690
v 0.01223148 -0.01733880 -0.00394747
v 0.01552369 -0.01810631 -0.00560059
v 0.01357927 -0.01747266 -0.00504851
v 0.01303844 -0.01733523 -0.00482238
v 0.01251048 -0.01721028 -0.00453854
v 0.01172069 -0.01679439 -0.00451515
v -0.00004884 -0.01093985 0.00033037
v 0.00180115 -0.01196975 0.00083566
v 0.00267249 -0.01238564 0.00195074
v 0.00156507 -0.01175377 0.00168249
v 0.00164663 -0.01170023 0.00222210
v 0.00060359 -0.01105408 0.00195074
v 0.00001555 -0.01082204 0.00126298
v 0.00200289 -0.01196975 0.00200220
v 0.00314465 -0.01258376 0.00254960
v 0.00285277 -0.01234637 0.00279601
v 0.00326054 -0.01251772 0.00308920
v 0.00248792 -0.01168416 0.00388613
v 0.00343652 -0.01241062 0.00357110
v 0.00401599 -0.01254806 0.00399842
v 0.00555264 -0.01340661 0.00409043
v 0.00808939 -0.01496485 0.00397035
v 0.00734682 -0.01411344 0.00471269
v 0.00889206 -0.01496663 0.00478755
v 0.01043300 -0.01581983 0.00484681
v 0.01287533 -0.01661769 0.00563439
v 0.01387973 -0.01731024 0.00546595
v 0.01414585 -0.01760832 0.00519303
v 0.01519747 -0.01828481 0.00492791
v 0.01629630 -0.01895594 0.00469086
v 0.01554944 -0.01811881 0.00546751
v 0.01609027 -0.01823483 0.00563594
v 0.01495710 -0.01758333 0.00578410
v 0.01738655 -0.01805455 0.00629407
v 0.01841671 -0.01827945 0.00645939
v 0.01957563 -0.01893987 0.00635178
v 0.01900476 -0.01840975 0.00654516
v 0.02011217 -0.01904697 0.00643287
v 0.02062296 -0.01698717 0.00744190
v 0.02142991 -0.01698717 0.00749492
v 0.02182910 -0.01819913 0.00721265
v 0.02313396 -0.01779574 0.00739511
v 0.02313396 -0.01941466 0.00675258
v 0.02386366 -0.01941466 0.00684615
v 0.02386366 -0.01879351 0.00714247
v 0.02467491 -0.01888275 0.00717522
v 0.02062296 -0.01912372 0.00649214
v 0.02142991 -0.01924331 0.00657479
v 0.02230555 -0.01944857 0.00659663
v 0.02305241 -0.01941466 0.00674010
v 0.02467491 -0.01847579 0.00729062
v 0.02591968 -0.01900234 0.00721109
v 0.02710436 -0.01910408 0.00724384
v 0.02872685 -0.01963421 0.00717210
v 0.03115201 -0.02022323 0.00704733
v 0.03196326 -0.02022323 0.00705825
v 0.03034506 -0.01966634 0.00718769
v 0.03041373 -0.01966634 0.00718769
v 0.03277022 -0.02022323 0.00705513
v 0.03600662 -0.02187607 0.00651397
v 0.03627704 -0.02216880 0.00637517
v 0.03661613 -0.02162975 0.00646250
v 0.03807123 -0.02065518 0.00641416
v 0.03438842 -0.02103002 0.00682744
v 0.03540999 -0.02227768 0.00642819
v 0.03572762 -0.02306661 0.00560475
v 0.03626845 -0.02304698 0.00558136
v 0.03681787 -0.02302021 0.00555329
v 0.03762483 -0.02296487 0.00549870
v 0.03762483 -0.02255970 0.00578878
v 0.03859060 -0.02022323 0.00631747
v 0.03823863 -0.01941288 0.00649837
v 0.03814420 -0.01860431 0.00646874
v 0.03807123 -0.01810988 0.00643131
v 0.03793387 -0.01757262 0.00633150
v 0.03826438 -0.01713174 0.00579190
v 0.03889106 -0.01653023 0.00482654
v 0.03965938 -0.01737271 0.00479691
v 0.03963792 -0.01660876 0.00394540
v 0.03949628 -0.01616967 0.00363349
v 0.03906275 -0.01555209 0.00357110
v 0.03875370 -0.01503446 0.00295820
v 0.03815278 -0.01407060 0.00033037
v 0.03908421 -0.01478814 0.00114133
v 0.03850904 -0.01438296 0.00114133
v 0.03886531 -0.01494700 0.00241860
v 0.03936751 -0.01525936 0.00195074
v 0.03948769 -0.01512906 0.00114133
v 0.03815278 -0.01406346 -0.00047124
v 0.03907563 -0.01478279 -0.00047124
v 0.03951344 -0.01510407 0.00033037
v 0.03947911 -0.01514156 -0.00047124
v 0.03856055 -0.01437939 -0.00047124
v 0.03978815 -0.01558957 -0.00127909
v 0.04024743 -0.01624285 -0.00135083
v 0.04026031 -0.01700859 -0.00289322
v 0.04040195 -0.01751015 -0.00316146
v 0.04029894 -0.01778503 -0.00374161
v 0.03972806 -0.01643206 -0.00344998
v 0.03974094 -0.01724241 -0.00425626
v 0.03956924 -0.01670336 -0.00398958
v 0.03940184 -0.01617146 -0.00371666
v 0.04047922 -0.01655521 -0.00112937
v 0.04067237 -0.01690863 -0.00135083
v 0.04103722 -0.01779574 -0.00127909
v 0.04085265 -0.01779574 -0.00209005
v 0.04052214 -0.01804741 -0.00349364
v 0.03895974 -0.01626070 -0.00444809
v 0.03953920 -0.01756905 -0.00479586
v 0.03970231 -0.01810631 -0.00496430
v 0.03895974 -0.01698538 -0.00501108
v 0.03837169 -0.01704071 -0.00543372
v 0.03788236 -0.01681046 -0.00565673
v 0.03734153 -0.01644277 -0.00579397
v 0.03656033 -0.01566275 -0.00579865
v 0.03568899 -0.01491487 -0.00577370
v 0.03571904 -0.01647132 -0.00660182
v 0.03598087 -0.01457931 -0.00531675
v 0.03519967 -0.01435084 -0.00556940
v 0.03419526 -0.01401884 -0.00585168
v 0.03283460 -0.01373682 -0.00634761
v 0.03314365 -0.01418484 -0.00652696
v 0.03260282 -0.01399564 -0.00662677
v 0.03193321 -0.01373682 -0.00668915
v 0.03115201 -0.01375289 -0.00685759
v 0.01436047 -0.00706121 -0.00741278
v 0.03041373 -0.01375289 -0.00699483
v 0.02915179 -0.01414378 -0.00735664
v 0.00169813 -0.01196975 -0.00046968
v 0.00519208 -0.01395815 -0.00128065
v 0.00562561 -0.01417234 -0.00175943
v 0.00472851 -0.01341197 -0.00289946
v 0.01207266 -0.01742269 -0.00340943
v 0.00531656 -0.01393495 -0.00205418
v 0.01204691 -0.01501126 -0.00657531
v 0.01253194 -0.01554852 -0.00638504
v 0.01084506 -0.01423839 -0.00663301
v 0.01334748 -0.01613576 -0.00628211
v 0.01446778 -0.01743518 -0.00577526
v 0.00054779 -0.00706121 -0.00728022
v 0.01277231 -0.01747445 -0.00428277
v 0.01361790 -0.01826339 -0.00345465
v 0.01606452 -0.01825446 -0.00578618
v 0.01578123 -0.01840975 -0.00532923
v 0.01520176 -0.01828123 -0.00505943
v 0.01332173 -0.01762260 -0.00453854
v 0.01466093 -0.01814737 -0.00482082
v 0.00174106 -0.01196975 0.00033193
v 0.00827396 -0.01566454 0.00114133
v 0.00311460 -0.01264088 0.00195074
v 0.00525217 -0.01386534 0.00194918
v 0.00727385 -0.01496663 0.00236246
v 0.00469847 -0.01343339 0.00275858
v 0.00480577 -0.01337270 0.00321865
v 0.00382712 -0.01264088 0.00357110
v 0.00965180 -0.01580376 0.00403897
v 0.01145028 -0.01651059 0.00464407
v 0.00989217 -0.01566454 0.00457857
v 0.00828684 -0.01484883 0.00437895
v 0.00793058 -0.01505231 0.00342919
v 0.01207696 -0.01741733 0.00324048
v 0.01106397 -0.01674620 0.00356955
v 0.01199111 -0.01665339 0.00489204
v 0.01358785 -0.01746731 0.00492635
v 0.01465235 -0.01814737 0.00468462
v 0.01597867 -0.01910944 0.00415282
v 0.01657101 -0.01925045 0.00440702
v 0.01735651 -0.01962171 0.00437115
v 0.01683284 -0.01907196 0.00487800
v 0.01853260 -0.01984661 0.00482498
v 0.01900476 -0.01964313 0.00536146
v 0.01782437 -0.01899520 0.00557668
v 0.01836091 -0.01910765 0.00570612
v 0.01900476 -0.01923795 0.00584180
v 0.01900476 -0.01881671 0.00624573
v 0.01985463 -0.01940217 0.00598840
v 0.02062296 -0.01952890 0.00612096
v 0.02142991 -0.01964849 0.00624573
v 0.02208235 -0.01974666 0.00633774
v 0.02262318 -0.01982341 0.00640792
v 0.02475217 -0.01888811 0.00717834
v 0.02548615 -0.01896129 0.00719861
v 0.02305241 -0.01987339 0.00645003
v 0.02313396 -0.01988231 0.00645627
v 0.02386366 -0.01995906 0.00651241
v 0.02475217 -0.01941466 0.00693349
v 0.02548615 -0.02012328 0.00660286
v 0.02710436 -0.02022323 0.00672607
v 0.02791561 -0.02022323 0.00681496
v 0.02710436 -0.01950926 0.00710192
v 0.02791561 -0.01957709 0.00714247
v 0.03357717 -0.02103002 0.00682276
v 0.03818283 -0.02243296 0.00568897
v 0.03762483 -0.02184216 0.00611940
v 0.03837598 -0.02096754 0.00618335
v 0.03487345 -0.02222413 0.00639077
v 0.03438842 -0.02260789 0.00594629
v 0.03438842 -0.02301306 0.00555017
v 0.03489920 -0.02305055 0.00558760
v 0.03544004 -0.02306661 0.00560475
v 0.02872685 -0.02022323 0.00689450
v 0.02612571 -0.02058735 0.00637205
v 0.03519967 -0.02381985 0.00470957
v 0.03762483 -0.02323618 0.00509166
v 0.03827297 -0.02315229 0.00496690
v 0.03864210 -0.01941288 0.00629251
v 0.03904987 -0.02103002 0.00578722
v 0.03919152 -0.02022323 0.00591198
v 0.03854767 -0.01860431 0.00621298
v 0.03914860 -0.01860431 0.00580749
v 0.03955208 -0.01860431 0.00551586
v 0.03900695 -0.01797423 0.00571080
v 0.03926878 -0.01774040 0.00537394
v 0.03880092 -0.01743518 0.00556577
v 0.03919152 -0.01705856 0.00496222
v 0.03977098 -0.01779574 0.00493727
v 0.04006286 -0.01779574 0.00437739
v 0.03975381 -0.01719243 0.00437739
v 0.03974094 -0.01643027 0.00340423
v 0.04045346 -0.01821341 0.00396255
v 0.04056506 -0.01799029 0.00342451
v 0.04042771 -0.01745125 0.00307361
v 0.03957783 -0.01589122 0.00293793
v 0.03966368 -0.01575914 0.00239677
v 0.03856055 -0.01436154 0.00033037
v 0.03910567 -0.01476672 0.00033037
v 0.03972806 -0.01566454 0.00195074
v 0.03981820 -0.01553245 0.00114133
v 0.03984395 -0.01550568 0.00033037
v 0.03982249 -0.01554673 -0.00047124
v 0.04042771 -0.01835977 -0.00403325
v 0.03987829 -0.01782251 -0.00452450
v 0.04049209 -0.01653380 -0.00047124
v 0.04074534 -0.01698538 -0.00047124
v 0.04108443 -0.01779574 -0.00047124
v 0.04123037 -0.01847222 -0.00047124
v 0.04127329 -0.01897557 -0.00088920
v 0.04117028 -0.01866678 -0.00120891
v 0.04096425 -0.01860431 -0.00209005
v 0.04077109 -0.01860431 -0.00289946
v 0.04055648 -0.01862037 -0.00374161
v 0.04023455 -0.01862037 -0.00446680
v 0.03979674 -0.01860431 -0.00503448
v 0.03888247 -0.01891845 -0.00576434
v 0.03858201 -0.01779574 -0.00557252
v 0.03805406 -0.01734594 -0.00574875
v 0.03762912 -0.01855611 -0.00639128
v 0.03735870 -0.01879351 -0.00661586
v 0.03718272 -0.01825268 -0.00652228
v 0.03675778 -0.01703536 -0.00630239
v 0.03625558 -0.01679975 -0.00646614
v 0.03541858 -0.01593406 -0.00645990
v 0.03487774 -0.01570738 -0.00658155
v 0.03519967 -0.01698538 -0.00697143
v 0.03516533 -0.01619288 -0.00670163
v 0.03599374 -0.01703536 -0.00667512
v 0.03357717 -0.01476851 -0.00663769
v 0.03432403 -0.01541108 -0.00665952
v 0.03283460 -0.01449898 -0.00675933
v 0.03438842 -0.01618217 -0.00696987
v 0.03357717 -0.01537360 -0.00688878
v 0.03196326 -0.01456146 -0.00698391
v 0.01404713 -0.00706121 -0.00745801
v 0.03115201 -0.01456146 -0.00712739
v 0.03277022 -0.01537360 -0.00707280
v 0.03215641 -0.01591264 -0.00732077
v 0.03257706 -0.01645169 -0.00738471
v 0.03191604 -0.01618217 -0.00741746
v 0.02946942 -0.01458109 -0.00740187
v 0.02872685 -0.01456146 -0.00746581
v 0.01150608 -0.00706121 -0.00774965
v 0.01231733 -0.00706121 -0.00767479
v 0.01252765 -0.00706121 -0.00765451
v 0.01312857 -0.00706121 -0.00759057
v 0.00567711 -0.01423839 -0.00128065
v 0.00558268 -0.01419733 -0.00046968
v 0.00884055 -0.01580376 -0.00259067
v 0.01309853 -0.01810988 -0.00289946
v 0.01339899 -0.01839012 -0.00209005
v 0.01326164 -0.01840796 -0.00133523
v 0.01288391 -0.01822769 -0.00109974
v 0.00713221 -0.01504517 -0.00128065
v 0.00672444 -0.01482027 -0.00128065
v 0.01253194 -0.01514334 -0.00665329
v 0.01362219 -0.01583768 -0.00658466
v 0.01308136 -0.01569667 -0.00649109
v 0.01175503 -0.01458109 -0.00672814
v 0.00077099 -0.00706121 -0.00736132
v 0.01090945 -0.01423839 -0.00665329
v 0.01466093 -0.01674620 -0.00634449
v 0.01495281 -0.01695147 -0.00630862
v 0.01495710 -0.01755477 -0.00587663
v 0.01438622 -0.01828123 -0.00427965
v 0.01384968 -0.01814737 -0.00399582
v 0.01414585 -0.01865428 -0.00289946
v 0.01350201 -0.01832943 -0.00289946
v 0.01546789 -0.01895772 -0.00396775
v 0.01527044 -0.01905232 -0.00342814
v 0.01576406 -0.01942359 -0.00289946
v 0.01578123 -0.01781894 -0.00599828
v 0.01655384 -0.01776718 -0.00632266
v 0.01738655 -0.01802064 -0.00641779
v 0.01657960 -0.01835263 -0.00588443
v 0.01840812 -0.01907731 -0.00581425
v 0.01786729 -0.01898092 -0.00569884
v 0.01738655 -0.01889882 -0.00558344
v 0.01738655 -0.01920047 -0.00518107
v 0.01681997 -0.01908980 -0.00502980
v 0.01627913 -0.01895594 -0.00482082
v 0.00929983 -0.01630176 0.00033193
v 0.01129146 -0.01740484 0.00088089
v 0.01019692 -0.01676227 0.00114133
v 0.00834693 -0.01562706 0.00195074
v 0.01090945 -0.01706927 0.00195074
v 0.01296547 -0.01818306 0.00215816
v 0.00883626 -0.01580912 0.00249658
v 0.01195677 -0.01748694 0.00276014
v 0.00738975 -0.01490059 0.00290362
v 0.01051885 -0.01657842 0.00315315
v 0.01121420 -0.01663911 0.00410291
v 0.01279807 -0.01746196 0.00412786
v 0.01438622 -0.01828837 0.00414814
v 0.01305131 -0.01733166 0.00466435
v 0.01252765 -0.01780288 0.00276014
v 0.01309853 -0.01811345 0.00276014
v 0.01365653 -0.01824554 0.00328727
v 0.01226153 -0.01732095 0.00378008
v 0.01706034 -0.01978771 0.00384403
v 0.01543784 -0.01897022 0.00386898
v 0.01760546 -0.01988053 0.00409511
v 0.01900476 -0.02022323 0.00437895
v 0.02042122 -0.02056594 0.00464407
v 0.01900476 -0.01993764 0.00495598
v 0.01959710 -0.01975737 0.00551118
v 0.02013364 -0.01984483 0.00562971
v 0.02062296 -0.01991622 0.00571392
v 0.02142991 -0.02003224 0.00584180
v 0.02230555 -0.02007865 0.00604143
v 0.02313396 -0.02046420 0.00582777
v 0.02313396 -0.02033747 0.00596813
v 0.02467491 -0.02081940 0.00582153
v 0.02386366 -0.02036424 0.00612096
v 0.02475217 -0.02045349 0.00623481
v 0.02548615 -0.02052845 0.00631591
v 0.03850046 -0.02273283 0.00523046
v 0.03872366 -0.02207598 0.00549559
v 0.03889535 -0.02153515 0.00564998
v 0.03844895 -0.02181895 0.00579970
v 0.03277022 -0.02246866 0.00581217
v 0.03115201 -0.02232765 0.00567493
v 0.03438842 -0.02341289 0.00514625
v 0.03357717 -0.02294345 0.00548155
v 0.03438842 -0.02381628 0.00469554
v 0.03518250 -0.02335042 0.00526633
v 0.03519967 -0.02404118 0.00430409
v 0.03600662 -0.02376809 0.00460664
v 0.03759478 -0.02366635 0.00431345
v 0.03784803 -0.02383591 0.00392044
v 0.03681787 -0.02370562 0.00448344
v 0.03843607 -0.02459986 0.00222210
v 0.03894257 -0.02474266 0.00166222
v 0.03890394 -0.02389303 0.00321553
v 0.03881380 -0.02303627 0.00476572
v 0.03920440 -0.01941288 0.00588703
v 0.03945335 -0.02103002 0.00540201
v 0.03959500 -0.02022323 0.00553769
v 0.03961217 -0.01941288 0.00555485
v 0.03992122 -0.01860431 0.00511038
v 0.04035045 -0.01852934 0.00438987
v 0.04052214 -0.01728168 0.00253557
v 0.04052643 -0.01875245 0.00413098
v 0.04066808 -0.01852934 0.00364284
v 0.04103722 -0.01860431 0.00276014
v 0.04068954 -0.01775111 0.00278665
v 0.03981391 -0.01616967 0.00270400
v 0.04037191 -0.01673371 0.00195074
v 0.04004569 -0.01618217 0.00195074
v 0.04044058 -0.01661947 0.00129729
v 0.04026031 -0.01625892 0.00107271
v 0.04024743 -0.01615182 0.00033037
v 0.04047492 -0.01890060 -0.00416425
v 0.04047492 -0.01655521 0.00033037
v 0.04070242 -0.01698538 0.00033037
v 0.04103293 -0.01779574 0.00114133
v 0.04124325 -0.01834014 0.00114133
v 0.04123896 -0.01837048 0.00033037
v 0.04142353 -0.01941288 0.00033037
v 0.04155229 -0.02022323 0.00033037
v 0.04144928 -0.02022323 -0.00047124
v 0.04131622 -0.02022323 -0.00108414
v 0.04073676 -0.02022323 -0.00371042
v 0.04026031 -0.01941288 -0.00462899
v 0.03985683 -0.01941288 -0.00507970
v 0.03930741 -0.01941288 -0.00548674
v 0.03890394 -0.01941288 -0.00577994
v 0.03843607 -0.01941288 -0.00610276
v 0.03787378 -0.01941288 -0.00645990
v 0.03845753 -0.01863108 -0.00593433
v 0.03681787 -0.01941288 -0.00685447
v 0.03687367 -0.01855611 -0.00673126
v 0.03600662 -0.01779574 -0.00687162
v 0.03661184 -0.01779574 -0.00663769
v 0.03747030 -0.01941288 -0.00665640
v 0.03644873 -0.01733701 -0.00656283
v 0.03519967 -0.01779574 -0.00709308
v 0.03438842 -0.01698538 -0.00717261
v 0.03357717 -0.01618217 -0.00715078
v 0.03281743 -0.01618217 -0.00728022
v 0.03311360 -0.01664625 -0.00734572
v 0.03281743 -0.01694254 -0.00742838
v 0.03115201 -0.01618217 -0.00750324
v 0.03041373 -0.01537717 -0.00744086
v 0.03041373 -0.01534325 -0.00743462
v 0.02953381 -0.01537360 -0.00752195
v 0.01069912 -0.00706121 -0.00780891
v 0.00863023 -0.01592157 -0.00046968
v 0.00768162 -0.01539145 -0.00046968
v 0.00710216 -0.01506659 -0.00046968
v 0.01445490 -0.01906303 -0.00128065
v 0.01405142 -0.01884527 -0.00128065
v 0.01333890 -0.01852220 -0.00046812
v 0.01284099 -0.01825089 -0.00046812
v 0.01132151 -0.01738877 -0.00085489
v 0.01097812 -0.01721921 -0.00053674
v 0.00929983 -0.01629283 -0.00046968
v 0.01494852 -0.01621786 -0.00677493
v 0.01655384 -0.01703714 -0.00679520
v 0.01414585 -0.01597512 -0.00666888
v 0.01744235 -0.01691577 -0.00712271
v 0.01576406 -0.01680510 -0.00668448
v 0.01521035 -0.01666053 -0.00659402
v 0.01576406 -0.01720850 -0.00642559
v 0.01481545 -0.01674620 -0.00640064
v 0.01253194 -0.01456146 -0.00694804
v 0.01721057 -0.01643384 -0.00730674
v 0.01736080 -0.01674620 -0.00718821
v 0.00113584 -0.00706121 -0.00744709
v 0.01600872 -0.01908802 -0.00427809
v 0.01460513 -0.01898271 -0.00231930
v 0.01623621 -0.01978771 -0.00222729
v 0.01421024 -0.01882028 -0.00206510
v 0.01662681 -0.01960208 -0.00366675
v 0.01575118 -0.01918262 -0.00370262
v 0.01693586 -0.01983947 -0.00336888
v 0.01678992 -0.01990730 -0.00289946
v 0.01680709 -0.01747802 -0.00660182
v 0.01738655 -0.01761546 -0.00669539
v 0.01792738 -0.01814201 -0.00650201
v 0.02017656 -0.01902376 -0.00655347
v 0.01900476 -0.01918084 -0.00593589
v 0.02027528 -0.01980199 -0.00570820
v 0.01892749 -0.01962885 -0.00532143
v 0.01860986 -0.01981448 -0.00491751
v 0.01655814 -0.01922546 -0.00453542
v 0.01819780 -0.01974666 -0.00477871
v 0.01740801 -0.01960565 -0.00448396
v 0.01015400 -0.01678369 0.00033193
v 0.01127859 -0.01741198 0.00033193
v 0.01284528 -0.01824911 0.00033193
v 0.01333890 -0.01850792 0.00033193
v 0.01248473 -0.01801528 0.00114133
v 0.01134297 -0.01737628 0.00142205
v 0.01087511 -0.01718708 0.00033193
v 0.01181083 -0.01756905 0.00195074
v 0.01292254 -0.01820627 0.00162011
v 0.01327881 -0.01836513 0.00191331
v 0.01453216 -0.01902198 0.00163259
v 0.01421453 -0.01883278 0.00192266
v 0.01460084 -0.01898628 0.00217375
v 0.01414585 -0.01865250 0.00276014
v 0.01350201 -0.01832586 0.00276014
v 0.01384539 -0.01814558 0.00382687
v 0.01524898 -0.01906303 0.00332937
v 0.01496998 -0.01882742 0.00358826
v 0.01691440 -0.01984840 0.00330598
v 0.01735651 -0.01995371 0.00357422
v 0.01874722 -0.02058022 0.00294573
v 0.01819780 -0.02024108 0.00357110
v 0.01952413 -0.02059093 0.00384558
v 0.02006067 -0.02067660 0.00410291
v 0.01979883 -0.02048740 0.00437583
v 0.02065730 -0.02074621 0.00437583
v 0.02095776 -0.02064626 0.00481562
v 0.01984176 -0.02003581 0.00522111
v 0.02065730 -0.02034639 0.00512597
v 0.02142991 -0.02043742 0.00532248
v 0.02224116 -0.02054095 0.00548155
v 0.02274336 -0.02060520 0.00556732
v 0.02328849 -0.02066768 0.00563906
v 0.02386366 -0.02073015 0.00571548
v 0.02667942 -0.02144233 0.00560008
v 0.03064123 -0.02227411 0.00562503
v 0.03968084 -0.02307911 0.00400154
v 0.03981820 -0.02265251 0.00413410
v 0.03357717 -0.02333257 0.00507607
v 0.03357717 -0.02373953 0.00452243
v 0.03438842 -0.02401798 0.00429162
v 0.02302666 -0.02088008 0.00525230
v 0.02224116 -0.02081761 0.00507919
v 0.03519967 -0.02437318 0.00357110
v 0.03600662 -0.02459808 0.00299407
v 0.03600662 -0.02431427 0.00357110
v 0.03600662 -0.02398763 0.00420272
v 0.03795533 -0.02466412 0.00233126
v 0.03843607 -0.02481941 0.00181661
v 0.03741450 -0.02470874 0.00241392
v 0.03909280 -0.02481941 0.00114133
v 0.03949628 -0.02458023 0.00114133
v 0.04011437 -0.02416434 0.00118500
v 0.03987400 -0.02401976 0.00195074
v 0.03971518 -0.02390910 0.00243887
v 0.03944048 -0.02377523 0.00298004
v 0.03843607 -0.02505323 0.00114133
v 0.03920011 -0.02358424 0.00351964
v 0.03924732 -0.02318085 0.00418401
v 0.04052643 -0.02157263 0.00404365
v 0.04026031 -0.02103002 0.00459105
v 0.04065091 -0.02103002 0.00418713
v 0.03997701 -0.02022323 0.00513221
v 0.04038049 -0.02022323 0.00469242
v 0.03997701 -0.01941288 0.00515093
v 0.04038049 -0.01941288 0.00465031
v 0.04060799 -0.01941288 0.00424795
v 0.04095137 -0.01779574 0.00195074
v 0.04059511 -0.01713710 0.00195074
v 0.04092562 -0.01941288 0.00357110
v 0.04119603 -0.01934148 0.00274299
v 0.04126471 -0.01902733 0.00234530
v 0.04122608 -0.01857218 0.00202559
v 0.04046205 -0.01658199 0.00075768
v 0.04061657 -0.01692826 0.00107271
v 0.04050926 -0.01941288 -0.00422663
v 0.04130334 -0.01882385 0.00180570
v 0.04131622 -0.01874353 0.00114133
v 0.04153083 -0.02022323 0.00114133
v 0.04158234 -0.02103002 0.00033037
v 0.04141923 -0.01941288 0.00114133
v 0.04146645 -0.02103002 -0.00047124
v 0.04092991 -0.02103002 -0.00289946
v 0.04072817 -0.02103002 -0.00371042
v 0.04055648 -0.02022323 -0.00428277
v 0.04024314 -0.02022323 -0.00468670
v 0.03983966 -0.02022323 -0.00506411
v 0.03888247 -0.02004474 -0.00576746
v 0.03850904 -0.02027856 -0.00599360
v 0.03741021 -0.02006259 -0.00662365
v 0.03687367 -0.02028749 -0.00669539
v 0.03600662 -0.02022323 -0.00688098
v 0.03600662 -0.01941288 -0.00700574
v 0.03600662 -0.01860431 -0.00698547
v 0.03438842 -0.01779574 -0.00724279
v 0.03334539 -0.01718708 -0.00738315
v 0.03360292 -0.01694254 -0.00730674
v 0.03196326 -0.01698538 -0.00752507
v 0.03041373 -0.01618217 -0.00755938
v 0.02872685 -0.01537360 -0.00757966
v 0.00746701 -0.00706121 -0.00799138
v 0.02791561 -0.01537360 -0.00762956
v 0.02548615 -0.01456146 -0.00769194
v 0.01129146 -0.01740305 -0.00031529
v 0.01439910 -0.01908802 -0.00046812
v 0.01399562 -0.01887561 -0.00046812
v 0.01452358 -0.01902376 -0.00177970
v 0.01490989 -0.01917013 -0.00206510
v 0.01495710 -0.01930221 -0.00128065
v 0.01495710 -0.01935933 -0.00046812
v 0.01819780 -0.01710497 -0.00722876
v 0.01775140 -0.01659805 -0.00736132
v 0.00175394 -0.00706121 -0.00754691
v 0.01715477 -0.01975023 -0.00391004
v 0.01738655 -0.02028392 -0.00209005
v 0.01653238 -0.01994300 -0.00200895
v 0.01617183 -0.01981805 -0.00168613
v 0.01740801 -0.01992336 -0.00366675
v 0.01738655 -0.02013934 -0.00289946
v 0.01819780 -0.01784036 -0.00679208
v 0.01846392 -0.01825625 -0.00658311
v 0.01900476 -0.01779395 -0.00702602
v 0.01900476 -0.01727632 -0.00731453
v 0.02062296 -0.01860431 -0.00685759
v 0.02062296 -0.01908088 -0.00659246
v 0.02224116 -0.01968240 -0.00642559
v 0.02142991 -0.01958601 -0.00632266
v 0.02081182 -0.01988053 -0.00581581
v 0.01986751 -0.01926651 -0.00616827
v 0.02057574 -0.02011792 -0.00539473
v 0.01981171 -0.02001975 -0.00519979
v 0.02107365 -0.02061591 -0.00490191
v 0.02062296 -0.02055166 -0.00476467
v 0.01982888 -0.02043028 -0.00448396
v 0.01769131 -0.01985554 -0.00419700
v 0.01819780 -0.01993943 -0.00437479
v 0.01402567 -0.01886490 0.00033193
v 0.01408147 -0.01883635 0.00114133
v 0.01495710 -0.01927722 0.00114133
v 0.01571684 -0.01964849 0.00114133
v 0.01617183 -0.01981805 0.00154681
v 0.01584990 -0.01961636 0.00186964
v 0.01511162 -0.01912550 0.00276014
v 0.01470815 -0.01892916 0.00276014
v 0.01576406 -0.01942716 0.00276014
v 0.01639932 -0.01971631 0.00276014
v 0.01680280 -0.01989659 0.00276014
v 0.01738655 -0.02012863 0.00276014
v 0.01857123 -0.02064090 0.00240612
v 0.01981171 -0.02097825 0.00276014
v 0.01928805 -0.02066768 0.00330598
v 0.01979883 -0.02075692 0.00357422
v 0.02062296 -0.02101752 0.00357110
v 0.02147284 -0.02128169 0.00352432
v 0.02142991 -0.02096397 0.00437895
v 0.02224116 -0.02117103 0.00437895
v 0.02371343 -0.02138879 0.00466123
v 0.02142991 -0.02071051 0.00491699
v 0.03983537 -0.02320762 0.00357110
v 0.04040195 -0.02295595 0.00300967
v 0.04023885 -0.02267036 0.00358046
v 0.04038479 -0.02210989 0.00385806
v 0.03357717 -0.02392516 0.00411695
v 0.03438842 -0.02427858 0.00357110
v 0.03519967 -0.02459986 0.00291921
v 0.03600662 -0.02501932 0.00195074
v 0.03600662 -0.02477657 0.00258859
v 0.03681787 -0.02499790 0.00195074
v 0.03681787 -0.02474444 0.00249658
v 0.03765916 -0.02486403 0.00201780
v 0.03762483 -0.02517639 0.00114133
v 0.03909280 -0.02480691 0.00033037
v 0.03949628 -0.02459986 0.00033037
v 0.04005428 -0.02429107 0.00033037
v 0.03843607 -0.02506216 0.00033037
v 0.04053072 -0.02394836 0.00094639
v 0.04042342 -0.02381985 0.00148599
v 0.03762483 -0.02522637 0.00033037
v 0.04065091 -0.02184037 0.00358046
v 0.04098571 -0.02103002 0.00357110
v 0.04069812 -0.02022323 0.00428850
v 0.04108014 -0.02022323 0.00357110
v 0.04124325 -0.02022323 0.00300967
v 0.04128617 -0.01956638 0.00246383
v 0.04141923 -0.02022323 0.00195074
v 0.04151796 -0.02103002 0.00114133
v 0.04140636 -0.02183323 0.00033037
v 0.04135914 -0.02176183 -0.00047124
v 0.04129905 -0.02160476 -0.00101240
v 0.04101146 -0.02184216 -0.00209005
v 0.04080114 -0.02184216 -0.00289946
v 0.04048351 -0.02148160 -0.00415333
v 0.04053502 -0.02103002 -0.00423755
v 0.04017017 -0.02103002 -0.00463991
v 0.03976669 -0.02103002 -0.00500640
v 0.03883097 -0.02058200 -0.00572691
v 0.03874512 -0.02103002 -0.00567857
v 0.03834164 -0.02103002 -0.00592030
v 0.03765916 -0.02028749 -0.00645522
v 0.03762483 -0.02103002 -0.00624000
v 0.03718272 -0.02060342 -0.00653320
v 0.03664189 -0.02078191 -0.00659090
v 0.03597658 -0.02104251 -0.00664081
v 0.03519967 -0.02103002 -0.00679208
v 0.03519967 -0.02022323 -0.00702602
v 0.03519967 -0.01941288 -0.00713363
v 0.03519967 -0.01860431 -0.00713051
v 0.03385617 -0.01779574 -0.00733325
v 0.03345269 -0.01779574 -0.00739875
v 0.03277022 -0.01779574 -0.00747673
v 0.03196326 -0.01779574 -0.00752507
v 0.03115201 -0.01698538 -0.00757342
v 0.03041373 -0.01624821 -0.00756562
v 0.03034506 -0.01618217 -0.00756406
v 0.02313396 -0.01456146 -0.00780579
v 0.00665576 -0.00706121 -0.00801477
v 0.02475217 -0.01456146 -0.00773249
v 0.02386366 -0.01456146 -0.00777460
v 0.01495710 -0.01933791 0.00033193
v 0.01573830 -0.01965384 -0.00128065
v 0.01568250 -0.01968418 -0.00046812
v 0.01606452 -0.01986803 0.00033193
v 0.01566104 -0.01967883 0.00033193
v 0.01900476 -0.01617681 -0.00762176
v 0.01819351 -0.01670158 -0.00738939
v 0.00282272 -0.00727362 -0.00764516
v 0.00260811 -0.00706121 -0.00766699
v 0.01855406 -0.02064447 -0.00255947
v 0.01805615 -0.02053202 -0.00209005
v 0.01900476 -0.02096397 -0.00128065
v 0.01835662 -0.02072122 -0.00128065
v 0.01795314 -0.02056415 -0.00128065
v 0.01828794 -0.02075335 -0.00046812
v 0.01738655 -0.02034104 -0.00128065
v 0.01657960 -0.02001083 -0.00128065
v 0.01608169 -0.01985554 -0.00046812
v 0.01819780 -0.02018932 -0.00370886
v 0.01876868 -0.02057308 -0.00309752
v 0.01824502 -0.02045527 -0.00285579
v 0.01900476 -0.01687293 -0.00744398
v 0.01950266 -0.01736736 -0.00734416
v 0.02142991 -0.01860431 -0.00696987
v 0.02142991 -0.01918262 -0.00665017
v 0.02313396 -0.01977700 -0.00651293
v 0.02224116 -0.02004652 -0.00602167
v 0.02142991 -0.01995549 -0.00591874
v 0.03519967 -0.02313444 -0.00581113
v 0.03469747 -0.02307911 -0.00575810
v 0.02386366 -0.02154050 -0.00432956
v 0.02330995 -0.02147446 -0.00419856
v 0.02137841 -0.02082832 -0.00458689
v 0.02062296 -0.02073550 -0.00436231
v 0.02137841 -0.02040708 -0.00528712
v 0.02161878 -0.02067660 -0.00499081
v 0.03221221 -0.02308803 -0.00497053
v 0.03167138 -0.02302913 -0.00487384
v 0.03438842 -0.02395907 -0.00428589
v 0.02011647 -0.02066054 -0.00419388
v 0.01957563 -0.02057308 -0.00394747
v 0.01930093 -0.02066411 -0.00341099
v 0.01612461 -0.01984304 0.00114133
v 0.01657960 -0.02005188 0.00114133
v 0.01655384 -0.01993407 0.00186964
v 0.01627055 -0.01977343 0.00208642
v 0.01738655 -0.02026428 0.00195074
v 0.01846822 -0.02067839 0.00195074
v 0.01900476 -0.02087651 0.00195074
v 0.01981171 -0.02115139 0.00195074
v 0.02062296 -0.02122814 0.00276014
v 0.02177330 -0.02145483 0.00322177
v 0.02224116 -0.02138522 0.00380816
v 0.02265752 -0.02143519 0.00396567
v 0.02297944 -0.02134059 0.00438519
v 0.02313396 -0.02135130 0.00444289
v 0.04048780 -0.02311124 0.00247006
v 0.04059511 -0.02267036 0.00274766
v 0.04092562 -0.02184216 0.00276014
v 0.04052643 -0.02241512 0.00331690
v 0.03315223 -0.02387161 0.00398750
v 0.03519967 -0.02490151 0.00195074
v 0.03519967 -0.02473551 0.00251373
v 0.03600662 -0.02520495 0.00114133
v 0.03681787 -0.02524065 0.00114133
v 0.03681787 -0.02529420 0.00033037
v 0.03848329 -0.02485511 -0.00049619
v 0.03894257 -0.02472481 -0.00024355
v 0.03974523 -0.02391088 -0.00184208
v 0.03989546 -0.02398942 -0.00127909
v 0.04011437 -0.02407688 -0.00049931
v 0.04054789 -0.02396086 0.00033037
v 0.04050068 -0.02390910 -0.00024823
v 0.03762483 -0.02513534 -0.00047124
v 0.03762483 -0.02497470 -0.00127909
v 0.03719130 -0.02466769 -0.00327843
v 0.04080114 -0.02346108 0.00033037
v 0.04101146 -0.02265251 0.00114133
v 0.04066379 -0.02351463 0.00118500
v 0.03681787 -0.02526028 -0.00047124
v 0.03681787 -0.02517996 -0.00127909
v 0.04119603 -0.02104787 0.00281472
v 0.04130763 -0.02078905 0.00258235
v 0.04136343 -0.02169579 0.00114133
v 0.04126471 -0.02224019 0.00033037
v 0.04108872 -0.02265251 -0.00047124
v 0.04125612 -0.02216880 -0.00047124
v 0.04100717 -0.02265251 -0.00127909
v 0.04119174 -0.02186179 -0.00128065
v 0.04082689 -0.02265251 -0.00209005
v 0.04056506 -0.02178682 -0.00365895
v 0.04057794 -0.02260253 -0.00285579
v 0.04048780 -0.02229910 -0.00335484
v 0.04030323 -0.02202065 -0.00389601
v 0.03976669 -0.02241512 -0.00427809
v 0.03956495 -0.02205099 -0.00481770
v 0.03968514 -0.02151373 -0.00494870
v 0.03924732 -0.02103002 -0.00535730
v 0.03927308 -0.02180646 -0.00514676
v 0.03844895 -0.02189570 -0.00560683
v 0.03818283 -0.02166188 -0.00581425
v 0.03797679 -0.02220271 -0.00571600
v 0.03767633 -0.02189570 -0.00592186
v 0.03683504 -0.02267928 -0.00589379
v 0.03681787 -0.02184216 -0.00619322
v 0.03597658 -0.02179039 -0.00640688
v 0.03622124 -0.02132096 -0.00650825
v 0.03568470 -0.02148696 -0.00655971
v 0.03519967 -0.02157442 -0.00660338
v 0.03438842 -0.02103002 -0.00686850
v 0.03438842 -0.02022323 -0.00714454
v 0.03438842 -0.01941288 -0.00725527
v 0.03385188 -0.01860431 -0.00733793
v 0.03438842 -0.01860431 -0.00725683
v 0.03344840 -0.01860431 -0.00738783
v 0.03277022 -0.01860431 -0.00744242
v 0.03359434 -0.01948606 -0.00733949
v 0.03196326 -0.01860431 -0.00747049
v 0.03041373 -0.01779395 -0.00757810
v 0.03041373 -0.01705499 -0.00760305
v 0.03034506 -0.01698360 -0.00760617
v 0.02872685 -0.01618217 -0.00764516
v 0.02313396 -0.01463999 -0.00780735
v 0.02224116 -0.01456146 -0.00782606
v 0.02791561 -0.01618217 -0.00767791
v 0.02548615 -0.01537360 -0.00774341
v 0.02475217 -0.01537003 -0.00776836
v 0.00687038 -0.00727362 -0.00800697
v 0.00584881 -0.00706121 -0.00798514
v 0.02110370 -0.01423839 -0.00784166
v 0.01981171 -0.01375467 -0.00785725
v 0.02061867 -0.01537181 -0.00783386
v 0.01900476 -0.01456146 -0.00784946
v 0.01981171 -0.01537181 -0.00782139
v 0.01657960 -0.02009472 0.00033193
v 0.01981171 -0.01617681 -0.00771222
v 0.01819351 -0.01537181 -0.00769974
v 0.00503756 -0.00706121 -0.00791808
v 0.00687038 -0.00807683 -0.00791496
v 0.01845963 -0.02067839 -0.00209005
v 0.01981171 -0.02098718 -0.00289946
v 0.01981171 -0.02114961 -0.00209005
v 0.01900476 -0.02087116 -0.00209005
v 0.01981171 -0.02123707 -0.00128065
v 0.01900476 -0.02102645 -0.00046812
v 0.01738655 -0.02042314 0.00033193
v 0.01738655 -0.02039101 -0.00046812
v 0.02037830 -0.01674620 -0.00761241
v 0.02062296 -0.01698717 -0.00756718
v 0.01978596 -0.01705142 -0.00746737
v 0.02270473 -0.01818485 -0.00734728
v 0.02224116 -0.01860431 -0.00707280
v 0.02313396 -0.01937896 -0.00676089
v 0.02224116 -0.01927722 -0.00670319
v 0.02349023 -0.01981270 -0.00654100
v 0.02313396 -0.02084795 -0.00522942
v 0.03519967 -0.02348964 -0.00532767
v 0.02755076 -0.02061948 -0.00653788
v 0.02809159 -0.02067125 -0.00657063
v 0.03519967 -0.02265251 -0.00611056
v 0.03600662 -0.02317192 -0.00583140
v 0.03616973 -0.02391267 -0.00497833
v 0.03386476 -0.02389482 -0.00417205
v 0.03595941 -0.02457130 -0.00371822
v 0.03619978 -0.02472481 -0.00345154
v 0.02386366 -0.02177611 -0.00371198
v 0.02276483 -0.02140842 -0.00402701
v 0.02142991 -0.02118709 -0.00370886
v 0.02062296 -0.02097468 -0.00370886
v 0.02224116 -0.02074800 -0.00508750
v 0.03562890 -0.02386090 -0.00491595
v 0.03519967 -0.02381450 -0.00484421
v 0.03519967 -0.02405367 -0.00443873
v 0.01982888 -0.02074443 -0.00369015
v 0.01738655 -0.02038387 0.00114133
v 0.01900476 -0.02097647 0.00114133
v 0.01832228 -0.02072836 0.00114133
v 0.01981171 -0.02124242 0.00114133
v 0.02036971 -0.02140128 0.00114133
v 0.02061867 -0.02137094 0.00201624
v 0.02103931 -0.02143341 0.00232503
v 0.02119384 -0.02139236 0.00276014
v 0.02224116 -0.02151016 0.00340267
v 0.02159731 -0.02149410 0.00276014
v 0.03397206 -0.02467840 0.00156085
v 0.04124325 -0.02132631 0.00223145
v 0.03519967 -0.02503360 0.00114133
v 0.03600662 -0.02524065 0.00033037
v 0.03600662 -0.02523351 -0.00047124
v 0.03600662 -0.02521031 -0.00127909
v 0.03822575 -0.02476229 -0.00127909
v 0.03878375 -0.02465162 -0.00078627
v 0.03957783 -0.02383056 -0.00238169
v 0.04030323 -0.02377344 -0.00127909
v 0.03863352 -0.02458201 -0.00127909
v 0.03838457 -0.02447492 -0.00205730
v 0.03762912 -0.02455881 -0.00296496
v 0.04041912 -0.02383770 -0.00079095
v 0.04067666 -0.02336826 -0.00127909
v 0.04059082 -0.02322012 -0.00209005
v 0.03681787 -0.02503895 -0.00209005
v 0.03687796 -0.02481762 -0.00296496
v 0.03665047 -0.02472481 -0.00345154
v 0.03687796 -0.02458380 -0.00371822
v 0.03762483 -0.02429821 -0.00371042
v 0.03807552 -0.02469803 -0.00176255
v 0.04111448 -0.02265251 0.00033037
v 0.03600662 -0.02509071 -0.00209005
v 0.04049638 -0.02310053 -0.00255324
v 0.04030323 -0.02283993 -0.00309284
v 0.03955208 -0.02295595 -0.00400673
v 0.03929024 -0.02271677 -0.00457753
v 0.03902412 -0.02247937 -0.00506879
v 0.03767633 -0.02267928 -0.00560527
v 0.03711833 -0.02296666 -0.00569104
v 0.03848329 -0.02270784 -0.00523410
v 0.03657750 -0.02312552 -0.00578618
v 0.03600662 -0.02265251 -0.00609497
v 0.03519967 -0.02197781 -0.00643807
v 0.03438842 -0.02159405 -0.00662365
v 0.03277022 -0.02022323 -0.00715546
v 0.03357717 -0.02022323 -0.00718665
v 0.03277022 -0.01976808 -0.00734728
v 0.03277022 -0.01936111 -0.00738471
v 0.03333680 -0.01926830 -0.00736912
v 0.03115201 -0.01860431 -0.00749388
v 0.02953381 -0.01779395 -0.00760305
v 0.02791561 -0.01698360 -0.00767791
v 0.02953381 -0.01698360 -0.00763112
v 0.02386366 -0.01537003 -0.00778708
v 0.02313396 -0.01537003 -0.00780111
v 0.02224116 -0.01537181 -0.00781515
v 0.02142991 -0.01537181 -0.00782606
v 0.02142991 -0.01456146 -0.00783542
v 0.02710436 -0.01698360 -0.00769818
v 0.02475217 -0.01617681 -0.00775900
v 0.01819351 -0.01456146 -0.00782450
v 0.01900476 -0.01537181 -0.00777616
v 0.02313396 -0.01617681 -0.00778708
v 0.02224116 -0.01617681 -0.00779175
v 0.02142991 -0.01617681 -0.00778864
v 0.02061867 -0.01617681 -0.00776680
v 0.02118525 -0.01674620 -0.00767167
v 0.02069593 -0.02126741 -0.00282304
v 0.02101356 -0.02144055 -0.00250177
v 0.02051994 -0.02136201 -0.00209005
v 0.01981171 -0.02129597 -0.00046812
v 0.02036113 -0.02140128 -0.00128065
v 0.01900476 -0.02102645 0.00033193
v 0.01826219 -0.02075514 0.00033193
v 0.02142991 -0.01698717 -0.00762956
v 0.02313396 -0.01822947 -0.00736912
v 0.02609566 -0.01897200 -0.00734260
v 0.02548615 -0.01889703 -0.00731453
v 0.02467491 -0.01880065 -0.00726931
v 0.02313396 -0.01857218 -0.00720069
v 0.02313396 -0.01944679 -0.00672035
v 0.02467491 -0.01941466 -0.00693244
v 0.02475217 -0.01947356 -0.00690749
v 0.02633603 -0.02009472 -0.00671567
v 0.02548615 -0.01941466 -0.00703070
v 0.02872685 -0.02072836 -0.00660182
v 0.03357717 -0.02193140 -0.00638036
v 0.03438842 -0.02199744 -0.00641935
v 0.03654745 -0.02391267 -0.00497833
v 0.03594653 -0.02412329 -0.00459624
v 0.03595941 -0.02483190 -0.00295560
v 0.03519967 -0.02474623 -0.00269204
v 0.02386366 -0.02202065 -0.00290257
v 0.02239998 -0.02149767 -0.00348585
v 0.02303953 -0.02157263 -0.00373849
v 0.03519967 -0.02493007 -0.00209005
v 0.02186344 -0.02143162 -0.00327843
v 0.01981171 -0.02128883 0.00033193
v 0.02088479 -0.02147089 0.00178698
v 0.02028816 -0.02141913 0.00033193
v 0.03519967 -0.02505859 0.00033037
v 0.02352457 -0.02223484 -0.00047280
v 0.03519967 -0.02505859 -0.00047124
v 0.03519967 -0.02505145 -0.00127909
v 0.03882238 -0.02385555 -0.00327998
v 0.03928166 -0.02373596 -0.00296652
v 0.04004140 -0.02328437 -0.00285579
v 0.04003281 -0.02365385 -0.00210253
v 0.03681787 -0.02412864 -0.00456661
v 0.03762483 -0.02399834 -0.00428589
v 0.03804118 -0.02387161 -0.00412994
v 0.03823004 -0.02397514 -0.00371042
v 0.03976240 -0.02315407 -0.00346869
v 0.03878375 -0.02301664 -0.00487540
v 0.03824721 -0.02317014 -0.00503915
v 0.03762483 -0.02330579 -0.00518107
v 0.03683504 -0.02347001 -0.00533391
v 0.02633603 -0.01898985 -0.00734884
v 0.03196326 -0.02022323 -0.00711491
v 0.03357717 -0.02103002 -0.00683575
v 0.03115201 -0.01966990 -0.00731609
v 0.03196326 -0.01971453 -0.00733637
v 0.02663649 -0.01901484 -0.00735508
v 0.02710436 -0.01860431 -0.00746269
v 0.02467491 -0.01779574 -0.00758122
v 0.02548615 -0.01779574 -0.00759993
v 0.02633603 -0.01779574 -0.00761864
v 0.02710436 -0.01779395 -0.00762644
v 0.02791561 -0.01779395 -0.00762644
v 0.02872685 -0.01779395 -0.00762332
v 0.02386366 -0.01617681 -0.00777460
v 0.02629311 -0.01698360 -0.00771222
v 0.02548615 -0.01698360 -0.00771534
v 0.02467491 -0.01698538 -0.00771222
v 0.02386366 -0.01698538 -0.00770910
v 0.02313396 -0.01698538 -0.00770286
v 0.02224116 -0.01698717 -0.00767479
v 0.02313396 -0.02210275 -0.00128221
v 0.02313396 -0.02184751 -0.00290257
v 0.03394202 -0.02468911 -0.00172668
v 0.02224116 -0.02187785 -0.00128065
v 0.02142991 -0.02167259 -0.00128065
v 0.02026670 -0.02142448 -0.00046812
v 0.02386366 -0.01779574 -0.00754535
v 0.02313396 -0.01793139 -0.00746269
v 0.02386366 -0.01830801 -0.00739875
v 0.03708399 -0.02381450 -0.00486604
v 0.02313396 -0.02213845 -0.00047280
v 0.03863352 -0.02374667 -0.00371042
v 0.03926878 -0.02334149 -0.00372446
v 0.03762483 -0.02370919 -0.00468826
v 0.03901554 -0.02317371 -0.00433580
v 0.02313396 -0.01706570 -0.00768726
f 1 2 6
f 1 6 34
f 1 34 91
f 1 91 172
f 1 172 278
f 1 278 401
f 1 401 427
f 1 427 426
f 1 426 425
f 1 425 424
f 1 424 423
f 1 423 422
f 1 422 561
f 1 561 706
f 1 706 843
f 1 843 854
f 1 854 853
f 1 853 852
f 1 852 851
f 1 851 995
f 1 995 1137
f 1 1137 1252
f 1 1252 1383
f 1 1383 1392
f 1 1392 1263
f 1 1263 1149
f 1 1149 1017
f 1 1017 868
f 1 868 720
f 1 720 578
f 1 578 438
f 1 438 297
f 1 297 295
f 1 295 184
f 1 184 98
f 1 98 39
f 1 39 8
f 1 8 3
f 1 3 4
f 1 4 5
f 1 5 2
f 2 5 7
f 2 7 6
f 3 8 9
f 3 9 10
f 3 10 11
f 3 11 12
f 3 12 13
f 3 13 14
f 3 14 15
f 3 15 16
f 3 16 17
f 3 17 18
f 3 18 19
f 3 19 20
f 3 20 21
f 3 21 22
f 3 22 23
f 3 23 24
f 3 24 25
f 3 25 26
f 3 26 27
f 3 27 4
f 4 27 28
f 4 28 29
f 4 29 30
f 4 30 5
f 5 30 31
f 5 31 32
f 5 32 33
f 5 33 7
f 6 7 34
f 7 33 35
f 7 35 36
f 7 36 37
f 7 37 38
f 7 38 34
f 8 39 40
f 8 40 41
f 8 41 42
f 8 42 43
f 8 43 44
f 8 44 45
f 8 45 46
f 8 46 47
f 8 47 48
f 8 48 49
f 8 49 50
f 8 50 51
f 8 51 52
f 8 52 53
f 8 53 54
f 8 54 55
f 8 55 56
f 8 56 9
f 9 57 10
f 9 56 58
f 9 58 59
f 9 59 60
f 9 60 57
f 10 57 11
f 11 57 61
f 11 61 62
f 11 62 63
f 11 63 64
f 11 64 12
f 12 64 65
f 12 65 13
f 13 65 66
f 13 66 67
f 13 67 14
f 14 67 68
f 14 68 69
f 14 69 70
f 14 70 71
f 14 71 15
f 15 71 72
f 15 72 73
f 15 73 74
f 15 74 16
f 16 74 17
f 17 74 18
f 18 74 19
f 19 74 75
f 19 75 76
f 19 76 77
f 19 77 78
f 19 78 20
f 20 78 79
f 20 79 21
f 21 79 22
f 22 79 80
f 22 80 23
f 23 80 81
f 23 81 82
f 23 82 24
f 24 82 25
f 25 82 26
f 26 82 83
f 26 83 84
f 26 84 27
f 27 84 28
f 28 84 29
f 29 85 30
f 29 84 86
f 29 86 87
f 29 87 85
f 30 85 31
f 31 85 32
f 32 87 88
f 32 88 89
f 32 89 33
f 32 85 87
f 33 89 90
f 33 90 35
f 34 38 36
f 34 36 91
f 35 90 92
f 35 92 93
f 35 93 36
f 36 38 37
f 36 93 94
f 36 94 95
f 36 95 96
f 36 96 97
f 36 97 91
f 39 98 183
f 39 183 292
f 39 292 303
f 39 303 190
f 39 190 99
f 39 99 100
f 39 100 40
f 40 100 101
f 40 101 102
f 40 102 41
f 41 102 103
f 41 103 42
f 42 103 104
f 42 104 105
f 42 105 43
f 43 105 44
f 44 105 106
f 44 106 45
f 45 106 46
f 46 106 107
f 46 107 108
f 46 108 47
f 47 108 109
f 47 109 48
f 48 109 110
f 48 110 49
f 49 110 111
f 49 111 50
f 50 112 51
f 50 111 113
f 50 113 112
f 51 112 114
f 51 114 52
f 52 115 53
f 52 114 116
f 52 116 117
f 52 117 115
f 53 115 118
f 53 118 54
f 54 118 119
f 54 119 120
f 54 120 55
f 55 120 121
f 55 121 56
f 56 121 58
f 57 60 122
f 57 122 123
f 57 123 61
f 58 124 125
f 58 125 126
f 58 126 127
f 58 127 128
f 58 128 129
f 58 129 130
f 58 130 131
f 58 131 59
f 58 121 132
f 58 132 124
f 59 131 122
f 59 122 60
f 61 123 62
f 62 133 134
f 62 134 135
f 62 135 63
f 62 123 122
f 62 122 133
f 63 135 136
f 63 136 137
f 63 137 138
f 63 138 66
f 63 66 64
f 64 66 65
f 66 138 139
f 66 139 140
f 66 140 141
f 66 141 67
f 67 141 68
f 68 141 140
f 68 140 69
f 69 140 142
f 69 142 143
f 69 143 72
f 69 72 71
f 69 71 70
f 72 143 144
f 72 144 145
f 72 145 74
f 72 74 73
f 74 145 146
f 74 146 75
f 75 146 147
f 75 147 148
f 75 148 149
f 75 149 76
f 76 149 150
f 76 150 151
f 76 151 152
f 76 152 153
f 76 153 154
f 76 154 155
f 76 155 77
f 77 155 154
f 77 154 78
f 78 154 156
f 78 156 79
f 79 156 80
f 80 82 81
f 80 156 157
f 80 157 158
f 80 158 159
f 80 159 160
f 80 160 82
f 82 160 161
f 82 161 83
f 83 161 162
f 83 162 84
f 84 162 163
f 84 163 164
f 84 164 165
f 84 165 86
f 86 165 166
f 86 166 87
f 87 166 88
f 88 166 167
f 88 167 168
f 88 168 89
f 89 168 169
f 89 169 170
f 89 170 90
f 90 170 171
f 90 171 92
f 91 97 172
f 92 171 173
f 92 173 174
f 92 174 175
f 92 175 93
f 93 175 94
f 94 175 176
f 94 176 95
f 95 177 178
f 95 178 96
f 95 176 179
f 95 179 180
f 95 180 177
f 96 178 181
f 96 181 97
f 97 181 182
f 97 182 172
f 98 184 185
f 98 185 186
f 98 186 187
f 98 187 188
f 98 188 189
f 98 189 183
f 99 190 191
f 99 191 100
f 100 191 192
f 100 192 193
f 100 193 194
f 100 194 195
f 100 195 101
f 101 195 196
f 101 196 197
f 101 197 102
f 102 197 104
f 102 104 103
f 104 198 199
f 104 199 200
f 104 200 201
f 104 201 105
f 104 197 202
f 104 202 203
f 104 203 198
f 105 201 106
f 106 201 204
f 106 204 107
f 107 204 205
f 107 205 108
f 108 205 206
f 108 206 207
f 108 207 109
f 109 207 110
f 110 207 208
f 110 208 209
f 110 209 210
f 110 210 211
f 110 211 111
f 111 211 116
f 111 116 113
f 112 113 116
f 112 116 114
f 115 117 118
f 116 211 212
f 116 212 213
f 116 213 117
f 117 213 214
f 117 214 215
f 117 215 216
f 117 216 217
f 117 217 218
f 117 218 219
f 117 219 119
f 117 119 118
f 119 219 218
f 119 218 220
f 119 220 120
f 120 220 221
f 120 221 222
f 120 222 121
f 121 222 223
f 121 223 224
f 121 224 225
f 121 225 226
f 121 226 132
f 122 131 227
f 122 227 228
f 122 228 133
f 124 229 125
f 124 132 226
f 124 226 229
f 125 229 225
f 125 225 224
f 125 224 126
f 126 224 127
f 127 224 230
f 127 230 231
f 127 231 232
f 127 232 233
f 127 233 128
f 128 233 350
f 128 350 234
f 128 234 129
f 129 234 130
f 130 234 235
f 130 235 236
f 130 236 131
f 131 236 237
f 131 237 227
f 133 228 134
f 134 228 227
f 134 227 237
f 134 237 238
f 134 238 239
f 134 239 240
f 134 240 241
f 134 241 135
f 135 241 136
f 136 241 242
f 136 242 243
f 136 243 137
f 137 243 138
f 138 243 244
f 138 244 245
f 138 245 139
f 139 245 140
f 140 245 244
f 140 244 246
f 140 246 142
f 142 246 247
f 142 247 248
f 142 248 249
f 142 249 250
f 142 250 143
f 143 251 144
f 143 250 252
f 143 252 253
f 143 253 251
f 144 251 146
f 144 146 145
f 146 251 254
f 146 254 147
f 147 254 255
f 147 255 256
f 147 256 148
f 148 256 257
f 148 257 258
f 148 258 259
f 148 259 152
f 148 152 151
f 148 151 260
f 148 260 261
f 148 261 149
f 149 261 150
f 150 261 260
f 150 260 151
f 152 259 262
f 152 262 263
f 152 263 154
f 152 154 153
f 154 263 157
f 154 157 156
f 157 263 264
f 157 264 158
f 158 264 265
f 158 265 159
f 159 265 266
f 159 266 160
f 160 265 267
f 160 267 268
f 160 268 269
f 160 269 161
f 160 266 265
f 161 269 163
f 161 163 162
f 163 268 164
f 163 269 268
f 164 270 165
f 164 268 271
f 164 271 272
f 164 272 270
f 165 270 273
f 165 273 166
f 166 273 274
f 166 274 167
f 167 274 168
f 168 274 275
f 168 275 169
f 169 275 276
f 169 276 170
f 170 276 171
f 171 276 277
f 171 277 173
f 172 182 278
f 173 277 279
f 173 279 280
f 173 280 174
f 174 280 281
f 174 281 282
f 174 282 283
f 174 283 284
f 174 284 285
f 174 285 286
f 174 286 175
f 175 286 287
f 175 287 288
f 175 288 179
f 175 179 176
f 177 289 290
f 177 290 182
f 177 182 181
f 177 181 178
f 177 180 179
f 177 179 288
f 177 288 287
f 177 287 291
f 177 291 289
f 182 290 278
f 183 189 293
f 183 293 294
f 183 294 292
f 184 295 185
f 185 296 186
f 185 295 297
f 185 297 296
f 186 296 298
f 186 298 187
f 187 298 299
f 187 299 300
f 187 300 188
f 188 300 301
f 188 301 302
f 188 302 189
f 189 302 299
f 189 299 293
f 190 303 304
f 190 304 191
f 191 304 305
f 191 305 192
f 192 305 193
f 193 305 306
f 193 306 307
f 193 307 308
f 193 308 309
f 193 309 310
f 193 310 311
f 193 311 194
f 194 311 312
f 194 312 202
f 194 202 195
f 195 202 196
f 196 202 197
f 198 203 312
f 198 312 310
f 198 310 313
f 198 313 314
f 198 314 199
f 199 314 315
f 199 315 316
f 199 316 317
f 199 317 318
f 199 318 319
f 199 319 320
f 199 320 321
f 199 321 201
f 199 201 200
f 201 321 205
f 201 205 204
f 202 312 203
f 205 321 322
f 205 322 320
f 205 320 319
f 205 319 317
f 205 317 323
f 205 323 324
f 205 324 206
f 206 208 207
f 206 324 325
f 206 325 326
f 206 326 327
f 206 327 328
f 206 328 208
f 208 328 209
f 209 328 329
f 209 329 330
f 209 330 210
f 210 330 212
f 210 212 211
f 212 331 332
f 212 332 333
f 212 333 334
f 212 334 213
f 212 330 335
f 212 335 331
f 213 334 214
f 214 334 336
f 214 336 337
f 214 337 338
f 214 338 215
f 215 338 216
f 216 339 340
f 216 340 217
f 216 338 341
f 216 341 339
f 217 340 218
f 218 340 342
f 218 342 220
f 220 342 221
f 221 342 343
f 221 343 222
f 222 224 223
f 222 343 344
f 222 344 224
f 224 344 230
f 225 229 226
f 230 344 231
f 231 344 345
f 231 345 346
f 231 346 232
f 232 347 348
f 232 348 233
f 232 346 347
f 233 348 349
f 233 349 350
f 234 350 351
f 234 351 352
f 234 352 353
f 234 353 235
f 235 353 236
f 236 353 237
f 237 353 238
f 238 353 354
f 238 354 239
f 239 354 355
f 239 355 356
f 239 356 357
f 239 357 358
f 239 358 359
f 239 359 240
f 240 359 360
f 240 360 361
f 240 361 362
f 240 362 363
f 240 363 241
f 241 363 364
f 241 364 365
f 241 365 242
f 242 366 243
f 242 365 367
f 242 367 366
f 243 366 367
f 243 367 244
f 244 367 368
f 244 368 247
f 244 247 246
f 247 368 369
f 247 369 248
f 248 369 249
f 249 369 370
f 249 370 371
f 249 371 372
f 249 372 250
f 250 372 252
f 251 253 254
f 252 372 373
f 252 373 255
f 252 255 254
f 252 254 253
f 255 373 374
f 255 374 375
f 255 375 256
f 256 375 374
f 256 374 257
f 257 376 377
f 257 377 378
f 257 378 379
f 257 379 258
f 257 374 376
f 258 262 259
f 258 379 380
f 258 380 381
f 258 381 262
f 262 382 383
f 262 383 263
f 262 381 384
f 262 384 385
f 262 385 386
f 262 386 382
f 263 265 264
f 263 383 265
f 265 387 267
f 265 383 388
f 265 388 389
f 265 389 390
f 265 390 387
f 267 387 391
f 267 391 268
f 268 391 271
f 270 272 392
f 270 392 393
f 270 393 273
f 271 391 390
f 271 390 389
f 271 389 394
f 271 394 395
f 271 395 396
f 271 396 397
f 271 397 392
f 271 392 272
f 273 393 398
f 273 398 275
f 273 275 274
f 275 398 393
f 275 393 399
f 275 399 276
f 276 399 400
f 276 400 277
f 277 400 279
f 278 290 401
f 279 400 402
f 279 402 280
f 280 402 403
f 280 403 404
f 280 404 281
f 281 405 406
f 281 406 407
f 281 407 408
f 281 408 282
f 281 404 405
f 282 409 410
f 282 410 411
f 282 411 283
f 282 408 412
f 282 412 409
f 283 411 284
f 284 413 285
f 284 411 414
f 284 414 415
f 284 415 413
f 285 416 417
f 285 417 291
f 285 291 286
f 285 413 418
f 285 418 416
f 286 291 287
f 289 291 419
f 289 419 420
f 289 420 421
f 289 421 422
f 289 422 423
f 289 423 424
f 289 424 425
f 289 425 426
f 289 426 427
f 289 427 401
f 289 401 290
f 291 417 428
f 291 428 429
f 291 429 419
f 292 304 303
f 292 294 430
f 292 430 304
f 293 431 432
f 293 432 433
f 293 433 434
f 293 434 294
f 293 299 435
f 293 435 431
f 294 307 306
f 294 306 436
f 294 436 430
f 294 434 433
f 294 433 307
f 296 297 437
f 296 437 298
f 297 438 439
f 297 439 437
f 298 440 441
f 298 441 442
f 298 442 299
f 298 437 443
f 298 443 444
f 298 444 440
f 299 442 445
f 299 445 435
f 299 302 301
f 299 301 300
f 304 430 436
f 304 436 446
f 304 446 305
f 305 446 306
f 306 446 436
f 307 433 308
f 308 433 447
f 308 447 448
f 308 448 449
f 308 449 450
f 308 450 451
f 308 451 452
f 308 452 310
f 308 310 309
f 310 312 311
f 310 452 453
f 310 453 313
f 313 454 314
f 313 453 454
f 314 454 455
f 314 455 456
f 314 456 457
f 314 457 458
f 314 458 459
f 314 459 460
f 314 460 315
f 315 460 461
f 315 461 317
f 315 317 316
f 317 461 462
f 317 462 463
f 317 463 464
f 317 464 323
f 317 319 318
f 320 322 321
f 323 464 324
f 324 464 465
f 324 465 466
f 324 466 467
f 324 467 468
f 324 468 325
f 325 468 469
f 325 469 326
f 326 469 327
f 327 469 470
f 327 470 328
f 328 470 471
f 328 471 472
f 328 472 473
f 328 473 474
f 328 474 329
f 329 335 330
f 329 474 335
f 331 475 476
f 331 476 332
f 331 335 475
f 332 476 333
f 333 476 477
f 333 477 478
f 333 478 336
f 333 336 334
f 335 474 473
f 335 473 472
f 335 472 479
f 335 479 476
f 335 476 475
f 336 478 480
f 336 480 481
f 336 481 337
f 337 481 338
f 338 481 482
f 338 482 341
f 339 483 484
f 339 484 340
f 339 341 485
f 339 485 483
f 340 484 342
f 341 486 487
f 341 487 485
f 341 482 486
f 342 484 343
f 343 484 488
f 343 488 344
f 344 488 345
f 345 488 346
f 346 488 489
f 346 489 490
f 346 490 491
f 346 491 347
f 347 492 493
f 347 493 348
f 347 491 492
f 348 493 494
f 348 494 349
f 349 494 495
f 349 495 357
f 349 357 356
f 349 356 350
f 350 356 355
f 350 355 351
f 351 355 352
f 352 355 353
f 353 355 354
f 357 496 358
f 357 495 496
f 358 497 360
f 358 360 359
f 358 496 498
f 358 498 499
f 358 499 497
f 360 500 361
f 360 497 501
f 360 501 500
f 361 502 503
f 361 503 362
f 361 500 504
f 361 504 505
f 361 505 502
f 362 503 363
f 363 503 506
f 363 506 507
f 363 507 508
f 363 508 364
f 364 368 365
f 364 508 509
f 364 509 368
f 365 368 367
f 368 509 510
f 368 510 511
f 368 511 369
f 369 511 370
f 370 511 378
f 370 378 377
f 370 377 371
f 371 374 372
f 371 377 374
f 372 374 373
f 374 377 376
f 378 511 512
f 378 512 379
f 379 512 513
f 379 513 514
f 379 514 515
f 379 515 516
f 379 516 517
f 379 517 518
f 379 518 380
f 380 518 381
f 381 518 384
f 382 386 383
f 383 386 388
f 384 519 520
f 384 520 521
f 384 521 522
f 384 522 523
f 384 523 386
f 384 386 385
f 384 518 517
f 384 517 519
f 386 523 522
f 386 522 524
f 386 524 389
f 386 389 388
f 387 390 391
f 389 524 522
f 389 522 521
f 389 521 394
f 392 397 525
f 392 525 393
f 393 525 526
f 393 526 399
f 394 521 395
f 395 527 396
f 395 521 527
f 396 528 529
f 396 529 397
f 396 527 530
f 396 530 531
f 396 531 528
f 397 529 528
f 397 528 532
f 397 532 533
f 397 533 525
f 399 526 534
f 399 534 400
f 400 534 535
f 400 535 403
f 400 403 402
f 403 535 536
f 403 536 405
f 403 405 404
f 405 536 537
f 405 537 538
f 405 538 539
f 405 539 406
f 406 539 540
f 406 540 407
f 407 541 542
f 407 542 408
f 407 540 543
f 407 543 544
f 407 544 545
f 407 545 541
f 408 542 412
f 409 412 546
f 409 546 410
f 410 414 411
f 410 546 547
f 410 547 548
f 410 548 549
f 410 549 550
f 410 550 551
f 410 551 552
f 410 552 553
f 410 553 413
f 410 413 414
f 412 542 546
f 413 415 414
f 413 553 554
f 413 554 417
f 413 417 418
f 416 418 417
f 417 554 555
f 417 555 556
f 417 556 557
f 417 557 428
f 419 429 558
f 419 558 559
f 419 559 560
f 419 560 420
f 420 560 421
f 421 560 422
f 422 560 561
f 428 557 429
f 429 557 558
f 431 435 432
f 432 562 563
f 432 563 564
f 432 564 565
f 432 565 433
f 432 435 566
f 432 566 567
f 432 567 568
f 432 568 562
f 433 564 448
f 433 448 447
f 433 565 564
f 435 445 569
f 435 569 570
f 435 570 571
f 435 571 572
f 435 572 573
f 435 573 566
f 437 574 575
f 437 575 576
f 437 576 577
f 437 577 443
f 437 439 574
f 438 578 439
f 439 578 579
f 439 579 574
f 440 570 441
f 440 444 580
f 440 580 581
f 440 581 570
f 441 570 442
f 442 569 445
f 442 570 569
f 443 577 582
f 443 582 583
f 443 583 584
f 443 584 585
f 443 585 444
f 444 585 586
f 444 586 580
f 448 564 587
f 448 587 449
f 449 587 588
f 449 588 589
f 449 589 590
f 449 590 591
f 449 591 450
f 450 591 456
f 450 456 592
f 450 592 593
f 450 593 451
f 451 453 452
f 451 593 592
f 451 592 453
f 453 592 455
f 453 455 454
f 455 592 456
f 456 591 457
f 457 591 594
f 457 594 595
f 457 595 596
f 457 596 597
f 457 597 458
f 458 597 459
f 459 598 460
f 459 597 599
f 459 599 600
f 459 600 461
f 459 461 598
f 460 598 461
f 461 600 601
f 461 601 462
f 462 601 463
f 463 601 602
f 463 602 603
f 463 603 464
f 464 603 604
f 464 604 465
f 465 604 605
f 465 605 466
f 466 605 467
f 467 606 468
f 467 605 606
f 468 606 470
f 468 470 469
f 470 606 471
f 471 606 607
f 471 607 608
f 471 608 609
f 471 609 610
f 471 610 611
f 471 611 612
f 471 612 613
f 471 613 479
f 471 479 472
f 476 479 614
f 476 614 477
f 477 615 478
f 477 614 616
f 477 616 615
f 478 615 617
f 478 617 480
f 479 613 614
f 480 482 481
f 480 617 616
f 480 616 618
f 480 618 486
f 480 486 482
f 483 485 619
f 483 619 484
f 484 619 620
f 484 620 488
f 485 621 622
f 485 622 620
f 485 620 619
f 485 487 623
f 485 623 624
f 485 624 625
f 485 625 626
f 485 626 621
f 486 618 627
f 486 627 628
f 486 628 629
f 486 629 630
f 486 630 623
f 486 623 487
f 488 620 489
f 489 620 622
f 489 622 490
f 490 631 632
f 490 632 633
f 490 633 491
f 490 622 621
f 490 621 631
f 491 633 492
f 492 633 634
f 492 634 493
f 493 634 635
f 493 635 636
f 493 636 637
f 493 637 494
f 494 637 638
f 494 638 498
f 494 498 496
f 494 496 495
f 497 499 639
f 497 639 501
f 498 636 499
f 498 638 636
f 499 636 639
f 500 501 504
f 501 639 504
f 502 640 503
f 502 505 640
f 503 640 641
f 503 641 642
f 503 642 643
f 503 643 506
f 504 639 644
f 504 644 505
f 505 644 645
f 505 645 780
f 505 780 646
f 505 646 647
f 505 647 648
f 505 648 649
f 505 649 650
f 505 650 641
f 505 641 640
f 506 643 507
f 507 651 508
f 507 643 651
f 508 651 652
f 508 652 509
f 509 652 653
f 509 653 654
f 509 654 510
f 510 654 655
f 510 655 511
f 511 655 512
f 512 655 656
f 512 656 514
f 512 514 513
f 514 656 657
f 514 657 515
f 515 657 517
f 515 517 516
f 517 657 658
f 517 658 659
f 517 659 660
f 517 660 661
f 517 661 519
f 519 662 527
f 519 527 520
f 519 661 662
f 520 527 521
f 525 533 526
f 526 533 532
f 526 532 663
f 526 663 534
f 527 662 530
f 528 531 664
f 528 664 665
f 528 665 532
f 530 662 666
f 530 666 531
f 531 666 667
f 531 667 668
f 531 668 664
f 532 665 663
f 534 663 669
f 534 669 535
f 535 669 536
f 536 669 537
f 537 669 538
f 538 670 671
f 538 671 672
f 538 672 539
f 538 669 673
f 538 673 670
f 539 672 674
f 539 674 540
f 540 674 675
f 540 675 543
f 541 545 676
f 541 676 677
f 541 677 678
f 541 678 542
f 542 678 679
f 542 679 680
f 542 680 681
f 542 681 682
f 542 682 546
f 543 683 684
f 543 684 544
f 543 675 683
f 544 684 685
f 544 685 686
f 544 686 687
f 544 687 545
f 545 687 677
f 545 677 676
f 546 682 688
f 546 688 547
f 547 688 548
f 548 688 680
f 548 680 689
f 548 689 690
f 548 690 691
f 548 691 549
f 549 692 693
f 549 693 550
f 549 691 692
f 550 693 694
f 550 694 551
f 551 695 696
f 551 696 552
f 551 694 697
f 551 697 695
f 552 696 553
f 553 696 554
f 554 698 555
f 554 696 698
f 555 699 556
f 555 698 699
f 556 699 700
f 556 700 557
f 557 700 701
f 557 701 559
f 557 559 558
f 559 701 702
f 559 702 703
f 559 703 560
f 560 703 704
f 560 704 705
f 560 705 561
f 561 705 707
f 561 707 708
f 561 708 706
f 562 709 587
f 562 587 563
f 562 568 710
f 562 710 709
f 563 587 564
f 566 573 567
f 567 573 711
f 567 711 568
f 568 711 710
f 570 712 571
f 570 581 713
f 570 713 712
f 571 712 572
f 572 712 714
f 572 714 711
f 572 711 573
f 574 715 716
f 574 716 576
f 574 576 575
f 574 579 717
f 574 717 715
f 576 716 718
f 576 718 719
f 576 719 577
f 577 719 582
f 578 720 579
f 579 720 717
f 580 586 581
f 581 721 722
f 581 722 713
f 581 586 721
f 582 723 724
f 582 724 583
f 582 719 723
f 583 724 725
f 583 725 584
f 584 726 721
f 584 721 585
f 584 725 727
f 584 727 726
f 585 721 586
f 587 709 728
f 587 728 588
f 588 728 729
f 588 729 730
f 588 730 589
f 589 730 595
f 589 595 590
f 590 595 594
f 590 594 591
f 595 730 731
f 595 731 732
f 595 732 733
f 595 733 597
f 595 597 596
f 597 733 734
f 597 734 599
f 599 734 735
f 599 735 602
f 599 602 600
f 600 602 601
f 602 736 737
f 602 737 738
f 602 738 739
f 602 739 603
f 602 735 734
f 602 734 740
f 602 740 741
f 602 741 742
f 602 742 736
f 603 739 604
f 604 738 605
f 604 739 738
f 605 738 737
f 605 737 743
f 605 743 607
f 605 607 606
f 607 743 608
f 608 743 744
f 608 744 745
f 608 745 609
f 609 745 746
f 609 746 610
f 610 746 747
f 610 747 748
f 610 748 749
f 610 749 611
f 611 749 750
f 611 750 612
f 612 750 751
f 612 751 752
f 612 752 753
f 612 753 754
f 612 754 755
f 612 755 613
f 613 755 614
f 614 755 616
f 615 616 617
f 616 755 754
f 616 754 756
f 616 756 618
f 618 756 757
f 618 757 758
f 618 758 759
f 618 759 760
f 618 760 627
f 621 626 761
f 621 761 762
f 621 762 632
f 621 632 631
f 623 630 763
f 623 763 764
f 623 764 765
f 623 765 624
f 624 766 625
f 624 765 767
f 624 767 768
f 624 768 769
f 624 769 766
f 625 766 626
f 626 766 770
f 626 770 771
f 626 771 761
f 627 760 628
f 628 760 629
f 629 760 763
f 629 763 630
f 632 762 771
f 632 771 634
f 632 634 633
f 634 771 645
f 634 645 635
f 635 645 772
f 635 772 636
f 636 772 644
f 636 644 639
f 636 638 637
f 641 650 773
f 641 773 774
f 641 774 643
f 641 643 642
f 643 774 775
f 643 775 651
f 644 772 645
f 645 776 777
f 645 777 778
f 645 778 779
f 645 779 780
f 645 771 781
f 645 781 769
f 645 769 768
f 645 768 767
f 645 767 765
f 645 765 782
f 645 782 776
f 646 780 783
f 646 783 647
f 647 783 648
f 648 783 649
f 649 783 784
f 649 784 785
f 649 785 773
f 649 773 650
f 651 786 652
f 651 775 787
f 651 787 788
f 651 788 786
f 652 786 653
f 653 786 654
f 654 786 789
f 654 789 790
f 654 790 791
f 654 791 792
f 654 792 655
f 655 792 793
f 655 793 794
f 655 794 656
f 656 794 657
f 657 795 658
f 657 794 795
f 658 796 797
f 658 797 798
f 658 798 659
f 658 795 794
f 658 794 793
f 658 793 796
f 659 799 660
f 659 798 800
f 659 800 801
f 659 801 802
f 659 802 799
f 660 799 803
f 660 803 661
f 661 803 804
f 661 804 667
f 661 667 662
f 662 667 666
f 663 665 664
f 663 664 805
f 663 805 669
f 664 668 671
f 664 671 806
f 664 806 805
f 667 804 807
f 667 807 668
f 668 807 808
f 668 808 809
f 668 809 671
f 669 805 806
f 669 806 673
f 670 806 671
f 670 673 806
f 671 809 810
f 671 810 672
f 672 810 674
f 674 810 675
f 675 810 683
f 677 687 678
f 678 687 811
f 678 811 680
f 678 680 679
f 680 811 812
f 680 812 689
f 680 688 681
f 681 688 682
f 683 813 684
f 683 810 809
f 683 809 813
f 684 813 814
f 684 814 815
f 684 815 685
f 685 815 816
f 685 816 817
f 685 817 818
f 685 818 819
f 685 819 686
f 686 819 820
f 686 820 821
f 686 821 687
f 687 821 811
f 689 812 690
f 690 812 811
f 690 811 822
f 690 822 823
f 690 823 824
f 690 824 825
f 690 825 692
f 690 692 691
f 692 825 826
f 692 826 693
f 693 826 827
f 693 827 828
f 693 828 829
f 693 829 830
f 693 830 694
f 694 830 831
f 694 831 697
f 695 697 832
f 695 832 833
f 695 833 702
f 695 702 696
f 696 702 701
f 696 701 700
f 696 700 699
f 696 699 698
f 697 834 835
f 697 835 833
f 697 833 832
f 697 831 836
f 697 836 834
f 702 837 703
f 702 833 838
f 702 838 837
f 703 839 704
f 703 837 840
f 703 840 841
f 703 841 839
f 704 839 842
f 704 842 705
f 705 842 707
f 706 708 843
f 707 842 708
f 708 842 844
f 708 844 845
f 708 845 846
f 708 846 847
f 708 847 848
f 708 848 849
f 708 849 850
f 708 850 851
f 708 851 852
f 708 852 853
f 708 853 854
f 708 854 843
f 709 710 855
f 709 855 856
f 709 856 728
f 710 711 855
f 711 714 857
f 711 857 858
f 711 858 859
f 711 859 860
f 711 860 861
f 711 861 862
f 711 862 863
f 711 863 855
f 712 713 857
f 712 857 714
f 713 722 858
f 713 858 857
f 715 864 865
f 715 865 866
f 715 866 716
f 715 717 867
f 715 867 864
f 716 866 718
f 717 720 868
f 717 868 869
f 717 869 867
f 718 866 870
f 718 870 871
f 718 871 872
f 718 872 719
f 719 872 723
f 721 726 873
f 721 873 874
f 721 874 722
f 722 875 876
f 722 876 858
f 722 874 877
f 722 877 878
f 722 878 879
f 722 879 875
f 723 880 881
f 723 881 882
f 723 882 883
f 723 883 884
f 723 884 885
f 723 885 886
f 723 886 887
f 723 887 888
f 723 888 724
f 723 872 880
f 724 888 889
f 724 889 725
f 725 889 727
f 726 727 889
f 726 889 873
f 728 856 890
f 728 890 729
f 729 890 891
f 729 891 892
f 729 892 731
f 729 731 730
f 731 892 893
f 731 893 732
f 732 893 894
f 732 894 895
f 732 895 896
f 732 896 733
f 733 896 897
f 733 897 898
f 733 898 734
f 734 898 899
f 734 899 740
f 736 742 900
f 736 900 737
f 737 900 901
f 737 901 902
f 737 902 903
f 737 903 744
f 737 744 743
f 740 899 741
f 741 904 905
f 741 905 906
f 741 906 907
f 741 907 900
f 741 900 742
f 741 899 897
f 741 897 904
f 744 903 745
f 745 903 746
f 746 908 747
f 746 903 902
f 746 902 909
f 746 909 908
f 747 908 748
f 748 908 910
f 748 910 750
f 748 750 749
f 750 910 911
f 750 911 912
f 750 912 913
f 750 913 751
f 751 913 914
f 751 914 753
f 751 753 752
f 753 914 754
f 754 914 915
f 754 915 756
f 756 915 757
f 757 915 916
f 757 916 758
f 758 917 759
f 758 916 917
f 759 917 918
f 759 918 760
f 760 918 919
f 760 919 920
f 760 920 921
f 760 921 922
f 760 922 923
f 760 923 763
f 761 771 762
f 763 923 924
f 763 924 764
f 764 924 782
f 764 782 765
f 766 769 781
f 766 781 771
f 766 771 770
f 773 785 925
f 773 925 926
f 773 926 927
f 773 927 787
f 773 787 928
f 773 928 775
f 773 775 774
f 775 928 787
f 776 929 777
f 776 782 930
f 776 930 929
f 777 929 778
f 778 931 779
f 778 929 932
f 778 932 931
f 779 931 933
f 779 933 780
f 780 933 934
f 780 934 783
f 782 924 930
f 783 935 936
f 783 936 784
f 783 934 933
f 783 933 935
f 784 937 938
f 784 938 785
f 784 936 939
f 784 939 937
f 785 940 941
f 785 941 942
f 785 942 943
f 785 943 925
f 785 938 940
f 786 788 944
f 786 944 790
f 786 790 789
f 787 927 945
f 787 945 946
f 787 946 788
f 788 946 947
f 788 947 944
f 790 944 791
f 791 947 948
f 791 948 796
f 791 796 793
f 791 793 792
f 791 944 947
f 796 948 949
f 796 949 800
f 796 800 797
f 797 800 798
f 799 802 950
f 799 950 803
f 800 949 951
f 800 951 952
f 800 952 953
f 800 953 801
f 801 953 954
f 801 954 802
f 802 954 950
f 803 950 955
f 803 955 804
f 804 955 950
f 804 950 956
f 804 956 957
f 804 957 807
f 807 957 808
f 808 957 958
f 808 958 959
f 808 959 960
f 808 960 809
f 809 960 813
f 811 821 961
f 811 961 822
f 813 962 814
f 813 960 962
f 814 963 964
f 814 964 815
f 814 962 963
f 815 964 965
f 815 965 966
f 815 966 816
f 816 966 967
f 816 967 968
f 816 968 817
f 817 968 969
f 817 969 970
f 817 970 971
f 817 971 819
f 817 819 818
f 819 971 820
f 820 971 821
f 821 971 961
f 822 961 972
f 822 972 823
f 823 972 973
f 823 973 824
f 824 973 974
f 824 974 975
f 824 975 976
f 824 976 977
f 824 977 828
f 824 828 978
f 824 978 825
f 825 978 826
f 826 978 827
f 827 978 828
f 828 979 980
f 828 980 981
f 828 981 834
f 828 834 836
f 828 836 982
f 828 982 829
f 828 977 983
f 828 983 979
f 829 982 984
f 829 984 830
f 830 984 831
f 831 984 836
f 833 835 838
f 834 981 985
f 834 985 986
f 834 986 840
f 834 840 835
f 835 840 838
f 836 984 982
f 837 838 840
f 839 841 842
f 840 986 987
f 840 987 845
f 840 845 841
f 841 845 842
f 842 845 844
f 845 988 846
f 845 987 988
f 846 988 847
f 847 988 989
f 847 989 990
f 847 990 991
f 847 991 848
f 848 991 992
f 848 992 993
f 848 993 849
f 849 993 992
f 849 992 991
f 849 991 994
f 849 994 850
f 850 994 851
f 851 994 995
f 855 863 996
f 855 996 997
f 855 997 998
f 855 998 856
f 856 998 890
f 858 876 859
f 859 876 999
f 859 999 1000
f 859 1000 860
f 860 1000 861
f 861 1000 1001
f 861 1001 1002
f 861 1002 1003
f 861 1003 862
f 862 1003 863
f 863 1003 1004
f 863 1004 1005
f 863 1005 996
f 864 1006 1007
f 864 1007 1008
f 864 1008 865
f 864 867 1009
f 864 1009 1006
f 865 1008 1010
f 865 1010 1011
f 865 1011 866
f 866 1011 1012
f 866 1012 1013
f 866 1013 870
f 867 1014 1015
f 867 1015 1016
f 867 1016 1009
f 867 869 868
f 867 868 1014
f 868 1017 1015
f 868 1015 1014
f 870 1013 871
f 871 1013 1012
f 871 1012 881
f 871 881 880
f 871 880 872
f 873 889 1018
f 873 1018 874
f 874 1018 877
f 875 1019 876
f 875 879 1020
f 875 1020 1019
f 876 1019 1021
f 876 1021 999
f 877 1018 1022
f 877 1022 1023
f 877 1023 878
f 878 1023 1022
f 878 1022 1024
f 878 1024 1025
f 878 1025 879
f 879 1025 1020
f 881 1012 1026
f 881 1026 1027
f 881 1027 882
f 882 1027 1028
f 882 1028 1029
f 882 1029 883
f 883 1029 1030
f 883 1030 884
f 884 1030 1031
f 884 1031 885
f 885 1031 1032
f 885 1032 887
f 885 887 886
f 887 1032 1033
f 887 1033 888
f 888 1034 889
f 888 1033 1035
f 888 1035 1036
f 888 1036 1034
f 889 1034 1018
f 890 998 1037
f 890 1037 891
f 891 1038 1039
f 891 1039 1040
f 891 1040 1041
f 891 1041 895
f 891 895 1042
f 891 1042 892
f 891 1037 1043
f 891 1043 1038
f 892 1042 893
f 893 1042 894
f 894 1042 1044
f 894 1044 895
f 895 904 897
f 895 897 896
f 895 1044 1042
f 895 1041 1045
f 895 1045 1046
f 895 1046 1047
f 895 1047 1048
f 895 1048 1049
f 895 1049 1050
f 895 1050 1051
f 895 1051 905
f 895 905 904
f 897 899 898
f 900 907 1052
f 900 1052 909
f 900 909 901
f 901 909 902
f 905 1051 906
f 906 1052 907
f 906 1051 1053
f 906 1053 1054
f 906 1054 1052
f 908 1055 1056
f 908 1056 1057
f 908 1057 1058
f 908 1058 1059
f 908 1059 910
f 908 909 1053
f 908 1053 1055
f 909 1054 1053
f 909 1052 1054
f 910 1059 1060
f 910 1060 1061
f 910 1061 911
f 911 1061 912
f 912 1062 1063
f 912 1063 913
f 912 1061 1062
f 913 1064 914
f 913 1063 1064
f 914 1064 915
f 915 1065 1066
f 915 1066 916
f 915 1064 1065
f 916 1066 1067
f 916 1067 917
f 917 1067 1068
f 917 1068 918
f 918 1068 919
f 919 1068 1069
f 919 1069 1070
f 919 1070 921
f 919 921 920
f 921 1071 1072
f 921 1072 923
f 921 923 922
f 921 1070 1071
f 923 1072 924
f 924 1072 930
f 925 943 926
f 926 943 1073
f 926 1073 1074
f 926 1074 927
f 927 1074 945
f 929 930 932
f 930 1072 1075
f 930 1075 931
f 930 931 932
f 931 1075 933
f 933 1076 1077
f 933 1077 935
f 933 1075 1072
f 933 1072 1071
f 933 1071 1068
f 933 1068 1078
f 933 1078 1079
f 933 1079 1076
f 935 1077 1080
f 935 1080 1081
f 935 1081 1082
f 935 1082 1083
f 935 1083 936
f 936 1083 939
f 937 939 938
f 938 1084 1085
f 938 1085 940
f 938 939 1084
f 939 1083 1086
f 939 1086 1084
f 940 1085 941
f 941 1087 1088
f 941 1088 1089
f 941 1089 1090
f 941 1090 1091
f 941 1091 1092
f 941 1092 942
f 941 1085 1093
f 941 1093 1087
f 942 1092 1094
f 942 1094 1095
f 942 1095 943
f 943 1095 1073
f 945 1074 1096
f 945 1096 1097
f 945 1097 946
f 946 1097 1098
f 946 1098 1099
f 946 1099 947
f 947 1099 1100
f 947 1100 1101
f 947 1101 948
f 948 1101 1102
f 948 1102 949
f 949 1102 1103
f 949 1103 951
f 950 954 1104
f 950 1104 1105
f 950 1105 956
f 951 1103 1106
f 951 1106 952
f 952 1106 953
f 953 1107 1108
f 953 1108 1109
f 953 1109 1104
f 953 1104 954
f 953 1106 1107
f 956 1105 958
f 956 958 957
f 958 1110 959
f 958 1105 1104
f 958 1104 1111
f 958 1111 963
f 958 963 1110
f 959 1110 962
f 959 962 960
f 961 971 1112
f 961 1112 972
f 962 1110 963
f 963 1111 964
f 964 1111 1104
f 964 1104 965
f 965 1104 1109
f 965 1109 1113
f 965 1113 1114
f 965 1114 966
f 966 1114 967
f 967 1114 968
f 968 1115 1116
f 968 1116 969
f 968 1114 1117
f 968 1117 1115
f 969 1116 1118
f 969 1118 970
f 970 1118 971
f 971 1118 1119
f 971 1119 1120
f 971 1120 1121
f 971 1121 1112
f 972 1112 1121
f 972 1121 1122
f 972 1122 973
f 973 1122 1123
f 973 1123 974
f 974 1123 975
f 975 1124 976
f 975 1123 1124
f 976 1125 977
f 976 1124 1125
f 977 1125 1126
f 977 1126 983
f 979 1127 1128
f 979 1128 1129
f 979 1129 1130
f 979 1130 980
f 979 983 1126
f 979 1126 1127
f 980 1130 981
f 981 1130 985
f 985 1131 1132
f 985 1132 986
f 985 1130 1131
f 986 1132 1133
f 986 1133 989
f 986 989 987
f 987 989 988
f 989 1133 1132
f 989 1132 990
f 990 1132 1134
f 990 1134 991
f 991 1135 994
f 991 1134 1135
f 994 1135 1136
f 994 1136 995
f 995 1136 1138
f 995 1138 1139
f 995 1139 1137
f 996 1005 1140
f 996 1140 1038
f 996 1038 1043
f 996 1043 997
f 997 1043 1037
f 997 1037 998
f 999 1141 1142
f 999 1142 1001
f 999 1001 1000
f 999 1021 1143
f 999 1143 1144
f 999 1144 1020
f 999 1020 1145
f 999 1145 1146
f 999 1146 1141
f 1001 1142 1038
f 1001 1038 1002
f 1002 1038 1140
f 1002 1140 1004
f 1002 1004 1003
f 1004 1140 1005
f 1006 1009 1007
f 1007 1026 1010
f 1007 1010 1008
f 1007 1009 1027
f 1007 1027 1026
f 1009 1147 1027
f 1009 1016 1147
f 1010 1026 1011
f 1011 1026 1012
f 1015 1017 1148
f 1015 1148 1147
f 1015 1147 1016
f 1017 1149 1148
f 1018 1034 1150
f 1018 1150 1022
f 1019 1143 1021
f 1019 1020 1144
f 1019 1144 1143
f 1020 1025 1151
f 1020 1151 1152
f 1020 1152 1153
f 1020 1153 1145
f 1022 1150 1024
f 1024 1150 1154
f 1024 1154 1155
f 1024 1155 1025
f 1025 1155 1151
f 1027 1147 1156
f 1027 1156 1028
f 1028 1156 1157
f 1028 1157 1029
f 1029 1157 1156
f 1029 1156 1158
f 1029 1158 1159
f 1029 1159 1160
f 1029 1160 1161
f 1029 1161 1162
f 1029 1162 1163
f 1029 1163 1164
f 1029 1164 1165
f 1029 1165 1030
f 1030 1165 1031
f 1031 1165 1164
f 1031 1164 1166
f 1031 1166 1167
f 1031 1167 1032
f 1032 1167 1033
f 1033 1167 1168
f 1033 1168 1169
f 1033 1169 1170
f 1033 1170 1035
f 1034 1036 1171
f 1034 1171 1150
f 1035 1170 1172
f 1035 1172 1171
f 1035 1171 1036
f 1038 1142 1039
f 1039 1142 1141
f 1039 1141 1040
f 1040 1141 1173
f 1040 1173 1041
f 1041 1173 1174
f 1041 1174 1045
f 1045 1174 1046
f 1046 1174 1047
f 1047 1049 1048
f 1047 1174 1175
f 1047 1175 1176
f 1047 1176 1177
f 1047 1177 1049
f 1049 1177 1178
f 1049 1178 1179
f 1049 1179 1180
f 1049 1180 1050
f 1050 1180 1053
f 1050 1053 1051
f 1053 1180 1179
f 1053 1179 1055
f 1055 1179 1181
f 1055 1181 1182
f 1055 1182 1183
f 1055 1183 1184
f 1055 1184 1185
f 1055 1185 1056
f 1056 1185 1057
f 1057 1185 1186
f 1057 1186 1058
f 1058 1186 1187
f 1058 1187 1188
f 1058 1188 1059
f 1059 1188 1189
f 1059 1189 1060
f 1060 1189 1190
f 1060 1190 1191
f 1060 1191 1062
f 1060 1062 1061
f 1062 1191 1063
f 1063 1065 1064
f 1063 1191 1192
f 1063 1192 1193
f 1063 1193 1194
f 1063 1194 1066
f 1063 1066 1065
f 1066 1194 1079
f 1066 1079 1067
f 1067 1079 1068
f 1068 1079 1078
f 1068 1071 1069
f 1069 1071 1070
f 1073 1095 1094
f 1073 1094 1092
f 1073 1092 1091
f 1073 1091 1195
f 1073 1195 1196
f 1073 1196 1197
f 1073 1197 1198
f 1073 1198 1074
f 1074 1198 1096
f 1076 1199 1077
f 1076 1079 1193
f 1076 1193 1199
f 1077 1200 1080
f 1077 1199 1200
f 1079 1194 1193
f 1080 1200 1201
f 1080 1201 1202
f 1080 1202 1203
f 1080 1203 1081
f 1081 1203 1204
f 1081 1204 1205
f 1081 1205 1082
f 1082 1205 1086
f 1082 1086 1083
f 1084 1086 1206
f 1084 1206 1085
f 1085 1206 1207
f 1085 1207 1093
f 1086 1205 1206
f 1087 1208 1209
f 1087 1209 1210
f 1087 1210 1088
f 1087 1093 1211
f 1087 1211 1208
f 1088 1210 1212
f 1088 1212 1089
f 1089 1212 1213
f 1089 1213 1090
f 1090 1213 1091
f 1091 1213 1195
f 1093 1207 1214
f 1093 1214 1211
f 1096 1198 1215
f 1096 1215 1216
f 1096 1216 1098
f 1096 1098 1097
f 1098 1100 1099
f 1098 1216 1217
f 1098 1217 1100
f 1100 1217 1102
f 1100 1102 1101
f 1102 1217 1103
f 1103 1217 1218
f 1103 1218 1106
f 1106 1218 1107
f 1107 1218 1219
f 1107 1219 1108
f 1108 1220 1221
f 1108 1221 1115
f 1108 1115 1113
f 1108 1113 1109
f 1108 1219 1220
f 1113 1115 1117
f 1113 1117 1114
f 1115 1222 1116
f 1115 1221 1222
f 1116 1222 1223
f 1116 1223 1224
f 1116 1224 1118
f 1118 1224 1225
f 1118 1225 1119
f 1119 1226 1120
f 1119 1225 1226
f 1120 1226 1227
f 1120 1227 1228
f 1120 1228 1229
f 1120 1229 1121
f 1121 1229 1122
f 1122 1230 1123
f 1122 1229 1230
f 1123 1230 1231
f 1123 1231 1124
f 1124 1231 1232
f 1124 1232 1125
f 1125 1233 1234
f 1125 1234 1235
f 1125 1235 1126
f 1125 1232 1233
f 1126 1235 1236
f 1126 1236 1237
f 1126 1237 1127
f 1127 1237 1238
f 1127 1238 1239
f 1127 1239 1128
f 1128 1239 1240
f 1128 1240 1241
f 1128 1241 1129
f 1129 1241 1242
f 1129 1242 1243
f 1129 1243 1130
f 1130 1243 1131
f 1131 1243 1244
f 1131 1244 1132
f 1132 1244 1245
f 1132 1245 1246
f 1132 1246 1134
f 1134 1246 1247
f 1134 1247 1248
f 1134 1248 1249
f 1134 1249 1135
f 1135 1249 1250
f 1135 1250 1136
f 1136 1250 1138
f 1137 1251 1252
f 1137 1139 1253
f 1137 1253 1254
f 1137 1254 1251
f 1138 1250 1249
f 1138 1249 1253
f 1138 1253 1139
f 1141 1146 1255
f 1141 1255 1173
f 1145 1153 1256
f 1145 1256 1146
f 1146 1256 1257
f 1146 1257 1258
f 1146 1258 1259
f 1146 1259 1255
f 1147 1148 1159
f 1147 1159 1158
f 1147 1158 1156
f 1148 1260 1261
f 1148 1261 1159
f 1148 1149 1262
f 1148 1262 1260
f 1149 1263 1262
f 1150 1171 1154
f 1151 1155 1264
f 1151 1264 1265
f 1151 1265 1266
f 1151 1266 1267
f 1151 1267 1268
f 1151 1268 1269
f 1151 1269 1270
f 1151 1270 1152
f 1152 1270 1153
f 1153 1270 1271
f 1153 1271 1272
f 1153 1272 1257
f 1153 1257 1256
f 1154 1171 1273
f 1154 1273 1274
f 1154 1274 1155
f 1155 1274 1275
f 1155 1275 1264
f 1159 1276 1277
f 1159 1277 1160
f 1159 1261 1276
f 1160 1278 1279
f 1160 1279 1161
f 1160 1277 1278
f 1161 1279 1280
f 1161 1280 1162
f 1162 1281 1282
f 1162 1282 1163
f 1162 1280 1283
f 1162 1283 1284
f 1162 1284 1281
f 1163 1282 1164
f 1164 1168 1166
f 1164 1282 1168
f 1166 1168 1167
f 1168 1285 1286
f 1168 1286 1287
f 1168 1287 1288
f 1168 1288 1169
f 1168 1282 1289
f 1168 1289 1290
f 1168 1290 1291
f 1168 1291 1292
f 1168 1292 1293
f 1168 1293 1285
f 1169 1288 1294
f 1169 1294 1170
f 1170 1171 1172
f 1170 1294 1171
f 1171 1294 1295
f 1171 1295 1296
f 1171 1296 1273
f 1173 1255 1174
f 1174 1255 1175
f 1175 1255 1176
f 1176 1255 1259
f 1176 1259 1297
f 1176 1297 1177
f 1177 1297 1298
f 1177 1298 1299
f 1177 1299 1300
f 1177 1300 1178
f 1178 1300 1181
f 1178 1181 1179
f 1181 1300 1182
f 1182 1300 1183
f 1183 1300 1299
f 1183 1299 1301
f 1183 1301 1184
f 1184 1301 1302
f 1184 1302 1185
f 1185 1302 1303
f 1185 1303 1304
f 1185 1304 1186
f 1186 1304 1305
f 1186 1305 1189
f 1186 1189 1187
f 1187 1189 1188
f 1189 1305 1306
f 1189 1306 1190
f 1190 1306 1307
f 1190 1307 1191
f 1191 1307 1308
f 1191 1308 1192
f 1192 1308 1199
f 1192 1199 1309
f 1192 1309 1310
f 1192 1310 1193
f 1193 1310 1199
f 1195 1213 1196
f 1196 1213 1212
f 1196 1212 1311
f 1196 1311 1312
f 1196 1312 1313
f 1196 1313 1314
f 1196 1314 1197
f 1197 1314 1198
f 1198 1314 1215
f 1199 1315 1200
f 1199 1310 1309
f 1199 1308 1315
f 1200 1316 1317
f 1200 1317 1201
f 1200 1315 1306
f 1200 1306 1316
f 1201 1317 1202
f 1202 1318 1319
f 1202 1319 1204
f 1202 1204 1203
f 1202 1317 1316
f 1202 1316 1318
f 1204 1319 1207
f 1204 1207 1206
f 1204 1206 1205
f 1207 1319 1320
f 1207 1320 1214
f 1208 1211 1321
f 1208 1321 1322
f 1208 1322 1323
f 1208 1323 1324
f 1208 1324 1325
f 1208 1325 1209
f 1209 1325 1210
f 1210 1326 1212
f 1210 1325 1327
f 1210 1327 1326
f 1211 1214 1328
f 1211 1328 1329
f 1211 1329 1330
f 1211 1330 1321
f 1212 1326 1331
f 1212 1331 1332
f 1212 1332 1333
f 1212 1333 1311
f 1214 1320 1334
f 1214 1334 1335
f 1214 1335 1328
f 1215 1314 1216
f 1216 1336 1337
f 1216 1337 1218
f 1216 1218 1217
f 1216 1314 1313
f 1216 1313 1336
f 1218 1337 1219
f 1219 1337 1221
f 1219 1221 1220
f 1221 1337 1222
f 1222 1337 1338
f 1222 1338 1223
f 1223 1338 1339
f 1223 1339 1340
f 1223 1340 1341
f 1223 1341 1224
f 1224 1341 1342
f 1224 1342 1343
f 1224 1343 1225
f 1225 1343 1226
f 1226 1343 1344
f 1226 1344 1227
f 1227 1344 1345
f 1227 1345 1228
f 1228 1345 1346
f 1228 1346 1347
f 1228 1347 1348
f 1228 1348 1349
f 1228 1349 1350
f 1228 1350 1351
f 1228 1351 1230
f 1228 1230 1229
f 1230 1351 1231
f 1231 1351 1352
f 1231 1352 1232
f 1232 1352 1233
f 1233 1352 1353
f 1233 1353 1234
f 1234 1353 1354
f 1234 1354 1355
f 1234 1355 1235
f 1235 1355 1236
f 1236 1355 1356
f 1236 1356 1357
f 1236 1357 1237
f 1237 1358 1359
f 1237 1359 1360
f 1237 1360 1361
f 1237 1361 1238
f 1237 1357 1358
f 1238 1361 1239
f 1239 1361 1362
f 1239 1362 1240
f 1240 1362 1363
f 1240 1363 1364
f 1240 1364 1365
f 1240 1365 1241
f 1241 1365 1366
f 1241 1366 1242
f 1242 1366 1367
f 1242 1367 1368
f 1242 1368 1243
f 1243 1368 1245
f 1243 1245 1244
f 1245 1368 1367
f 1245 1367 1369
f 1245 1369 1246
f 1246 1370 1247
f 1246 1369 1371
f 1246 1371 1370
f 1247 1370 1372
f 1247 1372 1373
f 1247 1373 1374
f 1247 1374 1248
f 1248 1374 1375
f 1248 1375 1376
f 1248 1376 1249
f 1249 1376 1253
f 1251 1377 1378
f 1251 1378 1252
f 1251 1254 1376
f 1251 1376 1379
f 1251 1379 1380
f 1251 1380 1381
f 1251 1381 1377
f 1252 1382 1383
f 1252 1378 1384
f 1252 1384 1385
f 1252 1385 1386
f 1252 1386 1387
f 1252 1387 1388
f 1252 1388 1382
f 1253 1376 1254
f 1257 1272 1389
f 1257 1389 1258
f 1258 1389 1298
f 1258 1298 1297
f 1258 1297 1259
f 1260 1390 1276
f 1260 1276 1261
f 1260 1262 1263
f 1260 1263 1391
f 1260 1391 1390
f 1263 1392 1393
f 1263 1393 1391
f 1264 1394 1265
f 1264 1275 1274
f 1264 1274 1395
f 1264 1395 1396
f 1264 1396 1397
f 1264 1397 1394
f 1265 1394 1266
f 1266 1397 1396
f 1266 1396 1398
f 1266 1398 1399
f 1266 1399 1267
f 1266 1394 1397
f 1267 1269 1268
f 1267 1399 1269
f 1269 1399 1400
f 1269 1400 1401
f 1269 1401 1270
f 1270 1401 1271
f 1271 1401 1272
f 1272 1401 1389
f 1273 1296 1274
f 1274 1296 1395
f 1276 1390 1402
f 1276 1402 1403
f 1276 1403 1404
f 1276 1404 1277
f 1277 1404 1403
f 1277 1403 1405
f 1277 1405 1278
f 1278 1405 1406
f 1278 1406 1407
f 1278 1407 1408
f 1278 1408 1279
f 1279 1408 1409
f 1279 1409 1280
f 1280 1409 1283
f 1281 1284 1282
f 1282 1410 1289
f 1282 1284 1410
f 1283 1411 1284
f 1283 1409 1412
f 1283 1412 1413
f 1283 1413 1414
f 1283 1414 1415
f 1283 1415 1416
f 1283 1416 1411
f 1284 1411 1291
f 1284 1291 1410
f 1285 1293 1417
f 1285 1417 1286
f 1286 1417 1418
f 1286 1418 1419
f 1286 1419 1420
f 1286 1420 1421
f 1286 1421 1288
f 1286 1288 1287
f 1288 1421 1422
f 1288 1422 1423
f 1288 1423 1294
f 1289 1410 1424
f 1289 1424 1290
f 1290 1424 1291
f 1291 1411 1425
f 1291 1425 1426
f 1291 1426 1292
f 1291 1424 1410
f 1292 1426 1427
f 1292 1427 1293
f 1293 1427 1418
f 1293 1418 1417
f 1294 1423 1428
f 1294 1428 1295
f 1295 1428 1296
f 1296 1428 1395
f 1298 1389 1429
f 1298 1429 1299
f 1299 1429 1301
f 1301 1429 1302
f 1302 1429 1303
f 1303 1430 1304
f 1303 1429 1431
f 1303 1431 1430
f 1304 1430 1432
f 1304 1432 1433
f 1304 1433 1434
f 1304 1434 1435
f 1304 1435 1305
f 1305 1435 1436
f 1305 1436 1306
f 1306 1437 1307
f 1306 1436 1435
f 1306 1435 1438
f 1306 1438 1439
f 1306 1439 1316
f 1306 1315 1437
f 1307 1437 1308
f 1308 1437 1315
f 1311 1333 1312
f 1312 1333 1313
f 1313 1332 1440
f 1313 1440 1336
f 1313 1333 1332
f 1316 1439 1441
f 1316 1441 1318
f 1318 1442 1320
f 1318 1320 1319
f 1318 1441 1442
f 1320 1442 1443
f 1320 1443 1444
f 1320 1444 1334
f 1321 1330 1445
f 1321 1445 1322
f 1322 1445 1446
f 1322 1446 1323
f 1323 1447 1448
f 1323 1448 1324
f 1323 1446 1449
f 1323 1449 1450
f 1323 1450 1451
f 1323 1451 1447
f 1324 1448 1325
f 1325 1448 1452
f 1325 1452 1327
f 1326 1327 1453
f 1326 1453 1331
f 1327 1452 1454
f 1327 1454 1453
f 1328 1335 1455
f 1328 1455 1329
f 1329 1455 1330
f 1330 1455 1456
f 1330 1456 1457
f 1330 1457 1458
f 1330 1458 1459
f 1330 1459 1447
f 1330 1447 1451
f 1330 1451 1450
f 1330 1450 1460
f 1330 1460 1445
f 1331 1342 1340
f 1331 1340 1461
f 1331 1461 1332
f 1331 1453 1342
f 1332 1461 1338
f 1332 1338 1440
f 1334 1444 1335
f 1335 1444 1462
f 1335 1462 1455
f 1336 1440 1337
f 1337 1440 1338
f 1338 1461 1339
f 1339 1461 1340
f 1340 1342 1341
f 1342 1453 1454
f 1342 1454 1344
f 1342 1344 1343
f 1344 1454 1463
f 1344 1463 1346
f 1344 1346 1345
f 1346 1463 1347
f 1347 1464 1348
f 1347 1463 1464
f 1348 1464 1349
f 1349 1465 1466
f 1349 1466 1350
f 1349 1464 1463
f 1349 1463 1465
f 1350 1466 1467
f 1350 1467 1351
f 1351 1467 1353
f 1351 1353 1352
f 1353 1467 1354
f 1354 1356 1355
f 1354 1467 1356
f 1356 1468 1469
f 1356 1469 1358
f 1356 1358 1357
f 1356 1467 1470
f 1356 1470 1468
f 1358 1469 1471
f 1358 1471 1472
f 1358 1472 1360
f 1358 1360 1359
f 1360 1472 1363
f 1360 1363 1362
f 1360 1362 1361
f 1363 1473 1364
f 1363 1472 1473
f 1364 1473 1474
f 1364 1474 1475
f 1364 1475 1476
f 1364 1476 1365
f 1365 1476 1477
f 1365 1477 1371
f 1365 1371 1366
f 1366 1371 1369
f 1366 1369 1367
f 1370 1478 1372
f 1370 1371 1479
f 1370 1479 1478
f 1371 1477 1478
f 1371 1478 1479
f 1372 1478 1480
f 1372 1480 1373
f 1373 1480 1481
f 1373 1481 1482
f 1373 1482 1483
f 1373 1483 1374
f 1374 1483 1375
f 1375 1483 1379
f 1375 1379 1376
f 1377 1381 1484
f 1377 1484 1378
f 1378 1484 1485
f 1378 1485 1486
f 1378 1486 1487
f 1378 1487 1488
f 1378 1488 1384
f 1379 1483 1482
f 1379 1482 1381
f 1379 1381 1380
f 1381 1482 1489
f 1381 1489 1490
f 1381 1490 1484
f 1382 1388 1383
f 1383 1393 1392
f 1383 1388 1491
f 1383 1491 1492
f 1383 1492 1393
f 1384 1488 1386
f 1384 1386 1385
f 1386 1488 1487
f 1386 1487 1493
f 1386 1493 1494
f 1386 1494 1495
f 1386 1495 1388
f 1386 1388 1387
f 1388 1492 1491
f 1388 1495 1496
f 1388 1496 1492
f 1389 1401 1400
f 1389 1400 1429
f 1390 1391 1393
f 1390 1393 1492
f 1390 1492 1496
f 1390 1496 1497
f 1390 1497 1402
f 1395 1428 1423
f 1395 1423 1498
f 1395 1498 1499
f 1395 1499 1396
f 1396 1499 1500
f 1396 1500 1398
f 1398 1501 1399
f 1398 1500 1502
f 1398 1502 1501
f 1399 1501 1503
f 1399 1503 1504
f 1399 1504 1400
f 1400 1504 1429
f 1402 1497 1505
f 1402 1505 1403
f 1403 1505 1506
f 1403 1506 1405
f 1405 1506 1507
f 1405 1507 1508
f 1405 1508 1509
f 1405 1509 1510
f 1405 1510 1406
f 1406 1510 1509
f 1406 1509 1407
f 1407 1511 1408
f 1407 1509 1512
f 1407 1512 1513
f 1407 1513 1511
f 1408 1511 1409
f 1409 1511 1513
f 1409 1513 1514
f 1409 1514 1412
f 1411 1416 1425
f 1412 1514 1413
f 1413 1514 1515
f 1413 1515 1516
f 1413 1516 1517
f 1413 1517 1414
f 1414 1517 1518
f 1414 1518 1474
f 1414 1474 1473
f 1414 1473 1472
f 1414 1472 1415
f 1415 1472 1471
f 1415 1471 1519
f 1415 1519 1416
f 1416 1519 1520
f 1416 1520 1425
f 1418 1427 1520
f 1418 1520 1419
f 1419 1520 1457
f 1419 1457 1462
f 1419 1462 1521
f 1419 1521 1522
f 1419 1522 1420
f 1420 1523 1524
f 1420 1524 1525
f 1420 1525 1421
f 1420 1522 1526
f 1420 1526 1523
f 1421 1525 1422
f 1422 1524 1527
f 1422 1527 1498
f 1422 1498 1423
f 1422 1525 1524
f 1425 1520 1426
f 1426 1520 1427
f 1429 1504 1431
f 1430 1503 1432
f 1430 1431 1503
f 1431 1504 1503
f 1432 1503 1528
f 1432 1528 1433
f 1433 1529 1434
f 1433 1528 1530
f 1433 1530 1441
f 1433 1441 1529
f 1434 1529 1435
f 1435 1529 1439
f 1435 1439 1438
f 1439 1529 1441
f 1441 1531 1442
f 1441 1530 1532
f 1441 1532 1531
f 1442 1531 1533
f 1442 1533 1534
f 1442 1534 1443
f 1443 1534 1444
f 1444 1534 1462
f 1445 1460 1446
f 1446 1460 1449
f 1447 1535 1536
f 1447 1536 1537
f 1447 1537 1538
f 1447 1538 1448
f 1447 1459 1535
f 1448 1454 1452
f 1448 1538 1454
f 1449 1460 1450
f 1454 1538 1463
f 1455 1462 1457
f 1455 1457 1456
f 1457 1520 1458
f 1458 1520 1519
f 1458 1519 1539
f 1458 1539 1540
f 1458 1540 1459
f 1459 1540 1541
f 1459 1541 1542
f 1459 1542 1535
f 1462 1534 1526
f 1462 1526 1521
f 1463 1538 1537
f 1463 1537 1543
f 1463 1543 1465
f 1465 1543 1544
f 1465 1544 1466
f 1466 1544 1467
f 1467 1544 1470
f 1468 1470 1469
f 1469 1470 1545
f 1469 1545 1471
f 1470 1544 1545
f 1471 1545 1546
f 1471 1546 1547
f 1471 1547 1519
f 1474 1518 1507
f 1474 1507 1548
f 1474 1548 1549
f 1474 1549 1550
f 1474 1550 1475
f 1475 1549 1551
f 1475 1551 1552
f 1475 1552 1477
f 1475 1477 1476
f 1475 1550 1549
f 1477 1552 1553
f 1477 1553 1554
f 1477 1554 1555
f 1477 1555 1556
f 1477 1556 1557
f 1477 1557 1558
f 1477 1558 1559
f 1477 1559 1560
f 1477 1560 1480
f 1477 1480 1478
f 1480 1560 1481
f 1481 1560 1482
f 1482 1560 1489
f 1484 1490 1485
f 1485 1493 1486
f 1485 1490 1561
f 1485 1561 1493
f 1486 1493 1487
f 1489 1562 1561
f 1489 1561 1490
f 1489 1560 1562
f 1493 1561 1562
f 1493 1562 1494
f 1494 1562 1563
f 1494 1563 1564
f 1494 1564 1565
f 1494 1565 1495
f 1495 1565 1566
f 1495 1566 1496
f 1496 1566 1567
f 1496 1567 1497
f 1497 1567 1505
f 1498 1527 1499
f 1499 1568 1500
f 1499 1527 1569
f 1499 1569 1526
f 1499 1526 1570
f 1499 1570 1534
f 1499 1534 1568
f 1500 1571 1572
f 1500 1572 1502
f 1500 1568 1571
f 1501 1573 1528
f 1501 1528 1503
f 1501 1502 1573
f 1502 1572 1573
f 1505 1567 1574
f 1505 1574 1575
f 1505 1575 1506
f 1506 1575 1576
f 1506 1576 1507
f 1507 1516 1515
f 1507 1515 1508
f 1507 1576 1574
f 1507 1574 1548
f 1507 1518 1516
f 1508 1515 1509
f 1509 1515 1512
f 1512 1515 1513
f 1513 1515 1514
f 1516 1518 1517
f 1519 1547 1577
f 1519 1577 1539
f 1521 1526 1522
f 1523 1569 1524
f 1523 1526 1569
f 1524 1569 1527
f 1526 1534 1570
f 1528 1573 1530
f 1530 1573 1578
f 1530 1578 1532
f 1531 1532 1533
f 1532 1578 1568
f 1532 1568 1534
f 1532 1534 1533
f 1535 1542 1579
f 1535 1579 1536
f 1536 1579 1580
f 1536 1580 1543
f 1536 1543 1537
f 1539 1577 1540
f 1540 1581 1545
f 1540 1545 1544
f 1540 1544 1541
f 1540 1577 1581
f 1541 1544 1579
f 1541 1579 1542
f 1543 1580 1582
f 1543 1582 1544
f 1544 1582 1579
f 1545 1581 1577
f 1545 1577 1546
f 1546 1577 1547
f 1548 1574 1555
f 1548 1555 1553
f 1548 1553 1549
f 1549 1553 1551
f 1551 1553 1552
f 1553 1555 1554
f 1555 1574 1567
f 1555 1567 1583
f 1555 1583 1566
f 1555 1566 1556
f 1556 1566 1557
f 1557 1566 1558
f 1558 1566 1565
f 1558 1565 1564
f 1558 1564 1563
f 1558 1563 1559
f 1559 1563 1560
f 1560 1563 1562
f 1566 1583 1567
f 1568 1578 1573
f 1568 1573 1571
f 1571 1573 1572
f 1574 1576 1575
f 1579 1582 1580

