# https://github.com/mikedh/trimesh
v 0.00039023 0.00509620 -0.00695112
v 0.00119857 0.00496232 -0.00695112
v 0.00039023 0.00492067 -0.00776089
v -0.00042294 0.00501885 -0.00776089
v -0.00042294 0.00509322 -0.00695112
v -0.00042294 0.00509322 -0.00371202
v -0.00042294 0.00509024 0.00114333
v -0.00042294 0.00508727 0.00519221
v 0.00039023 0.00509322 -0.00371202
v 0.00929650 0.00378424 -0.00047457
v 0.00982577 0.00370094 -0.00047457
v 0.00929650 0.00376937 -0.00128270
v 0.00182408 0.00459938 -0.00751566
v 0.00932056 0.00372772 -0.00202664
v 0.00906554 0.00371285 -0.00271462
v 0.00932056 0.00357600 -0.00295162
v 0.00114083 0.00468268 -0.00777571
v 0.00039023 0.00460830 -0.00823820
v -0.00042294 0.00470350 -0.00831062
v -0.00123128 0.00467375 -0.00832543
v -0.00123128 0.00492067 -0.00776089
v -0.00123128 0.00495637 -0.00695112
v -0.00123128 0.00495637 0.00600198
v -0.00042294 0.00508429 0.00681175
v 0.00039023 0.00508429 0.00600198
v 0.00039023 0.00508132 0.00681175
v 0.00976804 0.00368012 -0.00128270
v 0.00119857 0.00495340 0.00681175
v 0.00977766 0.00368310 0.00033356
v 0.01022995 0.00355517 -0.00047457
v 0.00082808 0.00449823 -0.00817895
v 0.01039354 0.00282631 -0.00405272
v 0.01089876 0.00230272 -0.00455471
v 0.01115859 0.00191598 -0.00484768
v 0.00970548 0.00365930 -0.00171227
v 0.00960444 0.00362360 -0.00225212
v 0.01010485 0.00329338 -0.00290225
v 0.01063893 0.00290664 -0.00351287
v -0.00042294 0.00406091 -0.00845052
v 0.03358065 -0.01617763 -0.00715521
v 0.03311392 -0.01664470 -0.00734613
v 0.03257502 -0.01644835 -0.00738892
v -0.00123128 0.00406091 -0.00848508
v -0.00190491 0.00458153 -0.00826947
v -0.00244381 0.00446551 -0.00815591
v -0.00212143 0.00462318 -0.00783661
v -0.00203963 0.00468268 -0.00695112
v -0.00123128 0.00495340 0.00681175
v -0.00203963 0.00468268 0.00195311
v -0.00203963 0.00467970 0.00681175
v -0.00042294 0.00500397 0.00762153
v -0.00123128 0.00491175 0.00762153
v 0.00039023 0.00490877 0.00762153
v 0.01017221 0.00352543 -0.00128270
v 0.00182408 0.00459640 0.00737629
v 0.01010485 0.00329040 0.00276288
v 0.01010485 0.00341535 0.00195311
v 0.00971511 0.00366227 0.00080922
v 0.01018183 0.00353137 0.00033356
v 0.01091320 0.00328445 -0.00047457
v 0.03218047 -0.01344961 -0.00646723
v 0.03314279 -0.01417847 -0.00653142
v 0.03260389 -0.01399105 -0.00663017
v 0.03283004 -0.01449084 -0.00676349
v 0.03358065 -0.01536845 -0.00689187
v 0.03438900 -0.01617763 -0.00697087
v 0.01090839 0.00271624 -0.00375481
v 0.01146653 0.00218373 -0.00430783
v 0.03479317 -0.01334251 -0.00492668
v 0.03324384 -0.01330086 -0.00577596
v 0.03276749 -0.01315509 -0.00590928
v 0.01002786 0.00347782 -0.00202664
v 0.01078809 0.00297506 -0.00290225
v 0.01097575 0.00303456 -0.00212868
v 0.01119227 0.00277871 -0.00290225
v 0.03281560 -0.01694219 -0.00743172
v 0.03195914 -0.01698681 -0.00752718
v 0.03115079 -0.01698681 -0.00757820
v 0.03438900 -0.01698681 -0.00717661
v 0.03359990 -0.01694219 -0.00730828
v 0.03334488 -0.01718316 -0.00738728
v -0.00123128 0.00325173 -0.00847685
v -0.00203963 0.00325173 -0.00844064
v -0.00212143 0.00414124 -0.00834024
v 0.03034244 -0.01698681 -0.00760947
v 0.02952928 -0.01698681 -0.00763416
v 0.02710423 -0.01617763 -0.00770329
v 0.02467438 -0.01536845 -0.00777077
v 0.02224452 -0.01455629 -0.00783002
v -0.00285279 0.00386754 -0.00822997
v -0.00246787 0.00448038 -0.00761606
v -0.00326659 0.00366822 -0.00817401
v -0.00334358 0.00373664 -0.00776089
v -0.00341094 0.00379912 -0.00695112
v -0.00288648 0.00420371 -0.00695112
v -0.00248230 0.00448930 -0.00695112
v -0.00211181 0.00462020 0.00764786
v -0.00248230 0.00448930 -0.00533157
v -0.00247749 0.00448633 0.00681175
v -0.00246787 0.00448038 0.00739440
v -0.00042294 0.00469458 0.00816632
v -0.00123128 0.00466780 0.00818113
v -0.00189047 0.00457856 0.00812517
v 0.00039023 0.00459938 0.00809554
v 0.00114083 0.00467970 0.00763634
v 0.01091320 0.00320710 -0.00128270
v 0.00083289 0.00449823 0.00804123
v 0.01121633 0.00121092 0.00558557
v 0.01154352 0.00142214 0.00504572
v 0.01091320 0.00221645 0.00421784
v 0.01058120 0.00289771 0.00329286
v 0.01010485 0.00302563 0.00343769
v 0.01072073 0.00298101 0.00276288
v 0.01096131 0.00302861 0.00194323
v 0.01091320 0.00314463 0.00114333
v 0.01091320 0.00323983 0.00033356
v 0.01148578 0.00296018 0.00033356
v 0.01147615 0.00298101 -0.00047457
v 0.03419653 -0.01401485 -0.00585332
v 0.03283004 -0.01373223 -0.00635202
v 0.03401369 -0.01494005 -0.00655940
v 0.03358065 -0.01476156 -0.00664169
v 0.03568813 -0.01490733 -0.00577596
v 0.03597683 -0.01537737 -0.00591257
v 0.03516848 -0.01618953 -0.00670588
v 0.03519735 -0.01698681 -0.00697581
v 0.03432645 -0.01540712 -0.00666144
v 0.03642912 -0.01333358 -0.00332524
v 0.03564001 -0.01331871 -0.00415476
v 0.03519735 -0.01347638 -0.00475222
v 0.03627996 -0.01424094 -0.00481147
v 0.03722303 -0.01496088 -0.00492668
v 0.03574106 -0.01406244 -0.00500898
v 0.03598645 -0.01457414 -0.00532170
v 0.03519735 -0.01388097 -0.00516698
v 0.03378274 -0.01347341 -0.00562125
v 0.01128850 0.00282929 -0.00242330
v 0.03651091 -0.01328301 -0.00290225
v 0.03276749 -0.01779600 -0.00748109
v 0.03195914 -0.01779600 -0.00752718
v 0.03519735 -0.01779600 -0.00709596
v 0.03345555 -0.01779600 -0.00740209
v 0.03438900 -0.01779600 -0.00724573
v 0.03385972 -0.01779600 -0.00733461
v -0.00123128 0.00244255 -0.00846039
v -0.00203963 0.00244255 -0.00843077
v 0.02224452 -0.01536845 -0.00781685
v 0.02143617 -0.01536845 -0.00782838
v -0.00285279 0.00244255 -0.00830568
v -0.00285279 0.00325173 -0.00830074
v 0.03115079 -0.01779600 -0.00755516
v 0.03034244 -0.01779600 -0.00758149
v 0.02952928 -0.01779600 -0.00760783
v 0.02791258 -0.01698681 -0.00767860
v 0.02710423 -0.01698681 -0.00770000
v 0.02548272 -0.01617763 -0.00774444
v 0.02467438 -0.01617763 -0.00776089
v 0.02305287 -0.01536845 -0.00780369
v -0.00331952 0.00325173 -0.00818718
v -0.00446949 0.00082417 -0.00783661
v -0.00451761 0.00161551 -0.00766379
v -0.00490735 0.00133587 -0.00742020
v -0.00427222 0.00244255 -0.00761606
v -0.00412787 0.00293044 -0.00748439
v -0.00381511 0.00337668 -0.00695112
v -0.00341575 0.00380209 -0.00371202
v -0.00381993 0.00337965 -0.00452180
v -0.00288648 0.00420669 -0.00533157
v -0.00242937 0.00444468 0.00793425
v -0.00288648 0.00420669 -0.00047457
v -0.00288166 0.00420669 0.00438243
v -0.00288166 0.00420371 0.00681175
v -0.00341575 0.00379912 0.00681175
v -0.00042294 0.00406091 0.00828811
v -0.00123128 0.00406091 0.00832926
v -0.00268920 0.00390324 0.00808896
v -0.00211181 0.00412934 0.00818278
v 0.03276749 -0.01698681 0.00739111
v 0.03353734 -0.01700466 0.00728083
v 0.03324384 -0.01652570 0.00722816
v 0.03276749 -0.01594261 0.00717879
v 0.01141841 0.00293341 -0.00128270
v 0.01136068 0.00288283 -0.00188345
v 0.03353734 -0.01622523 0.00710801
v 0.03276749 -0.01536845 0.00704218
v 0.03358065 -0.01536845 0.00685784
v 0.03519735 -0.01617763 0.00673769
v 0.03596239 -0.01618358 0.00653360
v 0.03565926 -0.01573436 0.00642333
v 0.03519735 -0.01517507 0.00630647
v 0.03520697 -0.01451464 0.00588512
v 0.03601051 -0.01480023 0.00572383
v 0.03548604 -0.01421417 0.00551315
v 0.01135586 0.00206473 0.00404832
v 0.03486053 -0.01329788 0.00484163
v 0.03515885 -0.01319674 0.00432153
v 0.03563039 -0.01332466 0.00401046
v 0.03637619 -0.01336631 0.00310523
v 0.03653016 -0.01327111 0.00256538
v 0.01125963 0.00280549 0.00220493
v 0.01137030 0.00287391 0.00166508
v 0.01143285 0.00290664 0.00114333
v 0.03702576 -0.01347043 0.00195311
v 0.03708349 -0.01342878 0.00114333
v 0.03714123 -0.01339308 0.00033356
v 0.03717010 -0.01337523 -0.00047457
v 0.03712199 -0.01340498 -0.00128270
v 0.03473543 -0.01419334 -0.00570354
v 0.03487978 -0.01570164 -0.00658409
v 0.03681886 -0.01482701 -0.00505177
v 0.03754541 -0.01540117 -0.00509950
v 0.03622703 -0.01511558 -0.00563277
v 0.03709793 -0.01589799 -0.00568050
v 0.03655903 -0.01565701 -0.00580229
v 0.03541868 -0.01592773 -0.00646394
v 0.03572181 -0.01646917 -0.00660384
v 0.03599607 -0.01703441 -0.00667790
v 0.03661677 -0.01779600 -0.00664169
v 0.03601051 -0.01779600 -0.00687541
v 0.03800251 -0.01417252 -0.00236898
v 0.03893115 -0.01489840 -0.00266030
v 0.03877718 -0.01501443 -0.00320015
v 0.03733370 -0.01407137 -0.00343551
v 0.03767051 -0.01452654 -0.00375975
v 0.03709793 -0.01424392 -0.00397536
v 0.03655903 -0.01405055 -0.00427162
v 0.03617891 -0.01350911 -0.00386509
v 0.03740587 -0.01482701 -0.00452180
v 0.03781005 -0.01512152 -0.00452180
v 0.03811318 -0.01569569 -0.00500075
v 0.03662639 -0.01321161 -0.00209247
v 0.03703057 -0.01347043 -0.00209247
v 0.03344592 -0.01860518 -0.00739222
v 0.03333526 -0.01927157 -0.00737411
v 0.03276749 -0.01860518 -0.00744488
v 0.03195914 -0.01860518 -0.00747451
v 0.03601051 -0.01860518 -0.00698733
v 0.03519735 -0.01860518 -0.00713217
v 0.03438900 -0.01860518 -0.00726219
v 0.03438900 -0.01941437 -0.00725725
v 0.03385010 -0.01860518 -0.00733955
v -0.00123128 0.00163336 -0.00841596
v -0.00203963 0.00163336 -0.00840114
v 0.02062301 -0.01536845 -0.00783661
v -0.00285279 0.00082417 -0.00827441
v -0.00285279 0.00163336 -0.00829581
v 0.02305287 -0.01617763 -0.00778887
v -0.00336282 0.00082417 -0.00818718
v -0.00337726 0.00163336 -0.00819376
v -0.00337245 0.00244255 -0.00819705
v 0.02872093 -0.01779600 -0.00762429
v 0.03115079 -0.01860518 -0.00749755
v 0.02629107 -0.01698681 -0.00771481
v 0.02386121 -0.01617763 -0.00777571
v -0.00378143 0.00163336 -0.00809665
v -0.00446949 0.00001499 -0.00787281
v -0.00498915 0.00001499 -0.00752883
v -0.00496028 0.00082417 -0.00749262
v -0.00478706 0.00179401 -0.00695112
v -0.00447912 0.00244255 -0.00695112
v -0.00733721 -0.00517331 -0.00335651
v -0.00743825 -0.00500374 -0.00290225
v -0.00750080 -0.00477467 -0.00214843
v -0.00739494 -0.00424810 -0.00128270
v -0.00416155 0.00297209 -0.00695112
v -0.00341575 0.00380209 0.00357266
v -0.00381993 0.00338263 0.00033356
v -0.00416155 0.00297506 -0.00452180
v -0.00336282 0.00375152 0.00746517
v -0.00412787 0.00293639 0.00732363
v -0.00381993 0.00338263 0.00681175
v 0.03276749 -0.01779600 0.00745529
v 0.03195914 -0.01698681 0.00746352
v -0.00203963 0.00325173 0.00825684
v -0.00123128 0.00325173 0.00830786
v 0.01334305 -0.01051036 0.00791450
v 0.02386121 -0.01536845 0.00769559
v 0.02629107 -0.01617763 0.00764293
v 0.02952928 -0.01698681 0.00757215
v 0.03034244 -0.01698681 0.00754088
v 0.03115079 -0.01698681 0.00750467
v -0.00281430 0.00325173 0.00811365
v -0.00321848 0.00325173 0.00800667
v 0.03358065 -0.01779600 0.00739604
v 0.03438900 -0.01779302 0.00728906
v 0.03411474 -0.01728431 0.00723968
v 0.03438900 -0.01700466 0.00713106
v 0.03519735 -0.01698681 0.00697963
v 0.03438900 -0.01617763 0.00692861
v 0.03601051 -0.01698681 0.00681340
v 0.03682848 -0.01695707 0.00658956
v 0.03656384 -0.01645727 0.00646612
v 0.03619816 -0.01591584 0.00632951
v 0.03596239 -0.01542497 0.00613694
v 0.03710274 -0.01666850 0.00634432
v 0.03642430 -0.01495493 0.00560532
v 0.03603938 -0.01438076 0.00522348
v 0.03578917 -0.01402377 0.00497330
v 0.03632807 -0.01421119 0.00469515
v 0.03805544 -0.01494898 0.00400059
v 0.03539943 -0.01348531 0.00455031
v 0.03711236 -0.01422607 0.00383271
v 0.03683329 -0.01390180 0.00356772
v 0.03620297 -0.01348233 0.00357266
v 0.03731445 -0.01408922 0.00329286
v 0.03680923 -0.01354183 0.00280568
v 0.03745880 -0.01397915 0.00276288
v 0.03798326 -0.01419037 0.00218847
v 0.03768013 -0.01391965 0.00193336
v 0.03806506 -0.01413087 0.00164862
v 0.03810836 -0.01410409 0.00114333
v 0.03762721 -0.01378280 0.00114333
v 0.03762721 -0.01370843 0.00033356
v 0.03815648 -0.01406542 0.00033356
v 0.03762721 -0.01368463 -0.00047457
v 0.03762721 -0.01375008 -0.00128270
v 0.03806506 -0.01413087 -0.00182913
v 0.03768976 -0.01391667 -0.00209741
v 0.03761758 -0.01617168 -0.00553895
v 0.03734332 -0.01643943 -0.00579571
v 0.03626071 -0.01679642 -0.00647052
v 0.03645318 -0.01733786 -0.00656598
v 0.03718454 -0.01825712 -0.00652648
v 0.03736257 -0.01879558 -0.00661701
v 0.03687660 -0.01855759 -0.00673551
v 0.03837782 -0.01439564 -0.00209741
v 0.03899851 -0.01484486 -0.00209247
v 0.03940269 -0.01522565 -0.00209247
v 0.03970582 -0.01569271 -0.00262409
v 0.03925353 -0.01535357 -0.00291212
v 0.03899851 -0.01560049 -0.00371202
v 0.03885416 -0.01576114 -0.00413172
v 0.03840668 -0.01557074 -0.00444938
v 0.03847886 -0.01516020 -0.00377457
v 0.03800251 -0.01498170 -0.00408564
v 0.03823828 -0.01481213 -0.00354579
v 0.03865208 -0.01604078 -0.00467157
v 0.03884454 -0.01658222 -0.00492668
v 0.03840668 -0.01625795 -0.00508633
v 0.03359508 -0.01949172 -0.00734119
v 0.03276749 -0.01976839 -0.00734942
v 0.03276749 -0.01936379 -0.00738892
v 0.03601051 -0.01941437 -0.00700873
v 0.03681886 -0.01941437 -0.00685731
v 0.03519735 -0.01941437 -0.00713546
v 0.03519735 -0.02022653 -0.00702848
v 0.03438900 -0.02022653 -0.00714863
v 0.01981466 -0.01536845 -0.00782344
v 0.00147765 -0.00365609 -0.00816907
v -0.00203963 0.00082417 -0.00835012
v -0.00230908 -0.00196632 -0.00816249
v -0.00257853 -0.00142786 -0.00818224
v -0.00273732 -0.00079717 -0.00820528
v -0.00292497 -0.00004451 -0.00822503
v 0.00093394 -0.00355792 -0.00816249
v 0.02224452 -0.01617763 -0.00779546
v 0.02143617 -0.01617763 -0.00779052
v -0.00331952 0.00018456 -0.00817730
v -0.00361784 -0.00004451 -0.00811640
v -0.00376700 0.00082417 -0.00810488
v 0.02791258 -0.01779600 -0.00762922
v 0.02548272 -0.01698681 -0.00771810
v -0.00446949 -0.00079717 -0.00784319
v -0.00501320 -0.00079717 -0.00751895
v -0.00566758 -0.00241554 -0.00644583
v -0.00739976 -0.00417671 -0.00047457
v -0.00723616 -0.00377211 -0.00047457
v -0.00478706 0.00178211 0.00033356
v -0.00447912 0.00244255 0.00600198
v -0.00416155 0.00297803 0.00033356
v -0.00733721 -0.00530421 -0.00335651
v -0.00743825 -0.00544403 -0.00290225
v -0.00757297 -0.00484309 -0.00128270
v -0.00416155 0.00297803 0.00681175
v -0.00447430 0.00244255 0.00681175
v -0.00490254 0.00131802 0.00725944
v -0.00426740 0.00244255 0.00743719
v 0.03195914 -0.01779600 0.00748492
v 0.03358065 -0.01860518 0.00736806
v 0.03576030 -0.01914960 0.00724298
v 0.03576030 -0.01885805 0.00724298
v -0.00279506 0.00244255 0.00809719
v -0.00275175 0.00163336 0.00808238
v -0.00203963 0.00163336 0.00820417
v -0.00123128 0.00244255 0.00828317
v 0.00119857 -0.00403391 0.00808567
v 0.00200692 -0.00534288 0.00803794
v 0.01334305 -0.01131955 0.00785854
v 0.01415140 -0.01212873 0.00781739
v 0.01415140 -0.01131955 0.00787170
v 0.02224452 -0.01617763 0.00765609
v 0.02305287 -0.01617763 0.00766597
v 0.02386121 -0.01617763 0.00766597
v 0.02305287 -0.01536845 0.00770053
v 0.02548272 -0.01617763 0.00765116
v 0.02872093 -0.01698681 0.00758697
v -0.00319923 0.00244255 0.00801490
v -0.00315592 0.00163336 0.00800667
v -0.00451280 0.00160659 0.00746517
v -0.00495065 0.00082417 0.00731375
v -0.00446949 0.00082417 0.00759684
v -0.00446949 0.00001499 0.00762976
v -0.00366114 0.00163336 0.00788322
v 0.03494714 -0.01805779 0.00724298
v 0.03465364 -0.01751933 0.00719195
v 0.03601051 -0.01779600 0.00700597
v 0.03681886 -0.01779600 0.00685126
v 0.03739625 -0.01720696 0.00650233
v 0.03770900 -0.01690054 0.00606946
v 0.03725671 -0.01494005 0.00481694
v 0.03742031 -0.01617763 0.00575345
v 0.03864245 -0.01598723 0.00462602
v 0.03894077 -0.01567486 0.00408617
v 0.03756947 -0.01482106 0.00431495
v 0.03859434 -0.01514235 0.00357266
v 0.03819016 -0.01484188 0.00357266
v 0.03786297 -0.01427367 0.00276288
v 0.03846924 -0.01472288 0.00272009
v 0.03896483 -0.01486865 0.00195311
v 0.03908993 -0.01478238 0.00114333
v 0.03851254 -0.01437779 0.00114333
v 0.03815648 -0.01405649 -0.00047457
v 0.03856066 -0.01435696 0.00033356
v 0.03810836 -0.01409219 -0.00128270
v 0.03788222 -0.01680832 -0.00565910
v 0.03676112 -0.01703441 -0.00630429
v 0.03702094 -0.01779600 -0.00644583
v 0.03763202 -0.01855759 -0.00639317
v 0.03845961 -0.01863493 -0.00593726
v 0.03888303 -0.01892350 -0.00576608
v 0.03787741 -0.01941437 -0.00646394
v 0.03747323 -0.01941437 -0.00665815
v 0.03903701 -0.01480618 -0.00128270
v 0.03944599 -0.01517805 -0.00128270
v 0.03975393 -0.01563024 -0.00209247
v 0.03958072 -0.01588906 -0.00316394
v 0.04046124 -0.01658520 -0.00167113
v 0.04061521 -0.01711474 -0.00209247
v 0.03984535 -0.01616573 -0.00289731
v 0.03940750 -0.01616573 -0.00371861
v 0.03957109 -0.01670122 -0.00399347
v 0.03896483 -0.01698681 -0.00501556
v 0.03974431 -0.01724266 -0.00425846
v 0.03954222 -0.01756990 -0.00479830
v 0.03970582 -0.01811134 -0.00496618
v 0.03837300 -0.01704036 -0.00543691
v 0.03358065 -0.02022653 -0.00718977
v 0.03276749 -0.02022653 -0.00716015
v 0.03195914 -0.01971781 -0.00733790
v 0.02663270 -0.01901573 -0.00735930
v 0.02710423 -0.01860518 -0.00746628
v 0.02791258 -0.01860518 -0.00748768
v 0.02872093 -0.01860518 -0.00750578
v 0.02629107 -0.01779600 -0.00762099
v 0.02710423 -0.01779600 -0.00762758
v 0.03601051 -0.02022653 -0.00688529
v 0.03741550 -0.02006588 -0.00662523
v 0.03687660 -0.02029198 -0.00669930
v 0.03519735 -0.02103571 -0.00679476
v 0.03438900 -0.02103571 -0.00687212
v 0.02062301 -0.01617763 -0.00776912
v 0.01900631 -0.01536845 -0.00778064
v -0.00123128 -0.00322472 -0.00805222
v -0.00203963 -0.00322472 -0.00793042
v -0.00285279 -0.00241554 -0.00796169
v -0.00285279 -0.00165990 -0.00812134
v -0.00314149 -0.00079717 -0.00815261
v -0.00324253 -0.00035390 -0.00816414
v 0.02467438 -0.01698681 -0.00771481
v 0.02386121 -0.01698681 -0.00770987
v 0.02305287 -0.01698681 -0.00770329
v -0.00366114 -0.00079717 -0.00807032
v -0.00366114 -0.00160635 -0.00794523
v -0.00446949 -0.00160635 -0.00767860
v -0.00496990 -0.00160635 -0.00744159
v -0.00560984 -0.00322472 -0.00638658
v -0.00739976 -0.00417373 0.00033356
v -0.00723135 -0.00376914 0.00033356
v -0.00478225 0.00177021 0.00681175
v -0.00478706 0.00177318 0.00519221
v -0.00574938 -0.00454560 -0.00581381
v -0.00658660 -0.00541131 -0.00423047
v -0.00641338 -0.00595275 -0.00396055
v -0.00708219 -0.00585160 -0.00290225
v -0.00748155 -0.00569690 -0.00205791
v -0.00754892 -0.00565525 -0.00128270
v -0.00721692 -0.00599440 -0.00230315
v -0.00732758 -0.00608067 -0.00176330
v -0.00753448 -0.00565525 -0.00047457
v -0.00751524 -0.00484309 0.00033356
v -0.00739976 -0.00423620 0.00195311
v -0.00740457 -0.00420943 0.00114333
v -0.00568683 -0.00119581 0.00641181
v -0.00735164 -0.00433438 0.00276288
v -0.00730834 -0.00442958 0.00317106
v -0.00651923 -0.00276658 0.00483176
v 0.03115079 -0.01779600 0.00749315
v 0.03276749 -0.01860518 0.00736971
v 0.03276749 -0.01926265 0.00725944
v 0.03438900 -0.01924182 0.00725944
v 0.03519735 -0.01922695 0.00725779
v 0.03034244 -0.01779600 0.00749809
v 0.02872093 -0.01779600 0.00750467
v 0.02710423 -0.01779600 0.00750796
v 0.03519735 -0.01963154 0.00717879
v 0.03601051 -0.02022653 0.00699609
v 0.03602013 -0.01941734 0.00716233
v 0.03681886 -0.01941437 0.00700268
v 0.03681886 -0.01860518 0.00697470
v 0.03602013 -0.01859626 0.00715081
v 0.03548604 -0.01831959 0.00719525
v -0.00308375 0.00082417 0.00799679
v -0.00267958 0.00082417 0.00806592
v -0.00203963 0.00082417 0.00817455
v -0.00123128 0.00082417 0.00823051
v -0.00123128 0.00001499 0.00819430
v 0.00058750 -0.00403391 0.00805933
v 0.00127556 -0.00480144 0.00804617
v 0.00159794 -0.00525364 0.00802642
v 0.00281527 -0.00646444 0.00794083
v 0.00443678 -0.00727362 0.00792602
v 0.01577291 -0.01374710 0.00772028
v 0.01495975 -0.01293792 0.00777460
v 0.01981466 -0.01536845 0.00767749
v 0.01900631 -0.01536845 0.00765774
v 0.02143617 -0.01617763 0.00763470
v 0.02386121 -0.01698681 0.00759849
v 0.02467438 -0.01698681 0.00760836
v 0.02629107 -0.01698681 0.00760178
v 0.02710423 -0.01698681 0.00759684
v -0.00366114 0.00082417 0.00787335
v -0.00366114 0.00001499 0.00784866
v -0.00498433 0.00001499 0.00734831
v -0.00446949 -0.00079717 0.00757051
v -0.00499877 -0.00079717 0.00733515
v 0.03762721 -0.01860518 0.00669983
v 0.03765126 -0.01782575 0.00656816
v 0.03793515 -0.01757288 0.00633280
v 0.03826715 -0.01713259 0.00579295
v 0.03802176 -0.01659115 0.00558886
v 0.03782448 -0.01617763 0.00542921
v 0.03889266 -0.01652867 0.00482847
v 0.03966251 -0.01737356 0.00480049
v 0.03963845 -0.01660602 0.00394627
v 0.03949892 -0.01616276 0.00363520
v 0.03906587 -0.01554694 0.00357266
v 0.03875793 -0.01502930 0.00296203
v 0.03886860 -0.01494303 0.00242218
v 0.03936901 -0.01525242 0.00195311
v 0.03949411 -0.01512450 0.00114333
v 0.03951335 -0.01509773 0.00033356
v 0.03910918 -0.01476156 0.00033356
v 0.03907550 -0.01477941 -0.00047457
v 0.03805544 -0.01734678 -0.00575127
v 0.03818054 -0.01779600 -0.00582863
v 0.03874350 -0.01838504 -0.00567556
v 0.03890709 -0.01941437 -0.00578254
v 0.03843555 -0.01941437 -0.00610514
v 0.03980205 -0.01860518 -0.00503860
v 0.03985979 -0.01941437 -0.00508304
v 0.03931127 -0.01941437 -0.00548793
v 0.03851254 -0.02028008 -0.00599651
v 0.03947967 -0.01513640 -0.00047457
v 0.03979243 -0.01558264 -0.00128270
v 0.04024953 -0.01624010 -0.00135347
v 0.03972988 -0.01642753 -0.00345362
v 0.04048048 -0.01655247 -0.00113128
v 0.04067295 -0.01690649 -0.00135347
v 0.04103863 -0.01779600 -0.00128270
v 0.04085579 -0.01779600 -0.00209247
v 0.04052379 -0.01805184 -0.00349641
v 0.04050935 -0.01729026 -0.00262409
v 0.04026396 -0.01700764 -0.00289731
v 0.04030246 -0.01778708 -0.00374494
v 0.04043237 -0.01836421 -0.00403626
v 0.03988385 -0.01782277 -0.00452673
v 0.03858471 -0.01779600 -0.00557516
v 0.04023990 -0.01862303 -0.00447077
v 0.03195914 -0.02022653 -0.00711735
v 0.03115079 -0.01967319 -0.00731980
v 0.03358065 -0.02103571 -0.00683920
v 0.02609380 -0.01897408 -0.00734613
v 0.02386121 -0.01779600 -0.00754693
v 0.02467438 -0.01779600 -0.00758149
v 0.02548272 -0.01779600 -0.00760453
v 0.03597683 -0.02104464 -0.00664499
v 0.03718454 -0.02060435 -0.00653800
v 0.03766089 -0.02029198 -0.00645736
v 0.03762721 -0.02103571 -0.00624339
v 0.03664564 -0.02078284 -0.00659396
v 0.03568813 -0.02149088 -0.00656269
v 0.03519735 -0.02157418 -0.00660548
v 0.03519735 -0.02197877 -0.00644090
v 0.03438900 -0.02159798 -0.00662359
v 0.02224452 -0.01698681 -0.00767860
v 0.02143617 -0.01698681 -0.00763251
v 0.01981466 -0.01617763 -0.00771481
v 0.00039023 -0.00565525 -0.00773950
v -0.00042294 -0.00484309 -0.00781356
v -0.00123128 -0.00403391 -0.00787611
v -0.00042294 -0.00565525 -0.00761770
v -0.00123128 -0.00484309 -0.00765720
v -0.00203963 -0.00403391 -0.00768189
v -0.00285279 -0.00322472 -0.00769835
v -0.00366114 -0.00241554 -0.00770164
v -0.00441657 -0.00317117 -0.00715027
v -0.00464752 -0.00257321 -0.00727207
v -0.00489291 -0.00203177 -0.00736424
v -0.00520567 -0.00322472 -0.00675526
v -0.00582636 -0.00545593 -0.00508304
v -0.00506132 -0.00386731 -0.00664005
v -0.00484480 -0.00440875 -0.00653142
v -0.00525378 -0.00482822 -0.00596853
v -0.00550399 -0.00508406 -0.00562289
v -0.00611987 -0.00570285 -0.00454648
v -0.00560503 -0.00599440 -0.00486249
v -0.00587448 -0.00616694 -0.00432264
v -0.00655292 -0.00609554 -0.00342235
v -0.00737089 -0.00613422 -0.00128270
v -0.00738532 -0.00617587 -0.00047457
v -0.00667802 -0.00616992 -0.00290225
v -0.00656254 -0.00691365 -0.00025402
v 0.00316171 -0.01256902 -0.00260270
v 0.00156426 -0.01174794 -0.00175507
v -0.00003320 -0.01092388 -0.00090908
v -0.00742382 -0.00569393 0.00036318
v -0.00738051 -0.00545593 0.00114333
v -0.00740457 -0.00486094 0.00195311
v -0.00748155 -0.00484309 0.00114333
v -0.00735164 -0.00613422 0.00011301
v -0.00568683 -0.00131481 0.00641181
v -0.00735164 -0.00456642 0.00276288
v -0.00730834 -0.00444445 0.00317106
v -0.00651923 -0.00291830 0.00483176
v 0.03195914 -0.01926562 0.00725944
v 0.03195914 -0.01967021 0.00719031
v 0.03276749 -0.01966724 0.00718866
v 0.03358065 -0.01965534 0.00718702
v 0.03438900 -0.01964641 0.00718372
v 0.02629107 -0.01779600 0.00750632
v 0.02952928 -0.01966724 0.00719031
v 0.02952928 -0.01926265 0.00725944
v 0.03034244 -0.01926562 0.00725944
v 0.03519735 -0.02022653 0.00703724
v 0.03601051 -0.02103571 0.00676567
v 0.03681886 -0.02022653 0.00685455
v 0.03519735 -0.02103571 0.00682492
v 0.03762721 -0.02022653 0.00663894
v 0.03819016 -0.02022653 0.00646612
v 0.03762721 -0.01941437 0.00674098
v -0.00256891 0.00025299 0.00804617
v -0.00207331 -0.00000583 0.00809719
v -0.00015830 -0.00304028 0.00805933
v 0.00074147 -0.00450395 0.00803794
v 0.00127556 -0.00557493 0.00792766
v 0.00200692 -0.00646444 0.00787170
v 0.00200692 -0.00574748 0.00798527
v 0.01658126 -0.01455629 0.00765445
v 0.01819796 -0.01536845 0.00762153
v 0.01981466 -0.01617763 0.00757544
v 0.02062301 -0.01617763 0.00760672
v 0.02305287 -0.01698681 0.00757544
v 0.02548272 -0.01779600 0.00749315
v -0.00366114 -0.00079717 0.00774003
v -0.00496509 -0.00144571 0.00728577
v -0.00453685 -0.00167180 0.00737465
v -0.00042294 -0.00565525 0.00755899
v 0.00039023 -0.00565525 0.00774332
v 0.00043834 -0.00480144 0.00791450
v -0.00568202 -0.00185625 0.00640028
v 0.03823828 -0.01941437 0.00650233
v 0.03814686 -0.01860518 0.00647106
v 0.03807468 -0.01811432 0.00643485
v 0.03901295 -0.01797747 0.00571231
v 0.03880605 -0.01743603 0.00556911
v 0.03919579 -0.01705821 0.00496507
v 0.03926796 -0.01774245 0.00537819
v 0.03977318 -0.01779600 0.00493874
v 0.04006669 -0.01779600 0.00438243
v 0.03975393 -0.01719209 0.00438243
v 0.04035538 -0.01775138 0.00364837
v 0.03992715 -0.01691839 0.00363520
v 0.03974431 -0.01642455 0.00340642
v 0.03958072 -0.01588609 0.00294228
v 0.03966732 -0.01575221 0.00240243
v 0.03972988 -0.01565701 0.00195311
v 0.03982130 -0.01552909 0.00114333
v 0.03984535 -0.01550232 0.00033356
v 0.03982611 -0.01554099 -0.00047457
v 0.03888784 -0.02004506 -0.00576938
v 0.04026396 -0.01941437 -0.00463207
v 0.04024472 -0.02022653 -0.00468968
v 0.03984054 -0.02022653 -0.00506658
v 0.03883492 -0.02058650 -0.00572987
v 0.03874831 -0.02103571 -0.00568214
v 0.03834413 -0.02103571 -0.00592409
v 0.04023028 -0.01612706 -0.00047457
v 0.04049492 -0.01653165 -0.00047457
v 0.04074993 -0.01698681 -0.00047457
v 0.04108675 -0.01779600 -0.00047457
v 0.04096646 -0.01860518 -0.00209247
v 0.04123591 -0.01847429 -0.00047457
v 0.04127440 -0.01898003 -0.00089262
v 0.04117336 -0.01866766 -0.00121028
v 0.04077399 -0.01860518 -0.00290225
v 0.04055747 -0.01862303 -0.00374494
v 0.04040350 -0.01751040 -0.00316394
v 0.04048048 -0.01890268 -0.00416629
v 0.02548272 -0.01941437 -0.00703341
v 0.02548272 -0.01889970 -0.00731815
v 0.02271124 -0.01818572 -0.00735107
v 0.02325014 -0.01824224 -0.00737411
v 0.02386121 -0.01830769 -0.00739880
v 0.02300956 -0.01786740 -0.00747451
v 0.03438900 -0.02200257 -0.00642115
v 0.02872093 -0.02072929 -0.00660548
v 0.03622703 -0.02132131 -0.00651002
v 0.03797845 -0.02220487 -0.00572000
v 0.03767532 -0.02189845 -0.00592409
v 0.03683810 -0.02268383 -0.00589775
v 0.03681886 -0.02184490 -0.00619566
v 0.03597683 -0.02179432 -0.00640962
v 0.03818535 -0.02166343 -0.00581711
v 0.03601051 -0.02265408 -0.00609691
v 0.03519735 -0.02265408 -0.00611337
v 0.02062301 -0.01698681 -0.00757162
v 0.01979060 -0.01705226 -0.00747451
v 0.01900631 -0.01687377 -0.00744488
v 0.01900631 -0.01617763 -0.00762593
v 0.01819796 -0.01536845 -0.00770329
v 0.00119857 -0.00646444 -0.00764568
v 0.01775048 -0.01659710 -0.00736259
v 0.00038541 -0.00649716 -0.00750578
v -0.00042294 -0.00621454 -0.00743172
v -0.00085117 -0.00607770 -0.00736753
v -0.00116392 -0.00559278 -0.00743501
v -0.00198189 -0.00478954 -0.00743995
v -0.00360822 -0.00398036 -0.00715192
v -0.00384398 -0.00340620 -0.00727536
v -0.00453204 -0.00409638 -0.00677172
v -0.00340613 -0.00536073 -0.00661536
v -0.00250155 -0.00610149 -0.00657421
v -0.00394503 -0.00515249 -0.00648533
v -0.00367077 -0.00564038 -0.00628125
v -0.00453204 -0.00486689 -0.00637012
v -0.00496509 -0.00531908 -0.00579077
v -0.00528746 -0.00565525 -0.00533157
v -0.00460903 -0.00585755 -0.00558010
v -0.00366114 -0.00621454 -0.00585661
v -0.00506613 -0.00616992 -0.00504025
v 0.00077034 -0.00931443 -0.00574798
v 0.00230524 -0.01098040 -0.00500898
v 0.00385939 -0.01264935 -0.00354414
v 0.00332049 -0.01246490 -0.00314255
v 0.00360438 -0.01274454 -0.00288414
v -0.00656254 -0.00691365 0.00008997
v -0.00006207 -0.01094173 -0.00047457
v 0.00483133 -0.01334846 -0.00332030
v 0.00432130 -0.01317294 -0.00290225
v 0.00472548 -0.01340796 -0.00290225
v 0.00416252 -0.01326813 -0.00209247
v 0.00362843 -0.01294982 -0.00209247
v 0.00307991 -0.01261960 -0.00209247
v 0.00149208 -0.01178661 -0.00128270
v 0.00200692 -0.01209006 -0.00128270
v 0.00258432 -0.01242920 -0.00128270
v 0.00448971 -0.01354778 -0.00128270
v -0.00734202 -0.00532503 0.00168318
v -0.00727466 -0.00599142 0.00065286
v -0.00691860 -0.00648526 0.00037141
v -0.00653367 -0.00610149 0.00246333
v -0.00725541 -0.00514356 0.00222303
v -0.00715437 -0.00497102 0.00276288
v -0.00661066 -0.00542618 0.00340971
v -0.00648074 -0.00519711 0.00394956
v -0.00559541 -0.00241554 0.00629659
v 0.03195914 -0.02022653 0.00706028
v 0.03034244 -0.01967021 0.00719031
v 0.03276749 -0.02022653 0.00705699
v 0.03358065 -0.02022653 0.00705041
v 0.02791258 -0.01917340 0.00725779
v 0.02872093 -0.01963749 0.00717550
v 0.03115079 -0.02022653 0.00705041
v 0.03573625 -0.02227924 0.00642991
v 0.03600570 -0.02187762 0.00651714
v 0.03627515 -0.02217214 0.00637889
v 0.03662158 -0.02163070 0.00646612
v 0.03806987 -0.02065790 0.00641510
v 0.03438900 -0.02103571 0.00683151
v 0.03859434 -0.02022653 0.00631799
v 0.00119857 -0.00646444 0.00772522
v 0.00200692 -0.00727362 0.00762318
v 0.00281527 -0.00727362 0.00776637
v 0.01658126 -0.01536845 0.00746846
v 0.01577291 -0.01455629 0.00757051
v 0.01738480 -0.01536845 0.00756392
v 0.01900631 -0.01617763 0.00752607
v 0.02143617 -0.01698681 0.00749809
v 0.02224452 -0.01698681 0.00754253
v 0.02386121 -0.01779600 0.00743719
v 0.02467438 -0.01779600 0.00747011
v -0.00484961 -0.00198417 0.00720841
v -0.00519123 -0.00241554 0.00672617
v -0.00312224 -0.00425405 0.00718043
v -0.00258334 -0.00459320 0.00724791
v -0.00206850 -0.00485499 0.00732198
v -0.00096183 -0.00617884 0.00726931
v -0.00181830 -0.00538751 0.00726602
v 0.03864245 -0.01941437 0.00629495
v 0.03855103 -0.01860518 0.00621594
v 0.03915248 -0.01860518 0.00581106
v 0.03955666 -0.01860518 0.00551809
v 0.03992234 -0.01860518 0.00511320
v 0.04035538 -0.01853379 0.00439395
v 0.04045643 -0.01821547 0.00396767
v 0.04056709 -0.01799235 0.00342782
v 0.04042756 -0.01745388 0.00307725
v 0.03982130 -0.01616276 0.00270857
v 0.04052379 -0.01728431 0.00253740
v 0.04037463 -0.01673097 0.00195311
v 0.04004744 -0.01617763 0.00195311
v 0.04044199 -0.01661792 0.00129969
v 0.04025915 -0.01625498 0.00107585
v 0.04024953 -0.01614788 0.00033356
v 0.03976837 -0.02103571 -0.00501062
v 0.04050935 -0.01941437 -0.00422718
v 0.04055747 -0.02022653 -0.00428479
v 0.04017254 -0.02103571 -0.00464524
v 0.04053822 -0.02103571 -0.00424035
v 0.03924872 -0.02103571 -0.00535955
v 0.03927758 -0.02180920 -0.00515052
v 0.03844999 -0.02189845 -0.00561137
v 0.04048048 -0.01655247 0.00033356
v 0.04070663 -0.01698681 0.00033356
v 0.04103863 -0.01779600 0.00114333
v 0.04124553 -0.01834339 0.00114333
v 0.04124072 -0.01837314 0.00033356
v 0.04074031 -0.02022653 -0.00371202
v 0.04142837 -0.01941437 0.00033356
v 0.04155347 -0.02022653 0.00033356
v 0.04144762 -0.02022653 -0.00047457
v 0.04131770 -0.02022653 -0.00108519
v 0.02629107 -0.02009266 -0.00671576
v 0.02467438 -0.01941437 -0.00693466
v 0.02809061 -0.02067277 -0.00657421
v 0.02754690 -0.02062220 -0.00654129
v 0.02305287 -0.01936677 -0.00676020
v 0.02224452 -0.01928050 -0.00670753
v 0.02224452 -0.01860518 -0.00707785
v 0.01950190 -0.01736761 -0.00734778
v 0.03358065 -0.02193415 -0.00638329
v 0.03767532 -0.02268383 -0.00560972
v 0.03712199 -0.02297240 -0.00569366
v 0.03902738 -0.02248154 -0.00506988
v 0.03848848 -0.02271061 -0.00523446
v 0.03657828 -0.02312710 -0.00578913
v 0.03601051 -0.02317470 -0.00583521
v 0.03519735 -0.02313900 -0.00581381
v 0.01900631 -0.01727836 -0.00731651
v 0.01819796 -0.01670122 -0.00739222
v 0.01819796 -0.01710581 -0.00723092
v 0.01721158 -0.01643348 -0.00730992
v 0.00065005 -0.00694340 -0.00740209
v 0.00011115 -0.00678871 -0.00730828
v -0.00042294 -0.00661913 -0.00719965
v -0.00106288 -0.00702373 -0.00665651
v -0.00122647 -0.00646146 -0.00694947
v -0.00167395 -0.00528041 -0.00736917
v -0.00304526 -0.00589920 -0.00643596
v -0.00160178 -0.00684226 -0.00652813
v -0.00439251 -0.00561360 -0.00589446
v -0.00283836 -0.00645254 -0.00613970
v -0.00262665 -0.00695530 -0.00584344
v -0.00062021 -0.00756219 -0.00644912
v 0.01132218 -0.01577006 -0.00573481
v 0.01198618 -0.01665660 -0.00503696
v 0.01144728 -0.01650785 -0.00478843
v 0.00964775 -0.01579981 -0.00416629
v 0.00406148 -0.01251547 -0.00408399
v -0.00005244 -0.01093578 0.00033356
v -0.00002357 -0.01091793 0.00076149
v 0.00155944 -0.01174794 0.00168647
v 0.00164124 -0.01169736 0.00222632
v 0.00214165 -0.01190561 0.00276288
v -0.00645187 -0.00683333 0.00062982
v 0.00103498 -0.01158134 -0.00047457
v 0.01223158 -0.01733786 -0.00395232
v 0.01207279 -0.01742413 -0.00341247
v 0.00530768 -0.01392857 -0.00205791
v 0.00456670 -0.01350018 -0.00209247
v 0.00883458 -0.01580279 -0.00259611
v 0.00562044 -0.01416954 -0.00176330
v 0.00518739 -0.01395237 -0.00128270
v 0.00143915 -0.01181636 -0.00047457
v -0.00705813 -0.00561658 0.00195311
v -0.00672132 -0.00567905 0.00274478
v -0.00632677 -0.00674408 0.00114333
v -0.00586486 -0.00617884 0.00357266
v -0.00573494 -0.00608960 0.00404009
v -0.00641819 -0.00596762 0.00300318
v -0.00630752 -0.00567905 0.00363685
v -0.00589373 -0.00561360 0.00433964
v -0.00572532 -0.00531908 0.00483834
v -0.00502283 -0.00322472 0.00656981
v 0.03358065 -0.02103571 0.00682492
v 0.02710423 -0.01910498 0.00724627
v 0.02645948 -0.01904845 0.00722981
v 0.02592058 -0.01900383 0.00721500
v 0.02791258 -0.01958097 0.00714587
v 0.03541387 -0.02227924 0.00642991
v 0.03573143 -0.02306760 0.00560697
v 0.03627033 -0.02304975 0.00558393
v 0.03681886 -0.02302298 0.00555595
v 0.03762721 -0.02296645 0.00549999
v 0.03762721 -0.02256186 0.00579131
v 0.03818535 -0.02243394 0.00569420
v 0.03762721 -0.02184490 0.00612048
v 0.03838263 -0.02097026 0.00618797
v 0.03905144 -0.02103571 0.00578966
v 0.03919098 -0.02022653 0.00591475
v 0.00039023 -0.00646444 0.00751948
v 0.00118414 -0.00731527 0.00739933
v 0.00200692 -0.00792514 0.00733350
v 0.01495975 -0.01558562 0.00714752
v 0.01546497 -0.01572246 0.00720183
v 0.01574886 -0.01541902 0.00733185
v 0.01740886 -0.01621333 0.00732527
v 0.01819796 -0.01617763 0.00744213
v 0.01981466 -0.01748066 0.00724462
v 0.01981466 -0.01698681 0.00738288
v 0.02062301 -0.01698681 0.00744542
v 0.02129663 -0.01814407 0.00720018
v 0.02151315 -0.01784360 0.00728906
v 0.02224452 -0.01779600 0.00734502
v 0.02305287 -0.01779600 0.00739275
v 0.02183553 -0.01820059 0.00721664
v 0.02548272 -0.01855759 0.00731375
v -0.00491697 -0.00373046 0.00645789
v -0.00447912 -0.00401308 0.00662906
v -0.00439732 -0.00315928 0.00699280
v -0.00361303 -0.00400416 0.00706193
v -0.00385361 -0.00338537 0.00716727
v -0.00235720 -0.00513464 0.00718372
v -0.00150555 -0.00592597 0.00714916
v -0.00059615 -0.00672028 0.00712612
v -0.00005725 -0.00689580 0.00722816
v -0.00036520 -0.00645551 0.00732692
v 0.03920541 -0.01941437 0.00589006
v 0.03960959 -0.01941437 0.00555759
v 0.03997527 -0.01941437 0.00515270
v 0.04037944 -0.01941437 0.00465400
v 0.04061040 -0.01941437 0.00424911
v 0.04052860 -0.01875393 0.00413226
v 0.04067295 -0.01853379 0.00364837
v 0.04103863 -0.01860518 0.00276288
v 0.04069219 -0.01775138 0.00278922
v 0.04095202 -0.01779600 0.00195311
v 0.04060078 -0.01713556 0.00195311
v 0.04062002 -0.01692732 0.00107585
v 0.03969138 -0.02151468 -0.00495137
v 0.04073069 -0.02103571 -0.00371202
v 0.04048530 -0.02148493 -0.00415641
v 0.04123110 -0.01857543 0.00202882
v 0.04130327 -0.01882533 0.00180827
v 0.04131770 -0.01874798 0.00114333
v 0.04147167 -0.02103571 -0.00047457
v 0.04093278 -0.02103571 -0.00290225
v 0.04142356 -0.01941437 0.00114333
v 0.04152942 -0.02022653 0.00114333
v 0.04158234 -0.02103571 0.00033356
v 0.02349072 -0.01981301 -0.00654129
v 0.02305287 -0.01977136 -0.00650673
v 0.02143617 -0.01918232 -0.00665486
v 0.02143617 -0.01860518 -0.00697252
v 0.02062301 -0.01860518 -0.00686060
v 0.03824790 -0.02317172 -0.00504354
v 0.03956628 -0.02205314 -0.00481970
v 0.03929202 -0.02271953 -0.00457940
v 0.03878680 -0.02302000 -0.00487895
v 0.03762721 -0.02330857 -0.00518509
v 0.03683329 -0.02347219 -0.00533815
v 0.03654941 -0.02391546 -0.00498429
v 0.03617410 -0.02391546 -0.00498429
v 0.03519735 -0.02349302 -0.00533157
v 0.03470175 -0.02307950 -0.00575950
v 0.02224452 -0.01968509 -0.00642938
v 0.01900631 -0.01779600 -0.00702848
v 0.02018034 -0.01902465 -0.00655611
v 0.01819796 -0.01784360 -0.00679476
v 0.01738480 -0.01761750 -0.00670095
v 0.01744254 -0.01691542 -0.00712888
v 0.01175523 -0.01457711 -0.00673222
v 0.01091320 -0.01428259 -0.00663017
v 0.01049940 -0.01416062 -0.00655117
v -0.00203963 -0.00667863 -0.00640962
v 0.01150502 -0.01485973 -0.00647381
v 0.01168305 -0.01538927 -0.00616110
v 0.01288595 -0.01660900 -0.00576279
v 0.01358363 -0.01747471 -0.00505342
v 0.01304474 -0.01733786 -0.00482628
v 0.01258282 -0.01677262 -0.00531676
v 0.01447378 -0.01743603 -0.00578090
v 0.01552752 -0.01810837 -0.00560314
v 0.01251546 -0.01720994 -0.00454319
v 0.01172155 -0.01679344 -0.00452015
v 0.01121633 -0.01664172 -0.00424858
v 0.00200692 -0.01214361 -0.00047457
v 0.00105423 -0.01157242 0.00033356
v 0.00151133 -0.01177769 0.00114333
v 0.00267092 -0.01238160 0.00195311
v 0.00314246 -0.01257795 0.00255221
v 0.00284895 -0.01234293 0.00279745
v 0.00325313 -0.01251250 0.00309206
v 0.00228600 -0.01181041 0.00335046
v -0.00001395 -0.01010279 0.00397425
v 0.01277047 -0.01747471 -0.00428643
v 0.01362213 -0.01826604 -0.00346020
v 0.01310247 -0.01811134 -0.00290225
v 0.01340079 -0.01839099 -0.00209247
v 0.01326607 -0.01841181 -0.00133866
v 0.01288595 -0.01823034 -0.00110659
v 0.01132218 -0.01739141 -0.00085806
v 0.00712647 -0.01504120 -0.00128270
v 0.00605348 -0.01444324 -0.00128270
v 0.00559157 -0.01418442 -0.00128270
v 0.00255063 -0.01245598 -0.00047457
v -0.00541738 -0.00585755 0.00457994
v -0.00093297 -0.00937988 0.00416517
v -0.00075494 -0.00925494 0.00470502
v -0.00520086 -0.00561360 0.00497001
v -0.00484480 -0.00522686 0.00557899
v -0.00475338 -0.00426893 0.00632786
v 0.02467438 -0.01888185 0.00717879
v 0.02872093 -0.02022653 0.00689734
v 0.02952928 -0.02022653 0.00696153
v 0.02386121 -0.01879558 0.00714587
v 0.02467438 -0.01941437 0.00692697
v 0.03487497 -0.02222569 0.00639370
v 0.03438900 -0.02260946 0.00594931
v 0.03438900 -0.02301405 0.00555265
v 0.03490384 -0.02305273 0.00559051
v 0.03544274 -0.02306760 0.00560697
v 0.02791258 -0.02022653 0.00681834
v 0.02710423 -0.02022653 0.00672946
v 0.02548272 -0.02012538 0.00660602
v 0.02386121 -0.01995878 0.00651385
v 0.02612267 -0.02058947 0.00637395
v 0.03518291 -0.02335320 0.00526956
v 0.03519735 -0.02382323 0.00471325
v 0.03762721 -0.02323717 0.00509510
v 0.03827677 -0.02315685 0.00496837
v 0.03850292 -0.02273738 0.00523335
v 0.03872906 -0.02207694 0.00549669
v 0.03890228 -0.02153848 0.00565305
v 0.03844999 -0.02182110 0.00580118
v 0.03945561 -0.02103571 0.00540452
v 0.03959515 -0.02022653 0.00554113
v 0.00039023 -0.00704158 0.00729400
v 0.00090507 -0.00760979 0.00718537
v 0.00144878 -0.00776746 0.00725779
v 0.00246403 -0.00845765 0.00720183
v 0.01495975 -0.01617763 0.00682492
v 0.01574886 -0.01613598 0.00705205
v 0.00200692 -0.00832973 0.00713764
v 0.01416103 -0.01532977 0.00704547
v 0.01658126 -0.01637100 0.00712941
v 0.01715384 -0.01650487 0.00718866
v 0.01938643 -0.01740033 0.00721993
v 0.01906886 -0.01700169 0.00730058
v 0.02062301 -0.01803697 0.00716068
v 0.02062301 -0.01763238 0.00728083
v 0.02151315 -0.01852486 0.00702078
v 0.02305287 -0.01941437 0.00674263
v 0.02386121 -0.01941437 0.00684796
v -0.00421448 -0.00456642 0.00650398
v -0.00023047 -0.00787456 0.00655500
v 0.00037579 -0.00811851 0.00668996
v 0.00039023 -0.00744617 0.00710308
v 0.03997527 -0.02022653 0.00513625
v 0.04037944 -0.02022653 0.00469679
v 0.04070182 -0.02022653 0.00429191
v 0.04108193 -0.02022653 0.00357266
v 0.04092796 -0.01941437 0.00357266
v 0.04126959 -0.01902763 0.00234812
v 0.04101457 -0.02184490 -0.00209247
v 0.04080286 -0.02184490 -0.00290225
v 0.04056709 -0.02178837 -0.00366265
v 0.04058153 -0.02260351 -0.00285781
v 0.04049492 -0.02230007 -0.00335816
v 0.04030727 -0.02202340 -0.00389801
v 0.03976837 -0.02241906 -0.00427985
v 0.04136101 -0.02176755 -0.00047457
v 0.04130327 -0.02160690 -0.00101442
v 0.04141875 -0.02022653 0.00195311
v 0.04151979 -0.02103571 0.00114333
v 0.04140912 -0.02183895 0.00033356
v 0.02062301 -0.01908415 -0.00659561
v 0.03762721 -0.02400173 -0.00428808
v 0.03762721 -0.02371316 -0.00469297
v 0.03708831 -0.02381729 -0.00486908
v 0.03955666 -0.02295753 -0.00401157
v 0.03976356 -0.02315685 -0.00347172
v 0.03901776 -0.02317470 -0.00433910
v 0.03804581 -0.02387679 -0.00413172
v 0.03681886 -0.02413263 -0.00456953
v 0.03688141 -0.02458780 -0.00372025
v 0.03594315 -0.02412668 -0.00459751
v 0.03563039 -0.02386191 -0.00491845
v 0.03220934 -0.02309438 -0.00497441
v 0.02143617 -0.01995878 -0.00592080
v 0.02224452 -0.02004803 -0.00602449
v 0.02143617 -0.01958989 -0.00632568
v 0.02028138 -0.01980409 -0.00571342
v 0.01987240 -0.01926562 -0.00617262
v 0.01900631 -0.01918232 -0.00593726
v 0.01658126 -0.01835529 -0.00588788
v 0.01738480 -0.01802210 -0.00642279
v 0.01792851 -0.01814407 -0.00650508
v 0.01846741 -0.01825712 -0.00658573
v 0.02082028 -0.01988144 -0.00582040
v 0.01655720 -0.01776923 -0.00632568
v 0.01681222 -0.01748066 -0.00660384
v 0.01655720 -0.01703739 -0.00679970
v 0.01253471 -0.01513937 -0.00665980
v 0.01204392 -0.01500848 -0.00657750
v 0.01253471 -0.01554397 -0.00638987
v 0.01335268 -0.01613301 -0.00628618
v 0.01578735 -0.01841181 -0.00533322
v 0.01520514 -0.01828092 -0.00506329
v 0.01332381 -0.01762345 -0.00454319
v 0.01466143 -0.01814704 -0.00482464
v 0.01495975 -0.01755800 -0.00587965
v 0.01606642 -0.01825712 -0.00579242
v 0.00605348 -0.01446704 -0.00047457
v 0.00863250 -0.01592178 0.00033356
v 0.00867580 -0.01589501 0.00114333
v 0.00827163 -0.01566296 0.00114333
v 0.00307510 -0.01261662 0.00195311
v 0.00459075 -0.01348531 0.00195311
v 0.00524513 -0.01386015 0.00195311
v 0.00726600 -0.01496385 0.00236622
v 0.00428762 -0.01319376 0.00276288
v 0.00343597 -0.01240540 0.00357266
v 0.00277678 -0.01199783 0.00360064
v 0.00479765 -0.01336928 0.00322373
v 0.00384014 -0.01264637 0.00357266
v 0.00149689 -0.01097743 0.00410263
v 0.01439198 -0.01828389 -0.00428479
v 0.01384827 -0.01815002 -0.00400005
v 0.01415140 -0.01865576 -0.00290225
v 0.01350665 -0.01833149 -0.00290225
v 0.01546978 -0.01895920 -0.00397207
v 0.01527251 -0.01905440 -0.00343222
v 0.01639361 -0.01972079 -0.00290225
v 0.01577291 -0.01942627 -0.00290225
v 0.01421395 -0.01882235 -0.00206943
v 0.01445935 -0.01906333 -0.00128270
v 0.01405517 -0.01884615 -0.00128270
v 0.01334305 -0.01852189 -0.00047457
v 0.01284265 -0.01825117 -0.00047457
v 0.01129331 -0.01740628 -0.00031821
v 0.00975841 -0.01654950 -0.00047457
v 0.00862287 -0.01592178 -0.00047457
v 0.00767499 -0.01538927 -0.00047457
v 0.00709279 -0.01506203 -0.00047457
v -0.00079343 -0.00846063 0.00557240
v 0.00009672 -0.00841303 0.00632951
v 0.00326275 -0.01169736 0.00474617
v -0.00021604 -0.00941856 0.00492557
v -0.00050473 -0.00895149 0.00524817
v -0.00453204 -0.00489664 0.00604148
v 0.03115079 -0.02232684 0.00567774
v 0.03195914 -0.02240121 0.00574687
v 0.03358065 -0.02254103 0.00588348
v 0.03438900 -0.02341567 0.00514777
v 0.03358065 -0.02294563 0.00548353
v 0.03438900 -0.02382026 0.00470009
v 0.02305287 -0.01987549 0.00645131
v 0.02548272 -0.02052997 0.00631799
v 0.03519735 -0.02404636 0.00430837
v 0.03601051 -0.02377266 0.00460956
v 0.03681886 -0.02370721 0.00448612
v 0.03759834 -0.02366854 0.00431824
v 0.03784854 -0.02383811 0.00392158
v 0.03843555 -0.02482282 0.00181979
v 0.03843555 -0.02460267 0.00222468
v 0.03894558 -0.02474547 0.00166508
v 0.03890709 -0.02389761 0.00321550
v 0.03881567 -0.02303785 0.00476757
v 0.03968176 -0.02308248 0.00400552
v 0.03982130 -0.02265408 0.00413555
v 0.04005225 -0.02183002 0.00437420
v 0.04052860 -0.02157418 0.00404832
v 0.04026396 -0.02103571 0.00459475
v 0.04065370 -0.02103571 0.00418986
v 0.00118414 -0.00805603 0.00703230
v 0.01495975 -0.01669825 0.00648752
v 0.01577291 -0.01688269 0.00661589
v 0.01650909 -0.01706119 0.00670806
v 0.01816428 -0.01785550 0.00667185
v 0.01327569 -0.01543984 0.00670477
v 0.01421877 -0.01617763 0.00658462
v 0.01819796 -0.01713259 0.00710143
v 0.01884753 -0.01728431 0.00717550
v 0.02062301 -0.01860518 0.00684303
v 0.01981466 -0.01788525 0.00707016
v 0.02231188 -0.01945304 0.00660108
v 0.00063562 -0.00857665 0.00649081
v 0.00119857 -0.00873432 0.00660437
v 0.04098570 -0.02103571 0.00357266
v 0.04130808 -0.02078879 0.00258348
v 0.04124553 -0.02022653 0.00301470
v 0.04119741 -0.01934595 0.00274807
v 0.04131289 -0.02022653 0.00260982
v 0.04083173 -0.02265408 -0.00209247
v 0.04119260 -0.02186275 -0.00128434
v 0.04049973 -0.02310330 -0.00255661
v 0.04030727 -0.02284150 -0.00309646
v 0.04125515 -0.02217214 -0.00047457
v 0.04100976 -0.02265408 -0.00128270
v 0.04136582 -0.02169615 0.00114333
v 0.04126959 -0.02224354 0.00033356
v 0.04109156 -0.02265408 -0.00047457
v 0.03762721 -0.02430220 -0.00371202
v 0.03928721 -0.02373696 -0.00296808
v 0.03927277 -0.02334427 -0.00373013
v 0.04004263 -0.02328477 -0.00285781
v 0.03863764 -0.02374589 -0.00371202
v 0.03882529 -0.02385893 -0.00328245
v 0.03823347 -0.02397793 -0.00371202
v 0.03719416 -0.02467110 -0.00328080
v 0.03665526 -0.02472762 -0.00345526
v 0.03620297 -0.02472762 -0.00345526
v 0.03596239 -0.02457590 -0.00372025
v 0.03519735 -0.02405826 -0.00444115
v 0.03519735 -0.02381729 -0.00484604
v 0.03167044 -0.02303190 -0.00487566
v 0.02108011 -0.02061922 -0.00490529
v 0.02161901 -0.02067872 -0.00499581
v 0.02138324 -0.02040800 -0.00529207
v 0.01981466 -0.02002126 -0.00520155
v 0.01892932 -0.01963154 -0.00532334
v 0.01786596 -0.01898300 -0.00570189
v 0.01840967 -0.01907820 -0.00581875
v 0.02057970 -0.02011943 -0.00539905
v 0.01578735 -0.01782277 -0.00600145
v 0.01495494 -0.01695112 -0.00631252
v 0.01577291 -0.01720994 -0.00643102
v 0.01627332 -0.01734083 -0.00651496
v 0.01577291 -0.01680534 -0.00668778
v 0.01415140 -0.01597236 -0.00667461
v 0.01362694 -0.01583551 -0.00658573
v 0.01308804 -0.01569271 -0.00649356
v 0.01682665 -0.01909010 -0.00503531
v 0.01628775 -0.01895623 -0.00482299
v 0.01575367 -0.01883426 -0.00454155
v 0.01738480 -0.01889970 -0.00558997
v 0.01738480 -0.01920017 -0.00518509
v 0.00974398 -0.01655545 0.00033356
v 0.01128850 -0.01740628 0.00088328
v 0.00681852 -0.01475858 0.00195311
v 0.01019627 -0.01676072 0.00114333
v 0.00834380 -0.01562429 0.00195311
v 0.00874798 -0.01585336 0.00195311
v 0.01140398 -0.01734381 0.00195311
v 0.01180815 -0.01756990 0.00195311
v 0.01296775 -0.01818274 0.00216214
v 0.00882496 -0.01580576 0.00249790
v 0.00524513 -0.01373818 0.00276288
v 0.00401336 -0.01254522 0.00399894
v 0.00248327 -0.01168249 0.00389031
v 0.00909922 -0.01565701 0.00357266
v 0.00808397 -0.01496088 0.00397096
v 0.00738629 -0.01489840 0.00290607
v 0.00924838 -0.01597533 0.00276617
v 0.00895006 -0.01573734 0.00303774
v 0.01051383 -0.01657925 0.00315625
v 0.00302217 -0.01184611 0.00420632
v 0.01601349 -0.01909010 -0.00428314
v 0.01623964 -0.01978921 -0.00223073
v 0.01461332 -0.01898300 -0.00232290
v 0.01715384 -0.01975351 -0.00391282
v 0.01663419 -0.01960477 -0.00367087
v 0.01694213 -0.01983979 -0.00337297
v 0.01679778 -0.01990821 -0.00290225
v 0.01452671 -0.01902465 -0.00178305
v 0.01440642 -0.01909010 -0.00047457
v 0.01400224 -0.01887590 -0.00047457
v 0.01491164 -0.01917042 -0.00206943
v 0.01495975 -0.01930430 -0.00128270
v 0.01495975 -0.01936082 -0.00047457
v 0.01172155 -0.01765320 0.00033356
v 0.01127888 -0.01741223 0.00033356
v 0.01087470 -0.01718911 0.00033356
v 0.00724676 -0.01335738 0.00561191
v 0.00877685 -0.01421714 0.00567116
v 0.00554826 -0.01340201 0.00409276
v 0.00708797 -0.01426177 0.00417670
v 0.00580328 -0.01325326 0.00463261
v 0.00734299 -0.01411004 0.00471655
v 0.00480246 -0.01255712 0.00481365
v 0.03064076 -0.02227627 0.00562836
v 0.03358065 -0.02333534 0.00507864
v 0.03358065 -0.02374291 0.00452562
v 0.03438900 -0.02402256 0.00429520
v 0.02667600 -0.02144328 0.00560368
v 0.02328863 -0.02066980 0.00564318
v 0.02274973 -0.02060732 0.00556911
v 0.02224452 -0.02082152 0.00508029
v 0.02262945 -0.01982491 0.00641181
v 0.02467438 -0.02044667 0.00622747
v 0.03519735 -0.02437658 0.00357266
v 0.03601051 -0.02459970 0.00299495
v 0.03601051 -0.02431708 0.00357266
v 0.03601051 -0.02398983 0.00420468
v 0.03681886 -0.02392438 0.00408123
v 0.03759834 -0.02404041 0.00362039
v 0.03766089 -0.02451045 0.00271844
v 0.03795439 -0.02466515 0.00233495
v 0.03766089 -0.02486447 0.00202059
v 0.03762721 -0.02517981 0.00114333
v 0.03843555 -0.02505486 0.00114333
v 0.03909474 -0.02482282 0.00114333
v 0.03949892 -0.02458185 0.00114333
v 0.04011480 -0.02416535 0.00118942
v 0.03987422 -0.02402256 0.00195311
v 0.03971544 -0.02391249 0.00244358
v 0.03944599 -0.02377861 0.00298343
v 0.03920541 -0.02358822 0.00352163
v 0.03924872 -0.02318362 0.00418657
v 0.03983573 -0.02321040 0.00357266
v 0.04040831 -0.02295753 0.00301306
v 0.04023990 -0.02267491 0.00358253
v 0.04038907 -0.02211264 0.00385904
v 0.04065370 -0.02184490 0.00358253
v 0.01193326 -0.01506798 0.00647764
v 0.01253471 -0.01523457 0.00658133
v 0.01453152 -0.01659412 0.00641510
v 0.01495975 -0.01710284 0.00619455
v 0.01577291 -0.01728728 0.00633445
v 0.01673523 -0.01750445 0.00648422
v 0.01787558 -0.01816489 0.00638053
v 0.01738480 -0.01765023 0.00658298
v 0.01900631 -0.01841181 0.00654841
v 0.01983390 -0.01864386 0.00663071
v 0.01906886 -0.01772163 0.00698128
v 0.01350184 -0.01590691 0.00649904
v 0.01296294 -0.01575816 0.00639699
v 0.01399262 -0.01644537 0.00631305
v 0.02062301 -0.01912580 0.00649410
v 0.02143617 -0.01924480 0.00657804
v 0.02011779 -0.01904845 0.00643485
v 0.00929650 -0.01436886 0.00581106
v 0.01091320 -0.01477643 0.00626861
v 0.01139436 -0.01491625 0.00637724
v 0.04052860 -0.02241906 0.00331919
v 0.04092796 -0.02184490 0.00276288
v 0.04119741 -0.02105059 0.00281720
v 0.04124553 -0.02133023 0.00223291
v 0.04130327 -0.02152063 0.00169306
v 0.04059115 -0.02322527 -0.00209247
v 0.04003301 -0.02365664 -0.00210564
v 0.04080286 -0.02346327 0.00033356
v 0.04067776 -0.02337104 -0.00128270
v 0.04101457 -0.02265408 0.00114333
v 0.04112043 -0.02265408 0.00033356
v 0.03958072 -0.02383514 -0.00238544
v 0.03762721 -0.02497751 -0.00128270
v 0.03681886 -0.02503999 -0.00209247
v 0.03688141 -0.02481984 -0.00296808
v 0.03928721 -0.02405231 -0.00210564
v 0.03763202 -0.02456102 -0.00296808
v 0.03838744 -0.02447772 -0.00205791
v 0.03807950 -0.02470085 -0.00176659
v 0.03822866 -0.02476332 -0.00128270
v 0.03848367 -0.02485852 -0.00049926
v 0.03601051 -0.02509354 -0.00209247
v 0.03596239 -0.02483174 -0.00295821
v 0.03519735 -0.02474547 -0.00269487
v 0.02386121 -0.02177647 -0.00371202
v 0.02330788 -0.02147601 -0.00419920
v 0.03386453 -0.02389761 -0.00417452
v 0.03438900 -0.02396306 -0.00428808
v 0.02386121 -0.02154145 -0.00432923
v 0.02138324 -0.02083044 -0.00458928
v 0.02062301 -0.02073822 -0.00436379
v 0.02062301 -0.02055377 -0.00476868
v 0.01861176 -0.01981599 -0.00492175
v 0.01915066 -0.01990821 -0.00504848
v 0.01815947 -0.01931620 -0.00539082
v 0.01415140 -0.01637695 -0.00641292
v 0.01521958 -0.01665957 -0.00659561
v 0.01656683 -0.01922695 -0.00454155
v 0.01819796 -0.01974756 -0.00478185
v 0.01740886 -0.01960774 -0.00449052
v 0.01284746 -0.01825117 0.00033356
v 0.01334305 -0.01850999 0.00033356
v 0.01248659 -0.01801615 0.00114333
v 0.01292445 -0.01820654 0.00162229
v 0.01134143 -0.01737653 0.00142313
v 0.01097575 -0.01720101 0.00114992
v 0.01328050 -0.01836719 0.00191690
v 0.01421877 -0.01883426 0.00192513
v 0.01460851 -0.01898895 0.00217695
v 0.01471436 -0.01893243 0.00276288
v 0.01415140 -0.01865278 0.00276288
v 0.01350665 -0.01832851 0.00276288
v 0.01309766 -0.01811432 0.00276288
v 0.01253471 -0.01780790 0.00276288
v 0.01038873 -0.01665065 0.00261640
v 0.01010485 -0.01621630 0.00357266
v 0.00828125 -0.01484486 0.00438243
v 0.00964775 -0.01580279 0.00404338
v 0.01144728 -0.01651082 0.00464577
v 0.00988833 -0.01566296 0.00458323
v 0.01195731 -0.01748661 0.00276288
v 0.01207760 -0.01741818 0.00324348
v 0.01738480 -0.02028603 -0.00209247
v 0.01653796 -0.01994688 -0.00201347
v 0.01617709 -0.01982194 -0.00169088
v 0.01769274 -0.01985764 -0.00420085
v 0.01740886 -0.01992606 -0.00367087
v 0.01738480 -0.02014026 -0.00290225
v 0.01566225 -0.01968211 0.00033356
v 0.01495975 -0.01933702 0.00033356
v 0.01443529 -0.01907225 0.00033356
v 0.01403111 -0.01886698 0.00033356
v 0.01568630 -0.01968509 -0.00047457
v 0.01607123 -0.01986954 0.00033356
v 0.00823795 -0.01405649 0.00547694
v 0.00978247 -0.01491625 0.00553620
v 0.01132699 -0.01576709 0.00559051
v 0.01032137 -0.01507095 0.00571231
v 0.00888270 -0.01496385 0.00479061
v 0.00788189 -0.01426772 0.00493709
v 0.02467438 -0.02082152 0.00582422
v 0.03358065 -0.02392736 0.00412074
v 0.02371206 -0.02138973 0.00466223
v 0.03438900 -0.02428138 0.00357266
v 0.02386121 -0.02073227 0.00571889
v 0.02303362 -0.02033660 0.00594767
v 0.02231188 -0.02007778 0.00604313
v 0.02143617 -0.02003316 0.00584562
v 0.02224452 -0.02054485 0.00548517
v 0.02143617 -0.02043775 0.00532552
v 0.02143617 -0.02071144 0.00492064
v 0.02208573 -0.01974756 0.00634103
v 0.03519735 -0.02460267 0.00292089
v 0.03601051 -0.02502214 0.00195311
v 0.03601051 -0.02477819 0.00259006
v 0.03681886 -0.02499834 0.00195311
v 0.03681886 -0.02474547 0.00249954
v 0.03741550 -0.02470977 0.00241725
v 0.03681886 -0.02524526 0.00114333
v 0.03762721 -0.02523038 0.00033356
v 0.03843555 -0.02506379 0.00033356
v 0.03909474 -0.02481092 0.00033356
v 0.03949892 -0.02460267 0.00033356
v 0.04005706 -0.02429030 0.00033356
v 0.04053341 -0.02395116 0.00094912
v 0.04042756 -0.02382323 0.00148897
v 0.04066814 -0.02351682 0.00118942
v 0.04049011 -0.02311222 0.00247321
v 0.04060078 -0.02267491 0.00275136
v 0.01420914 -0.01695409 0.00599210
v 0.01442567 -0.01745983 0.00567280
v 0.01495975 -0.01758478 0.00578966
v 0.01738480 -0.01805482 0.00629824
v 0.01957889 -0.01894135 0.00635420
v 0.01253471 -0.01563917 0.00630811
v 0.01327569 -0.01617763 0.00620607
v 0.01985796 -0.01940247 0.00599375
v 0.02062301 -0.01953039 0.00612378
v 0.02143617 -0.01964939 0.00625051
v 0.01091320 -0.01524052 0.00586373
v 0.01186589 -0.01592178 0.00574522
v 0.01334305 -0.01675179 0.00575839
v 0.04050454 -0.02390951 -0.00025238
v 0.04042275 -0.02384109 -0.00079223
v 0.04030246 -0.02377564 -0.00128270
v 0.04068257 -0.02352872 -0.00050255
v 0.04054785 -0.02396306 0.00033356
v 0.03974912 -0.02391249 -0.00184559
v 0.03762721 -0.02513816 -0.00047457
v 0.03681886 -0.02518279 -0.00128270
v 0.03924872 -0.02430220 -0.00128270
v 0.03878680 -0.02465325 -0.00078729
v 0.03894558 -0.02472762 -0.00024744
v 0.03601051 -0.02521253 -0.00128270
v 0.03519735 -0.02505486 -0.00128270
v 0.03519735 -0.02493289 -0.00209247
v 0.03474987 -0.02469192 -0.00253357
v 0.02386121 -0.02202042 -0.00290225
v 0.02186440 -0.02143436 -0.00328409
v 0.02304324 -0.02157418 -0.00374165
v 0.02276898 -0.02141056 -0.00402968
v 0.02143617 -0.02118744 -0.00371202
v 0.02062301 -0.02097622 -0.00371202
v 0.02011779 -0.02066385 -0.00419756
v 0.01983390 -0.02043478 -0.00449052
v 0.01289076 -0.01822439 0.00114333
v 0.01334305 -0.01845644 0.00114333
v 0.01408885 -0.01883723 0.00114333
v 0.01449303 -0.01904250 0.00114333
v 0.01495975 -0.01927752 0.00114333
v 0.01453633 -0.01902168 0.00163710
v 0.01612416 -0.01984574 0.00114333
v 0.01617709 -0.01981896 0.00154987
v 0.01585471 -0.01961667 0.00187246
v 0.01511854 -0.01912877 0.00276288
v 0.01525326 -0.01906630 0.00333071
v 0.01366062 -0.01824522 0.00329121
v 0.01121152 -0.01663875 0.00410592
v 0.01199100 -0.01665362 0.00489595
v 0.01042723 -0.01581766 0.00484986
v 0.01279934 -0.01746578 0.00412897
v 0.01438717 -0.01828984 0.00415036
v 0.01305436 -0.01733191 0.00466882
v 0.01359326 -0.01746876 0.00493051
v 0.01252989 -0.01755503 0.00353645
v 0.01226044 -0.01732298 0.00378333
v 0.01854921 -0.02064600 -0.00256320
v 0.01805842 -0.02053592 -0.00209247
v 0.01835674 -0.02072334 -0.00128270
v 0.01795257 -0.02056865 -0.00128270
v 0.01738480 -0.02034255 -0.00128270
v 0.01658126 -0.02001233 -0.00128270
v 0.01658126 -0.02005993 -0.00047457
v 0.01609048 -0.01985764 -0.00047457
v 0.01819796 -0.02019083 -0.00371202
v 0.01957889 -0.02057460 -0.00395397
v 0.01930463 -0.02066682 -0.00341412
v 0.01876573 -0.02057162 -0.00310304
v 0.01824608 -0.02045857 -0.00286110
v 0.01571999 -0.01964939 0.00114333
v 0.01658126 -0.02009563 0.00033356
v 0.01658126 -0.02005398 0.00114333
v 0.01091320 -0.01564809 0.00543580
v 0.00929650 -0.01508583 0.00494697
v 0.01233262 -0.01646322 0.00543415
v 0.01287633 -0.01661792 0.00563659
v 0.03315242 -0.02387381 0.00399236
v 0.02298069 -0.02134213 0.00438902
v 0.02266313 -0.02143733 0.00396767
v 0.02096463 -0.02064897 0.00481859
v 0.02224452 -0.02117256 0.00438243
v 0.03519735 -0.02490611 0.00195311
v 0.03519735 -0.02473952 0.00251600
v 0.02224452 -0.02151170 0.00340642
v 0.02177779 -0.02145518 0.00322538
v 0.02062301 -0.01992011 0.00571889
v 0.02013704 -0.01984574 0.00563166
v 0.02066631 -0.02034850 0.00512966
v 0.03601051 -0.02520956 0.00114333
v 0.03681886 -0.02529583 0.00033356
v 0.03681886 -0.02526311 -0.00047457
v 0.03922947 -0.02452532 -0.00049926
v 0.03989828 -0.02399281 -0.00128270
v 0.04011480 -0.02407908 -0.00050255
v 0.01388195 -0.01731406 0.00547036
v 0.01494051 -0.01800127 0.00519714
v 0.01555158 -0.01812027 0.00547036
v 0.01609529 -0.01823629 0.00563659
v 0.01658126 -0.01833744 0.00574028
v 0.01900631 -0.01881641 0.00625051
v 0.01900631 -0.01924182 0.00584562
v 0.03601051 -0.02523336 -0.00047457
v 0.03394152 -0.02468894 -0.00173038
v 0.03601051 -0.02524228 0.00033356
v 0.03519735 -0.02506081 -0.00047457
v 0.02351959 -0.02223462 -0.00047457
v 0.02359658 -0.02221677 -0.00128270
v 0.02101756 -0.02144328 -0.00250724
v 0.02305287 -0.02182705 -0.00290225
v 0.02143617 -0.02138081 -0.00309482
v 0.02069999 -0.02127073 -0.00282818
v 0.02217715 -0.02136296 -0.00374165
v 0.01981466 -0.02098811 -0.00290225
v 0.01983390 -0.02074714 -0.00369556
v 0.01656202 -0.01993796 0.00187246
v 0.01627813 -0.01977434 0.00208972
v 0.01577291 -0.01942924 0.00276288
v 0.01691807 -0.01984871 0.00330767
v 0.01544091 -0.01897110 0.00387056
v 0.01497419 -0.01882831 0.00359076
v 0.01706242 -0.01978921 0.00384752
v 0.01413216 -0.01839396 0.00356607
v 0.01337192 -0.01799235 0.00356607
v 0.01384827 -0.01814704 0.00383106
v 0.01598462 -0.01911092 0.00415530
v 0.01494051 -0.01844454 0.00440547
v 0.01415140 -0.01760858 0.00519714
v 0.01466143 -0.01814704 0.00469021
v 0.01846260 -0.02068170 -0.00209247
v 0.01902556 -0.02072929 -0.00286110
v 0.01981466 -0.02114876 -0.00209247
v 0.01900631 -0.02087209 -0.00209247
v 0.01900631 -0.02096431 -0.00128270
v 0.01900631 -0.02102976 -0.00047457
v 0.01828938 -0.02075309 -0.00047457
v 0.01788521 -0.02059245 -0.00047457
v 0.01738480 -0.02039015 -0.00047457
v 0.01738480 -0.02042585 0.00033356
v 0.01738480 -0.02038420 0.00114333
v 0.01738480 -0.02026520 0.00195311
v 0.02224452 -0.02138973 0.00381131
v 0.01984834 -0.02003911 0.00522348
v 0.01900631 -0.01993796 0.00495849
v 0.02042573 -0.02056865 0.00464577
v 0.02066631 -0.02075012 0.00437914
v 0.02143617 -0.02096431 0.00438243
v 0.03397039 -0.02468299 0.00156468
v 0.03519735 -0.02503404 0.00114333
v 0.02147947 -0.02128263 0.00352657
v 0.02062301 -0.02102084 0.00357266
v 0.02062301 -0.02122909 0.00276288
v 0.02119559 -0.02139271 0.00276288
v 0.02160457 -0.02149683 0.00276288
v 0.01959814 -0.01975946 0.00551480
v 0.01520033 -0.01828687 0.00493051
v 0.01630219 -0.01895623 0.00469515
v 0.01684109 -0.01907523 0.00488113
v 0.01853477 -0.01984871 0.00482847
v 0.01782266 -0.01899788 0.00557899
v 0.01836155 -0.01910795 0.00570901
v 0.03519735 -0.02506081 0.00033356
v 0.02029101 -0.02142246 0.00033356
v 0.02143617 -0.02171698 -0.00047457
v 0.02305287 -0.02208289 -0.00128270
v 0.02224452 -0.02188060 -0.00128270
v 0.02052678 -0.02136296 -0.00209247
v 0.01680741 -0.01989928 0.00276288
v 0.01640323 -0.01971781 0.00276288
v 0.01738480 -0.02013133 0.00276288
v 0.01826051 -0.02046452 0.00271351
v 0.01735593 -0.01995581 0.00357595
v 0.01819796 -0.02024438 0.00357266
v 0.01952115 -0.02059542 0.00384917
v 0.01760613 -0.01988144 0.00409934
v 0.01735593 -0.01962559 0.00437420
v 0.01657645 -0.01925075 0.00440877
v 0.01981466 -0.02123801 -0.00128270
v 0.01981466 -0.02129751 -0.00047457
v 0.01900631 -0.02102976 0.00033356
v 0.01826532 -0.02075607 0.00033356
v 0.01791889 -0.02058352 0.00114333
v 0.01846741 -0.02068170 0.00195311
v 0.01900631 -0.01964641 0.00536338
v 0.01900631 -0.02022653 0.00438243
v 0.01980022 -0.02048832 0.00437914
v 0.02006486 -0.02067872 0.00410592
v 0.02104643 -0.02143436 0.00233002
v 0.02136399 -0.02155633 0.00201730
v 0.02089246 -0.02147303 0.00179017
v 0.02037762 -0.02140163 0.00114333
v 0.01980022 -0.02075904 0.00357595
v 0.01929019 -0.02066980 0.00330932
v 0.01981466 -0.02097919 0.00276288
v 0.01981466 -0.02115174 0.00195311
v 0.01981466 -0.02124396 0.00114333
v 0.01981466 -0.02128858 0.00033356
v 0.02027176 -0.02142543 -0.00047457
v 0.02143617 -0.02167533 -0.00128270
v 0.02036799 -0.02140163 -0.00128270
v 0.02077217 -0.02150575 -0.00128270
v 0.01857327 -0.02064005 0.00240902
v 0.01875129 -0.02058055 0.00294887
v 0.01900631 -0.02097919 0.00114333
v 0.01832306 -0.02073227 0.00114333
v 0.01900631 -0.02087804 0.00195311
v 0.02062301 -0.02137188 0.00201730
v 0.01901593 -0.02072334 0.00271351
f 1 2 3
f 1 3 4
f 1 4 5
f 1 5 6
f 1 6 7
f 1 7 8
f 1 8 9
f 1 9 10
f 1 10 11
f 1 11 12
f 1 12 2
f 2 13 3
f 2 12 14
f 2 14 15
f 2 15 16
f 2 16 13
f 3 13 17
f 3 17 18
f 3 18 19
f 3 19 4
f 4 19 20
f 4 20 21
f 4 21 5
f 5 21 22
f 5 22 23
f 5 23 6
f 6 23 7
f 7 23 8
f 8 23 24
f 8 24 25
f 8 25 9
f 9 25 10
f 10 25 26
f 10 26 11
f 11 27 12
f 11 26 28
f 11 28 29
f 11 29 30
f 11 30 27
f 12 27 14
f 13 31 17
f 13 16 32
f 13 32 33
f 13 33 34
f 13 34 31
f 14 27 35
f 14 35 36
f 14 36 15
f 15 36 16
f 16 36 37
f 16 37 38
f 16 38 32
f 17 31 18
f 18 39 19
f 18 31 40
f 18 40 41
f 18 41 42
f 18 42 39
f 19 39 43
f 19 43 20
f 20 43 44
f 20 44 21
f 21 44 45
f 21 45 46
f 21 46 22
f 22 46 47
f 22 47 49
f 22 49 23
f 23 48 24
f 23 49 50
f 23 50 48
f 24 51 26
f 24 26 25
f 24 48 52
f 24 52 51
f 26 51 53
f 26 53 28
f 27 30 54
f 27 54 35
f 28 53 55
f 28 55 56
f 28 56 57
f 28 57 58
f 28 58 29
f 29 58 57
f 29 57 59
f 29 59 30
f 30 59 60
f 30 60 54
f 31 34 61
f 31 61 62
f 31 62 63
f 31 63 64
f 31 64 65
f 31 65 66
f 31 66 40
f 32 38 67
f 32 67 68
f 32 68 33
f 33 68 34
f 34 68 69
f 34 69 70
f 34 70 71
f 34 71 61
f 35 54 36
f 36 54 72
f 36 72 37
f 37 73 38
f 37 72 74
f 37 74 73
f 38 73 75
f 38 75 67
f 39 42 76
f 39 76 77
f 39 77 78
f 39 78 43
f 40 66 79
f 40 79 41
f 41 79 80
f 41 80 81
f 41 81 76
f 41 76 42
f 43 82 83
f 43 83 84
f 43 84 44
f 43 78 85
f 43 85 86
f 43 86 87
f 43 87 88
f 43 88 89
f 43 89 82
f 44 84 90
f 44 90 45
f 45 91 46
f 45 90 92
f 45 92 93
f 45 93 94
f 45 94 95
f 45 95 91
f 46 91 47
f 47 91 96
f 47 96 98
f 47 98 49
f 48 50 97
f 48 97 52
f 49 98 99
f 49 99 50
f 50 99 100
f 50 100 97
f 51 101 53
f 51 52 102
f 51 102 101
f 52 97 103
f 52 103 102
f 53 104 105
f 53 105 55
f 53 101 104
f 54 60 106
f 54 106 72
f 55 105 107
f 55 107 108
f 55 108 109
f 55 109 110
f 55 110 111
f 55 111 112
f 55 112 56
f 56 112 111
f 56 111 113
f 56 113 114
f 56 114 57
f 57 114 115
f 57 115 116
f 57 116 59
f 59 116 60
f 60 116 117
f 60 117 118
f 60 118 106
f 61 71 70
f 61 70 119
f 61 119 120
f 61 120 62
f 62 121 122
f 62 122 63
f 62 120 123
f 62 123 124
f 62 124 121
f 63 122 65
f 63 65 64
f 65 122 66
f 66 125 126
f 66 126 79
f 66 122 127
f 66 127 125
f 67 75 128
f 67 128 68
f 68 128 129
f 68 129 69
f 69 129 130
f 69 130 131
f 69 131 132
f 69 132 133
f 69 133 134
f 69 134 135
f 69 135 136
f 69 136 70
f 70 136 119
f 72 106 74
f 73 74 137
f 73 137 75
f 74 106 137
f 75 137 138
f 75 138 128
f 76 81 77
f 77 81 139
f 77 139 78
f 78 139 140
f 78 140 85
f 79 81 80
f 79 126 141
f 79 141 81
f 81 142 139
f 81 141 143
f 81 143 144
f 81 144 142
f 82 145 146
f 82 146 83
f 82 89 147
f 82 147 148
f 82 148 145
f 83 146 246
f 83 246 149
f 83 149 150
f 83 150 84
f 84 150 92
f 84 92 90
f 85 140 151
f 85 151 152
f 85 152 153
f 85 153 86
f 86 153 154
f 86 154 87
f 87 154 155
f 87 155 88
f 88 155 156
f 88 156 157
f 88 157 89
f 89 157 158
f 89 158 147
f 91 95 96
f 92 159 160
f 92 160 161
f 92 161 162
f 92 162 163
f 92 163 164
f 92 164 93
f 92 150 159
f 93 164 165
f 93 165 94
f 94 166 95
f 94 165 167
f 94 167 166
f 95 166 168
f 95 168 96
f 96 168 170
f 96 170 98
f 97 100 169
f 97 169 103
f 98 170 99
f 99 170 171
f 99 171 172
f 99 172 100
f 100 172 173
f 100 173 169
f 101 174 104
f 101 102 175
f 101 175 174
f 102 103 175
f 103 169 176
f 103 176 177
f 103 177 175
f 104 107 105
f 104 174 178
f 104 178 179
f 104 179 180
f 104 180 181
f 104 181 107
f 106 118 182
f 106 182 183
f 106 183 137
f 107 181 184
f 107 184 185
f 107 185 186
f 107 186 187
f 107 187 188
f 107 188 189
f 107 189 190
f 107 190 191
f 107 191 192
f 107 192 108
f 108 192 193
f 108 193 109
f 109 194 110
f 109 193 195
f 109 195 196
f 109 196 197
f 109 197 194
f 110 194 111
f 111 194 198
f 111 198 199
f 111 199 113
f 113 200 201
f 113 201 114
f 113 199 200
f 114 201 202
f 114 202 116
f 114 116 115
f 116 202 117
f 117 202 203
f 117 203 204
f 117 204 205
f 117 205 206
f 117 206 118
f 118 206 207
f 118 207 182
f 119 136 208
f 119 208 123
f 119 123 120
f 121 127 122
f 121 124 209
f 121 209 125
f 121 125 127
f 123 208 134
f 123 134 210
f 123 210 132
f 123 132 211
f 123 211 212
f 123 212 213
f 123 213 214
f 123 214 124
f 124 214 209
f 125 209 215
f 125 215 216
f 125 216 126
f 126 216 217
f 126 217 218
f 126 218 219
f 126 219 141
f 128 138 220
f 128 220 221
f 128 221 222
f 128 222 223
f 128 223 224
f 128 224 225
f 128 225 226
f 128 226 227
f 128 227 129
f 129 227 226
f 129 226 132
f 129 132 131
f 129 131 130
f 132 210 133
f 132 226 225
f 132 225 228
f 132 228 229
f 132 229 230
f 132 230 211
f 133 210 134
f 134 208 136
f 134 136 135
f 137 183 138
f 138 231 232
f 138 232 220
f 138 183 231
f 139 142 233
f 139 233 234
f 139 234 235
f 139 235 140
f 140 236 151
f 140 235 236
f 141 219 237
f 141 237 143
f 142 144 238
f 142 238 239
f 142 239 240
f 142 240 241
f 142 241 233
f 143 237 238
f 143 238 144
f 145 242 243
f 145 243 146
f 145 148 244
f 145 244 242
f 146 243 245
f 146 245 246
f 147 158 254
f 147 254 247
f 147 247 148
f 148 247 244
f 149 246 248
f 149 248 249
f 149 249 250
f 149 250 150
f 150 250 159
f 151 236 152
f 152 236 153
f 153 251 155
f 153 155 154
f 153 236 252
f 153 252 251
f 155 253 254
f 155 254 157
f 155 157 156
f 155 251 253
f 157 254 158
f 159 250 255
f 159 255 160
f 160 255 256
f 160 256 257
f 160 257 258
f 160 258 161
f 161 258 162
f 162 259 260
f 162 260 164
f 162 164 163
f 162 258 261
f 162 261 262
f 162 262 263
f 162 263 264
f 162 264 259
f 164 260 265
f 164 265 165
f 165 265 167
f 166 266 170
f 166 170 168
f 166 167 267
f 166 267 271
f 166 271 266
f 167 265 268
f 167 268 370
f 167 370 267
f 169 173 269
f 169 269 270
f 169 270 176
f 170 266 171
f 171 266 173
f 171 173 172
f 173 266 271
f 173 271 269
f 174 175 272
f 174 272 273
f 174 273 178
f 175 177 274
f 175 274 275
f 175 275 276
f 175 276 277
f 175 277 278
f 175 278 279
f 175 279 280
f 175 280 281
f 175 281 272
f 176 282 177
f 176 270 283
f 176 283 282
f 177 282 274
f 178 273 284
f 178 284 285
f 178 285 179
f 179 285 286
f 179 286 287
f 179 287 180
f 180 287 184
f 180 184 181
f 182 207 183
f 183 207 231
f 184 287 288
f 184 288 185
f 185 288 289
f 185 289 186
f 186 289 290
f 186 290 187
f 187 290 291
f 187 291 188
f 188 291 292
f 188 292 189
f 189 292 293
f 189 293 190
f 190 293 294
f 190 294 192
f 190 192 191
f 192 294 293
f 192 293 295
f 192 295 296
f 192 296 193
f 193 296 297
f 193 297 298
f 193 298 195
f 194 197 198
f 195 298 299
f 195 299 300
f 195 300 301
f 195 301 197
f 195 197 196
f 197 301 300
f 197 300 302
f 197 302 303
f 197 303 304
f 197 304 198
f 198 304 303
f 198 303 305
f 198 305 306
f 198 306 199
f 199 306 307
f 199 307 308
f 199 308 309
f 199 309 203
f 199 203 201
f 199 201 200
f 201 203 202
f 203 309 310
f 203 310 311
f 203 311 312
f 203 312 204
f 204 312 313
f 204 313 205
f 205 313 206
f 206 313 314
f 206 314 315
f 206 315 207
f 207 315 316
f 207 316 317
f 207 317 318
f 207 318 232
f 207 232 231
f 209 214 215
f 211 230 212
f 212 230 213
f 213 319 320
f 213 320 216
f 213 216 215
f 213 215 214
f 213 230 319
f 216 320 321
f 216 321 217
f 217 321 322
f 217 322 218
f 218 322 323
f 218 323 324
f 218 324 219
f 219 324 325
f 219 325 237
f 220 232 318
f 220 318 317
f 220 317 326
f 220 326 221
f 221 326 327
f 221 327 328
f 221 328 329
f 221 329 330
f 221 330 222
f 222 330 331
f 222 331 332
f 222 332 333
f 222 333 230
f 222 230 334
f 222 334 335
f 222 335 336
f 222 336 223
f 223 336 224
f 224 335 229
f 224 229 225
f 224 336 335
f 225 229 228
f 229 335 230
f 230 333 332
f 230 332 337
f 230 337 338
f 230 338 339
f 230 339 319
f 230 335 334
f 233 241 240
f 233 240 340
f 233 340 234
f 234 340 341
f 234 341 342
f 234 342 235
f 235 342 236
f 236 342 252
f 237 343 238
f 237 325 344
f 237 344 343
f 238 343 239
f 239 343 345
f 239 345 240
f 240 345 346
f 240 346 347
f 240 347 340
f 242 244 348
f 242 348 349
f 242 349 243
f 243 350 351
f 243 351 352
f 243 352 353
f 243 353 354
f 243 354 245
f 243 349 355
f 243 355 350
f 244 247 356
f 244 356 357
f 244 357 348
f 245 354 358
f 245 358 248
f 245 248 246
f 247 254 253
f 247 253 356
f 248 358 359
f 248 359 360
f 248 360 249
f 249 360 250
f 250 360 255
f 251 252 341
f 251 341 361
f 251 361 253
f 252 342 341
f 253 362 356
f 253 361 362
f 255 360 256
f 256 360 359
f 256 359 363
f 256 363 364
f 256 364 257
f 257 364 365
f 257 365 258
f 258 365 261
f 259 264 366
f 259 366 367
f 259 367 368
f 259 368 369
f 259 369 260
f 260 369 374
f 260 374 370
f 260 370 268
f 260 268 265
f 261 371 372
f 261 372 262
f 261 365 371
f 262 372 373
f 262 373 263
f 263 373 264
f 264 373 366
f 267 370 374
f 267 374 271
f 269 271 270
f 270 271 374
f 270 374 375
f 270 375 376
f 270 376 377
f 270 377 283
f 272 284 273
f 272 281 280
f 272 280 279
f 272 279 378
f 272 378 379
f 272 379 380
f 272 380 381
f 272 381 284
f 274 282 382
f 274 382 383
f 274 383 384
f 274 384 515
f 274 515 385
f 274 385 275
f 275 385 276
f 276 385 386
f 276 386 387
f 276 387 388
f 276 388 389
f 276 389 523
f 276 523 390
f 276 390 391
f 276 391 392
f 276 392 393
f 276 393 394
f 276 394 277
f 277 394 393
f 277 393 395
f 277 395 278
f 278 395 396
f 278 396 279
f 279 396 378
f 282 283 397
f 282 397 398
f 282 398 382
f 283 377 376
f 283 376 399
f 283 399 400
f 283 400 401
f 283 401 402
f 283 402 403
f 283 403 397
f 284 381 285
f 285 381 404
f 285 404 405
f 285 405 286
f 286 405 406
f 286 406 287
f 287 406 288
f 288 406 407
f 288 407 290
f 288 290 289
f 290 407 291
f 291 407 408
f 291 408 292
f 292 408 295
f 292 295 293
f 295 408 409
f 295 409 296
f 296 410 297
f 296 409 411
f 296 411 412
f 296 412 413
f 296 413 410
f 297 410 298
f 298 410 299
f 299 410 414
f 299 414 300
f 300 305 303
f 300 303 302
f 300 414 410
f 300 410 413
f 300 413 415
f 300 415 416
f 300 416 305
f 305 416 417
f 305 417 307
f 305 307 306
f 307 417 308
f 308 310 309
f 308 417 418
f 308 418 419
f 308 419 310
f 310 419 420
f 310 420 421
f 310 421 311
f 311 421 314
f 311 314 313
f 311 313 312
f 314 422 315
f 314 421 420
f 314 420 423
f 314 423 422
f 315 422 316
f 316 422 424
f 316 424 317
f 317 424 327
f 317 327 326
f 319 425 320
f 319 339 425
f 320 425 321
f 321 425 426
f 321 426 427
f 321 427 322
f 322 427 323
f 323 425 428
f 323 428 324
f 323 427 425
f 324 428 429
f 324 429 430
f 324 430 431
f 324 431 432
f 324 432 344
f 324 344 325
f 327 433 434
f 327 434 328
f 327 424 422
f 327 422 433
f 328 434 435
f 328 435 329
f 329 436 330
f 329 435 437
f 329 437 438
f 329 438 439
f 329 439 436
f 330 436 331
f 331 436 332
f 332 338 337
f 332 436 440
f 332 440 441
f 332 441 338
f 338 442 339
f 338 441 443
f 338 443 444
f 338 444 445
f 338 445 442
f 339 446 425
f 339 442 446
f 340 347 341
f 341 347 447
f 341 447 448
f 341 448 449
f 341 449 450
f 341 450 451
f 341 451 452
f 341 452 453
f 341 453 454
f 341 454 455
f 341 455 361
f 343 456 346
f 343 346 345
f 343 344 456
f 344 432 457
f 344 457 458
f 344 458 456
f 346 456 459
f 346 459 347
f 347 459 460
f 347 460 447
f 348 357 461
f 348 461 462
f 348 462 355
f 348 355 349
f 350 355 351
f 351 463 464
f 351 464 465
f 351 465 466
f 351 466 352
f 351 355 462
f 351 462 463
f 352 466 467
f 352 467 353
f 353 467 354
f 354 467 468
f 354 468 358
f 356 362 469
f 356 469 470
f 356 470 357
f 357 470 471
f 357 471 461
f 358 468 359
f 359 468 472
f 359 472 363
f 361 455 362
f 362 455 469
f 363 472 473
f 363 473 474
f 363 474 475
f 363 475 364
f 364 475 476
f 364 476 365
f 365 476 371
f 366 373 477
f 366 477 367
f 367 477 478
f 367 478 479
f 367 479 480
f 367 480 368
f 368 480 369
f 369 375 374
f 369 480 479
f 369 479 375
f 371 481 482
f 371 482 483
f 371 483 484
f 371 484 372
f 371 476 481
f 372 485 486
f 372 486 373
f 372 484 487
f 372 487 488
f 372 488 485
f 373 486 489
f 373 489 490
f 373 490 491
f 373 491 492
f 373 492 477
f 375 479 376
f 376 493 400
f 376 400 399
f 376 479 491
f 376 491 494
f 376 494 495
f 376 495 496
f 376 496 493
f 378 497 379
f 378 396 497
f 379 498 499
f 379 499 500
f 379 500 501
f 379 501 380
f 379 497 502
f 379 502 503
f 379 503 504
f 379 504 498
f 380 501 505
f 380 505 506
f 380 506 507
f 380 507 508
f 380 508 381
f 381 508 509
f 381 509 510
f 381 510 511
f 381 511 404
f 382 398 383
f 383 398 512
f 383 512 513
f 383 513 384
f 384 513 514
f 384 514 515
f 385 515 386
f 386 515 516
f 386 516 517
f 386 517 518
f 386 518 387
f 387 389 388
f 387 518 519
f 387 519 520
f 387 520 521
f 387 521 522
f 387 522 523
f 387 523 389
f 390 523 391
f 391 523 524
f 391 524 525
f 391 525 526
f 391 526 527
f 391 527 392
f 392 527 528
f 392 528 393
f 393 528 529
f 393 529 530
f 393 530 396
f 393 396 395
f 396 530 502
f 396 502 497
f 397 403 531
f 397 531 398
f 398 531 532
f 398 532 512
f 400 533 401
f 400 493 533
f 401 533 402
f 402 534 532
f 402 532 531
f 402 531 403
f 402 533 535
f 402 535 534
f 404 511 406
f 404 406 405
f 406 511 510
f 406 510 407
f 407 509 536
f 407 536 537
f 407 537 408
f 407 510 509
f 408 537 538
f 408 538 409
f 409 538 539
f 409 539 540
f 409 540 411
f 411 540 541
f 411 541 412
f 412 542 543
f 412 543 413
f 412 541 540
f 412 540 542
f 413 543 544
f 413 544 545
f 413 545 546
f 413 546 415
f 415 546 547
f 415 547 417
f 415 417 416
f 417 547 418
f 418 547 548
f 418 548 419
f 419 548 549
f 419 549 550
f 419 550 420
f 420 550 551
f 420 551 552
f 420 552 423
f 422 423 552
f 422 552 553
f 422 553 433
f 425 554 428
f 425 427 426
f 425 446 554
f 428 554 555
f 428 555 429
f 429 555 556
f 429 556 430
f 430 557 558
f 430 558 431
f 430 556 445
f 430 445 559
f 430 559 560
f 430 560 561
f 430 561 557
f 431 457 432
f 431 558 562
f 431 562 457
f 433 553 551
f 433 551 563
f 433 563 434
f 434 563 689
f 434 689 564
f 434 564 435
f 435 564 565
f 435 565 437
f 436 439 566
f 436 566 443
f 436 443 441
f 436 441 440
f 437 565 567
f 437 567 568
f 437 568 438
f 438 568 569
f 438 569 570
f 438 570 571
f 438 571 572
f 438 572 439
f 439 572 573
f 439 573 574
f 439 574 566
f 442 445 446
f 443 566 574
f 443 574 575
f 443 575 576
f 443 576 444
f 444 576 445
f 445 556 577
f 445 577 446
f 445 576 575
f 445 575 578
f 445 578 559
f 446 577 554
f 447 460 448
f 448 579 580
f 448 580 449
f 448 460 581
f 448 581 579
f 449 580 450
f 450 582 583
f 450 583 584
f 450 584 585
f 450 585 451
f 450 580 579
f 450 579 581
f 450 581 582
f 451 585 452
f 452 585 453
f 453 585 454
f 454 585 471
f 454 471 470
f 454 470 455
f 455 470 469
f 456 586 459
f 456 458 586
f 457 587 458
f 457 562 588
f 457 588 589
f 457 589 587
f 458 587 590
f 458 590 586
f 459 586 591
f 459 591 592
f 459 592 460
f 460 592 593
f 460 593 594
f 460 594 581
f 461 471 595
f 461 595 596
f 461 596 597
f 461 597 462
f 462 597 463
f 463 598 599
f 463 599 600
f 463 600 464
f 463 597 598
f 464 600 601
f 464 601 602
f 464 602 465
f 465 602 603
f 465 603 604
f 465 604 605
f 465 605 473
f 465 473 466
f 466 473 472
f 466 472 467
f 467 472 468
f 471 585 584
f 471 584 595
f 473 605 474
f 474 605 606
f 474 606 607
f 474 607 608
f 474 608 475
f 475 608 609
f 475 609 476
f 476 609 481
f 477 492 478
f 478 492 479
f 479 492 491
f 481 610 482
f 481 609 611
f 481 611 612
f 481 612 613
f 481 613 614
f 481 614 610
f 482 610 615
f 482 615 483
f 483 615 616
f 483 616 617
f 483 617 618
f 483 618 484
f 484 618 487
f 485 488 619
f 485 619 486
f 486 619 620
f 486 620 489
f 487 618 621
f 487 621 488
f 488 622 619
f 488 621 623
f 488 623 624
f 488 624 625
f 488 625 622
f 489 626 627
f 489 627 628
f 489 628 629
f 489 629 490
f 489 620 630
f 489 630 626
f 490 629 491
f 491 629 494
f 493 535 533
f 493 496 634
f 493 634 631
f 493 631 535
f 494 629 632
f 494 632 633
f 494 633 495
f 495 633 634
f 495 634 496
f 498 635 499
f 498 504 635
f 499 635 636
f 499 636 500
f 500 636 637
f 500 637 638
f 500 638 501
f 501 638 639
f 501 639 505
f 502 530 529
f 502 529 528
f 502 528 503
f 503 528 504
f 504 528 640
f 504 640 641
f 504 641 642
f 504 642 643
f 504 643 635
f 505 644 506
f 505 639 644
f 506 645 646
f 506 646 507
f 506 644 647
f 506 647 645
f 507 646 508
f 508 646 648
f 508 648 649
f 508 649 650
f 508 650 509
f 509 650 536
f 512 532 513
f 513 532 514
f 514 532 651
f 514 651 652
f 514 652 653
f 514 653 654
f 514 654 516
f 514 516 515
f 516 654 517
f 517 654 518
f 518 654 519
f 519 654 655
f 519 655 656
f 519 656 657
f 519 657 520
f 520 657 656
f 520 656 658
f 520 658 522
f 520 522 521
f 522 658 525
f 522 525 523
f 523 525 524
f 525 659 660
f 525 660 661
f 525 661 526
f 525 658 659
f 526 661 662
f 526 662 527
f 527 662 801
f 527 801 663
f 527 663 640
f 527 640 528
f 532 652 651
f 532 534 664
f 532 664 654
f 532 654 652
f 534 535 665
f 534 665 666
f 534 666 667
f 534 667 668
f 534 668 669
f 534 669 654
f 534 654 664
f 535 631 670
f 535 670 665
f 536 650 671
f 536 671 672
f 536 672 673
f 536 673 537
f 537 673 538
f 538 673 674
f 538 674 675
f 538 675 539
f 539 675 542
f 539 542 540
f 542 675 676
f 542 676 543
f 543 676 675
f 543 675 677
f 543 677 678
f 543 678 679
f 543 679 680
f 543 680 544
f 544 680 679
f 544 679 681
f 544 681 682
f 544 682 683
f 544 683 545
f 545 683 684
f 545 684 546
f 546 684 685
f 546 685 549
f 546 549 547
f 547 549 548
f 549 685 686
f 549 686 550
f 550 686 687
f 550 687 688
f 550 688 551
f 551 553 552
f 551 688 689
f 551 689 563
f 554 577 555
f 555 577 556
f 557 690 558
f 557 561 690
f 558 690 562
f 559 578 691
f 559 691 560
f 560 691 692
f 560 692 693
f 560 693 561
f 561 693 690
f 562 690 694
f 562 694 695
f 562 695 696
f 562 696 588
f 564 689 565
f 565 689 567
f 567 689 697
f 567 697 698
f 567 698 568
f 568 699 700
f 568 700 569
f 568 698 699
f 569 701 570
f 569 700 702
f 569 702 703
f 569 703 704
f 569 704 701
f 570 705 706
f 570 706 571
f 570 701 705
f 571 706 575
f 571 575 574
f 571 574 707
f 571 707 572
f 572 707 573
f 573 707 574
f 575 706 708
f 575 708 578
f 578 708 691
f 581 594 582
f 582 709 710
f 582 710 711
f 582 711 712
f 582 712 713
f 582 713 714
f 582 714 596
f 582 596 583
f 582 594 715
f 582 715 716
f 582 716 709
f 583 596 595
f 583 595 584
f 586 590 717
f 586 717 591
f 587 589 718
f 587 718 719
f 587 719 720
f 587 720 721
f 587 721 722
f 587 722 717
f 587 717 590
f 588 696 723
f 588 723 589
f 589 723 718
f 591 717 722
f 591 722 724
f 591 724 592
f 592 724 593
f 593 724 725
f 593 725 594
f 594 725 715
f 596 726 597
f 596 714 726
f 597 727 728
f 597 728 729
f 597 729 730
f 597 730 598
f 597 726 727
f 598 731 601
f 598 601 599
f 598 730 729
f 598 729 732
f 598 732 731
f 599 601 600
f 601 731 733
f 601 733 734
f 601 734 735
f 601 735 602
f 602 735 736
f 602 736 603
f 603 736 604
f 604 736 737
f 604 737 738
f 604 738 605
f 605 738 739
f 605 739 606
f 606 739 740
f 606 740 607
f 607 740 611
f 607 611 608
f 608 611 609
f 610 614 616
f 610 616 615
f 611 740 612
f 612 741 742
f 612 742 743
f 612 743 744
f 612 744 745
f 612 745 746
f 612 746 613
f 612 740 735
f 612 735 741
f 613 746 614
f 614 746 747
f 614 747 616
f 616 747 748
f 616 748 749
f 616 749 750
f 616 750 751
f 616 751 752
f 616 752 617
f 617 752 753
f 617 753 618
f 618 753 754
f 618 754 755
f 618 755 623
f 618 623 621
f 619 622 620
f 620 756 630
f 620 622 756
f 622 625 757
f 622 757 756
f 623 755 758
f 623 758 759
f 623 759 760
f 623 760 761
f 623 761 762
f 623 762 763
f 623 763 624
f 624 763 625
f 625 763 764
f 625 764 765
f 625 765 766
f 625 766 767
f 625 767 757
f 626 630 627
f 627 630 768
f 627 768 628
f 628 768 632
f 628 632 629
f 630 769 768
f 630 756 770
f 630 770 771
f 630 771 769
f 631 634 670
f 632 768 633
f 633 768 772
f 633 772 773
f 633 773 774
f 633 774 775
f 633 775 776
f 633 776 670
f 633 670 634
f 635 643 778
f 635 778 636
f 636 777 637
f 636 778 777
f 637 777 779
f 637 779 638
f 638 779 639
f 639 779 780
f 639 780 644
f 640 663 641
f 641 781 782
f 641 782 783
f 641 783 777
f 641 777 778
f 641 778 643
f 641 643 642
f 641 663 781
f 644 780 789
f 644 789 647
f 645 647 784
f 645 784 785
f 645 785 646
f 646 785 786
f 646 786 787
f 646 787 788
f 646 788 648
f 647 789 784
f 648 788 649
f 649 790 650
f 649 788 790
f 650 790 671
f 652 654 653
f 654 669 668
f 654 668 655
f 655 791 656
f 655 668 791
f 656 791 792
f 656 792 793
f 656 793 794
f 656 794 795
f 656 795 658
f 658 795 796
f 658 796 659
f 659 796 797
f 659 797 660
f 660 797 798
f 660 798 799
f 660 799 662
f 660 662 661
f 662 799 800
f 662 800 801
f 663 801 781
f 665 802 666
f 665 670 803
f 665 803 802
f 666 802 804
f 666 804 805
f 666 805 806
f 666 806 667
f 667 807 791
f 667 791 668
f 667 806 808
f 667 808 807
f 670 776 803
f 671 790 809
f 671 809 672
f 672 809 673
f 673 809 810
f 673 810 811
f 673 811 674
f 674 811 812
f 674 812 677
f 674 677 675
f 677 812 678
f 678 812 813
f 678 813 814
f 678 814 815
f 678 815 679
f 679 815 681
f 681 815 816
f 681 816 817
f 681 817 682
f 682 817 683
f 683 818 684
f 683 817 819
f 683 819 818
f 684 818 685
f 685 818 820
f 685 820 821
f 685 821 686
f 686 821 687
f 687 821 822
f 687 822 823
f 687 823 824
f 687 824 688
f 688 824 698
f 688 698 697
f 688 697 689
f 690 825 694
f 690 693 825
f 691 708 826
f 691 826 827
f 691 827 692
f 692 828 693
f 692 827 829
f 692 829 828
f 693 828 825
f 694 825 830
f 694 830 695
f 695 830 831
f 695 831 696
f 696 831 832
f 696 832 723
f 698 824 833
f 698 833 699
f 699 834 835
f 699 835 700
f 699 833 834
f 700 835 836
f 700 836 837
f 700 837 702
f 701 838 705
f 701 704 703
f 701 703 838
f 702 837 839
f 702 839 840
f 702 840 703
f 703 840 841
f 703 841 842
f 703 842 838
f 705 838 708
f 705 708 706
f 708 838 826
f 709 843 844
f 709 844 710
f 709 716 845
f 709 845 846
f 709 846 843
f 710 844 847
f 710 847 848
f 710 848 849
f 710 849 711
f 711 726 714
f 711 714 712
f 711 849 850
f 711 850 726
f 712 714 713
f 715 725 851
f 715 851 716
f 716 851 845
f 718 852 853
f 718 853 720
f 718 720 719
f 718 723 832
f 718 832 854
f 718 854 855
f 718 855 852
f 720 853 856
f 720 856 724
f 720 724 722
f 720 722 721
f 724 857 725
f 724 856 857
f 725 857 858
f 725 858 845
f 725 845 851
f 726 850 727
f 727 850 728
f 728 859 860
f 728 860 729
f 728 850 859
f 729 860 732
f 731 732 733
f 732 860 859
f 732 859 861
f 732 861 862
f 732 862 863
f 732 863 733
f 733 863 734
f 734 863 735
f 735 863 864
f 735 864 865
f 735 865 866
f 735 866 867
f 735 867 741
f 735 740 868
f 735 868 736
f 736 868 737
f 737 868 738
f 738 868 740
f 738 740 739
f 741 867 742
f 742 869 743
f 742 867 870
f 742 870 869
f 743 869 744
f 744 871 746
f 744 746 745
f 744 869 872
f 744 872 749
f 744 749 871
f 746 871 749
f 746 749 748
f 746 748 747
f 749 872 873
f 749 873 750
f 750 873 751
f 751 873 870
f 751 870 874
f 751 874 875
f 751 875 752
f 752 875 876
f 752 876 877
f 752 877 878
f 752 878 879
f 752 879 753
f 753 879 758
f 753 758 755
f 753 755 754
f 756 757 880
f 756 880 881
f 756 881 882
f 756 882 883
f 756 883 884
f 756 884 885
f 756 885 770
f 757 886 880
f 757 767 886
f 758 760 759
f 758 879 878
f 758 878 887
f 758 887 888
f 758 888 760
f 760 889 890
f 760 890 761
f 760 888 891
f 760 891 889
f 761 890 892
f 761 892 764
f 761 764 762
f 762 764 763
f 764 892 765
f 765 892 766
f 766 892 767
f 767 892 893
f 767 893 894
f 767 894 886
f 768 769 895
f 768 895 772
f 769 771 895
f 770 885 771
f 771 896 895
f 771 885 897
f 771 897 898
f 771 898 899
f 771 899 900
f 771 900 896
f 772 895 896
f 772 896 773
f 773 896 774
f 774 896 900
f 774 900 901
f 774 901 775
f 775 901 899
f 775 899 902
f 775 902 903
f 775 903 776
f 776 904 803
f 776 903 904
f 777 783 905
f 777 905 789
f 777 789 779
f 779 789 780
f 781 801 906
f 781 906 782
f 782 906 907
f 782 907 908
f 782 908 909
f 782 909 910
f 782 910 783
f 783 910 905
f 784 789 910
f 784 910 1042
f 784 1042 911
f 784 911 912
f 784 912 913
f 784 913 914
f 784 914 915
f 784 915 786
f 784 786 785
f 786 915 916
f 786 916 917
f 786 917 788
f 786 788 787
f 788 917 918
f 788 918 790
f 789 905 910
f 790 918 919
f 790 919 920
f 790 920 809
f 791 807 921
f 791 921 922
f 791 922 792
f 792 922 923
f 792 923 924
f 792 924 925
f 792 925 793
f 793 925 926
f 793 926 794
f 794 926 925
f 794 925 927
f 794 927 928
f 794 928 796
f 794 796 795
f 796 928 797
f 797 929 930
f 797 930 931
f 797 931 798
f 797 928 929
f 798 931 932
f 798 932 933
f 798 933 934
f 798 934 935
f 798 935 800
f 798 800 799
f 800 935 936
f 800 936 908
f 800 908 937
f 800 937 906
f 800 906 801
f 802 803 904
f 802 904 938
f 802 938 939
f 802 939 940
f 802 940 941
f 802 941 942
f 802 942 804
f 804 942 941
f 804 941 943
f 804 943 805
f 805 943 806
f 806 943 808
f 807 944 945
f 807 945 946
f 807 946 947
f 807 947 921
f 807 808 943
f 807 943 944
f 809 920 948
f 809 948 811
f 809 811 810
f 811 948 812
f 812 949 950
f 812 950 813
f 812 948 949
f 813 950 951
f 813 951 814
f 814 951 952
f 814 952 953
f 814 953 815
f 815 953 954
f 815 954 955
f 815 955 816
f 816 955 956
f 816 956 817
f 817 956 819
f 818 819 820
f 819 956 957
f 819 957 958
f 819 958 820
f 820 958 822
f 820 822 821
f 822 958 957
f 822 957 959
f 822 959 833
f 822 833 823
f 823 833 824
f 825 960 830
f 825 828 960
f 826 838 827
f 827 838 961
f 827 961 829
f 828 829 962
f 828 962 960
f 829 961 962
f 830 960 831
f 831 854 832
f 831 960 854
f 833 959 834
f 834 959 835
f 835 959 957
f 835 957 836
f 836 963 964
f 836 964 965
f 836 965 839
f 836 839 837
f 836 957 963
f 838 842 966
f 838 966 967
f 838 967 961
f 839 965 968
f 839 968 840
f 840 968 969
f 840 969 970
f 840 970 841
f 841 970 966
f 841 966 842
f 843 971 844
f 843 846 971
f 844 971 847
f 845 858 846
f 846 858 971
f 847 971 848
f 848 971 972
f 848 972 973
f 848 973 974
f 848 974 849
f 849 974 850
f 850 974 975
f 850 975 859
f 852 855 853
f 853 855 976
f 853 976 856
f 854 960 977
f 854 977 978
f 854 978 979
f 854 979 855
f 855 979 976
f 856 976 980
f 856 980 981
f 856 981 982
f 856 982 857
f 857 982 983
f 857 983 858
f 858 983 984
f 858 984 985
f 858 985 986
f 858 986 972
f 858 972 971
f 859 987 861
f 859 975 988
f 859 988 987
f 861 989 990
f 861 990 991
f 861 991 862
f 861 987 989
f 862 991 992
f 862 992 863
f 863 992 993
f 863 993 864
f 864 866 865
f 864 993 994
f 864 994 866
f 866 874 870
f 866 870 867
f 866 994 875
f 866 875 874
f 869 870 995
f 869 995 872
f 870 873 872
f 870 872 995
f 875 994 996
f 875 996 997
f 875 997 998
f 875 998 876
f 876 999 1000
f 876 1000 877
f 876 998 1001
f 876 1001 1002
f 876 1002 1003
f 876 1003 999
f 877 1000 1004
f 877 1004 1005
f 877 1005 878
f 878 1005 1006
f 878 1006 887
f 880 886 894
f 880 894 1007
f 880 1007 1008
f 880 1008 1009
f 880 1009 881
f 881 1009 1010
f 881 1010 882
f 882 1010 1011
f 882 1011 883
f 883 1011 884
f 884 1011 1012
f 884 1012 1013
f 884 1013 1014
f 884 1014 1015
f 884 1015 885
f 885 1015 897
f 887 1016 1017
f 887 1017 888
f 887 1006 1005
f 887 1005 1016
f 888 1017 1018
f 888 1018 891
f 889 892 890
f 889 891 892
f 891 1018 892
f 892 1018 1019
f 892 1019 1020
f 892 1020 1021
f 892 1021 1022
f 892 1022 1023
f 892 1023 1024
f 892 1024 1025
f 892 1025 893
f 893 1025 1134
f 893 1134 1026
f 893 1026 1007
f 893 1007 894
f 897 1015 898
f 898 1015 899
f 899 1027 903
f 899 903 902
f 899 901 900
f 899 1015 1028
f 899 1028 1029
f 899 1029 1027
f 903 1027 1030
f 903 1030 1031
f 903 1031 1032
f 903 1032 938
f 903 938 904
f 906 937 907
f 907 937 908
f 908 936 1033
f 908 1033 909
f 909 1034 1035
f 909 1035 910
f 909 1033 1036
f 909 1036 1037
f 909 1037 1034
f 910 1038 1039
f 910 1039 1040
f 910 1040 1041
f 910 1041 1042
f 910 1035 1034
f 910 1034 1043
f 910 1043 1044
f 910 1044 1045
f 910 1045 1046
f 910 1046 1047
f 910 1047 1038
f 911 1042 1048
f 911 1048 1049
f 911 1049 912
f 912 1049 913
f 913 1049 914
f 914 1049 1050
f 914 1050 1051
f 914 1051 916
f 914 916 915
f 916 1051 1052
f 916 1052 1053
f 916 1053 1054
f 916 1054 919
f 916 919 1055
f 916 1055 918
f 916 918 917
f 918 1055 919
f 919 1056 1057
f 919 1057 920
f 919 1054 1056
f 920 1057 949
f 920 949 948
f 921 947 922
f 922 947 1058
f 922 1058 1059
f 922 1059 1060
f 922 1060 923
f 923 1060 1061
f 923 1061 924
f 924 1062 1063
f 924 1063 925
f 924 1061 1064
f 924 1064 1065
f 924 1065 1062
f 925 1063 1066
f 925 1066 1067
f 925 1067 1068
f 925 1068 927
f 927 1068 928
f 928 1068 1069
f 928 1069 929
f 929 1069 1068
f 929 1068 1070
f 929 1070 932
f 929 932 1071
f 929 1071 930
f 930 1071 931
f 931 1071 932
f 932 1070 1072
f 932 1072 1073
f 932 1073 1074
f 932 1074 1036
f 932 1036 1033
f 932 1033 936
f 932 936 935
f 932 935 934
f 932 934 933
f 938 1032 939
f 939 1032 1075
f 939 1075 943
f 939 943 941
f 939 941 940
f 943 1075 944
f 944 1076 945
f 944 1075 1076
f 945 1076 1077
f 945 1077 1078
f 945 1078 946
f 946 1078 1059
f 946 1059 1058
f 946 1058 947
f 949 1057 1079
f 949 1079 1080
f 949 1080 950
f 950 1080 951
f 951 1080 1081
f 951 1081 952
f 952 1081 1082
f 952 1082 1083
f 952 1083 953
f 953 1083 954
f 954 1083 955
f 955 957 956
f 955 1083 1084
f 955 1084 963
f 955 963 957
f 960 962 977
f 961 967 1085
f 961 1085 1086
f 961 1086 962
f 962 1086 1087
f 962 1087 1088
f 962 1088 1089
f 962 1089 1090
f 962 1090 1091
f 962 1091 977
f 963 1084 964
f 964 969 968
f 964 968 965
f 964 1084 969
f 966 970 1092
f 966 1092 1093
f 966 1093 967
f 967 1093 1085
f 969 1094 1095
f 969 1095 970
f 969 1084 1094
f 970 1095 1096
f 970 1096 1092
f 972 986 1097
f 972 1097 973
f 973 1097 975
f 973 975 974
f 975 1097 988
f 976 979 1098
f 976 1098 1099
f 976 1099 1100
f 976 1100 980
f 977 1091 978
f 978 1091 1101
f 978 1101 979
f 979 1101 1102
f 979 1102 1103
f 979 1103 1104
f 979 1104 1098
f 980 1100 981
f 981 1100 982
f 982 1100 1105
f 982 1105 1106
f 982 1106 1107
f 982 1107 983
f 983 1107 1108
f 983 1108 984
f 984 1108 1109
f 984 1109 985
f 985 1109 1110
f 985 1110 1111
f 985 1111 986
f 986 1111 1110
f 986 1110 1112
f 986 1112 988
f 986 988 1097
f 987 988 989
f 988 1113 1114
f 988 1114 1115
f 988 1115 1116
f 988 1116 1117
f 988 1117 1118
f 988 1118 1119
f 988 1119 989
f 988 1112 1120
f 988 1120 1113
f 989 1119 1118
f 989 1118 1117
f 989 1117 990
f 990 1117 1121
f 990 1121 1122
f 990 1122 1123
f 990 1123 991
f 991 1123 1124
f 991 1124 992
f 992 1124 1125
f 992 1125 993
f 993 1125 996
f 993 996 994
f 996 1125 1126
f 996 1126 998
f 996 998 997
f 998 1126 1127
f 998 1127 1002
f 998 1002 1001
f 999 1003 1128
f 999 1128 1129
f 999 1129 1000
f 1000 1130 1016
f 1000 1016 1004
f 1000 1129 1131
f 1000 1131 1130
f 1002 1132 1133
f 1002 1133 1003
f 1002 1127 1132
f 1003 1133 1128
f 1004 1016 1005
f 1007 1026 1008
f 1008 1026 1134
f 1008 1134 1135
f 1008 1135 1136
f 1008 1136 1137
f 1008 1137 1009
f 1009 1138 1010
f 1009 1137 1138
f 1010 1138 1011
f 1011 1013 1012
f 1011 1138 1139
f 1011 1139 1140
f 1011 1140 1141
f 1011 1141 1142
f 1011 1142 1013
f 1013 1143 1144
f 1013 1144 1014
f 1013 1142 1145
f 1013 1145 1146
f 1013 1146 1143
f 1014 1144 1147
f 1014 1147 1015
f 1015 1147 1029
f 1015 1029 1028
f 1016 1130 1148
f 1016 1148 1149
f 1016 1149 1017
f 1017 1150 1151
f 1017 1151 1018
f 1017 1149 1152
f 1017 1152 1153
f 1017 1153 1154
f 1017 1154 1155
f 1017 1155 1150
f 1018 1151 1019
f 1019 1151 1156
f 1019 1156 1157
f 1019 1157 1158
f 1019 1158 1020
f 1020 1158 1021
f 1021 1158 1159
f 1021 1159 1160
f 1021 1160 1022
f 1022 1160 1161
f 1022 1161 1162
f 1022 1162 1163
f 1022 1163 1023
f 1023 1163 1024
f 1024 1163 1025
f 1025 1163 1164
f 1025 1164 1165
f 1025 1165 1134
f 1027 1029 1166
f 1027 1166 1167
f 1027 1167 1030
f 1029 1147 1168
f 1029 1168 1169
f 1029 1169 1170
f 1029 1170 1166
f 1030 1167 1031
f 1031 1171 1032
f 1031 1167 1076
f 1031 1076 1171
f 1032 1171 1075
f 1034 1037 1074
f 1034 1074 1043
f 1036 1074 1037
f 1038 1172 1173
f 1038 1173 1174
f 1038 1174 1039
f 1038 1047 1172
f 1039 1174 1040
f 1040 1175 1041
f 1040 1174 1176
f 1040 1176 1175
f 1041 1175 1177
f 1041 1177 1042
f 1042 1177 1048
f 1043 1074 1044
f 1044 1074 1045
f 1045 1074 1046
f 1046 1074 1073
f 1046 1073 1178
f 1046 1178 1047
f 1047 1178 1179
f 1047 1179 1172
f 1048 1177 1049
f 1049 1180 1181
f 1049 1181 1050
f 1049 1177 1180
f 1050 1182 1183
f 1050 1183 1184
f 1050 1184 1051
f 1050 1181 1182
f 1051 1185 1186
f 1051 1186 1187
f 1051 1187 1188
f 1051 1188 1189
f 1051 1189 1052
f 1051 1184 1185
f 1052 1189 1053
f 1053 1189 1190
f 1053 1190 1191
f 1053 1191 1054
f 1054 1191 1056
f 1056 1191 1192
f 1056 1192 1193
f 1056 1193 1194
f 1056 1194 1057
f 1057 1194 1195
f 1057 1195 1079
f 1059 1196 1064
f 1059 1064 1061
f 1059 1061 1060
f 1059 1078 1196
f 1062 1197 1198
f 1062 1198 1199
f 1062 1199 1200
f 1062 1200 1066
f 1062 1066 1063
f 1062 1065 1064
f 1062 1064 1196
f 1062 1196 1201
f 1062 1201 1202
f 1062 1202 1197
f 1066 1200 1203
f 1066 1203 1204
f 1066 1204 1067
f 1067 1204 1068
f 1068 1204 1070
f 1070 1205 1072
f 1070 1204 1206
f 1070 1206 1205
f 1072 1205 1073
f 1073 1207 1178
f 1073 1205 1207
f 1075 1171 1076
f 1076 1167 1208
f 1076 1208 1077
f 1077 1208 1209
f 1077 1209 1196
f 1077 1196 1078
f 1079 1195 1080
f 1080 1195 1081
f 1081 1195 1210
f 1081 1210 1082
f 1082 1210 1211
f 1082 1211 1212
f 1082 1212 1084
f 1082 1084 1213
f 1082 1213 1083
f 1083 1213 1084
f 1084 1212 1214
f 1084 1214 1094
f 1085 1215 1086
f 1085 1093 1216
f 1085 1216 1215
f 1086 1215 1087
f 1087 1215 1088
f 1088 1217 1089
f 1088 1215 1217
f 1089 1217 1218
f 1089 1218 1090
f 1090 1218 1091
f 1091 1218 1101
f 1092 1096 1219
f 1092 1219 1220
f 1092 1220 1093
f 1093 1220 1216
f 1094 1214 1211
f 1094 1211 1095
f 1095 1211 1221
f 1095 1221 1096
f 1096 1221 1222
f 1096 1222 1223
f 1096 1223 1219
f 1098 1104 1224
f 1098 1224 1106
f 1098 1106 1105
f 1098 1105 1100
f 1098 1100 1099
f 1101 1218 1217
f 1101 1217 1102
f 1102 1225 1226
f 1102 1226 1103
f 1102 1217 1227
f 1102 1227 1225
f 1103 1226 1228
f 1103 1228 1104
f 1104 1228 1229
f 1104 1229 1230
f 1104 1230 1224
f 1106 1224 1231
f 1106 1231 1232
f 1106 1232 1107
f 1107 1232 1233
f 1107 1233 1234
f 1107 1234 1235
f 1107 1235 1109
f 1107 1109 1236
f 1107 1236 1108
f 1108 1236 1109
f 1109 1235 1237
f 1109 1237 1238
f 1109 1238 1239
f 1109 1239 1240
f 1109 1240 1110
f 1110 1240 1238
f 1110 1238 1120
f 1110 1120 1112
f 1113 1241 1242
f 1113 1242 1243
f 1113 1243 1244
f 1113 1244 1115
f 1113 1115 1114
f 1113 1120 1245
f 1113 1245 1241
f 1115 1244 1116
f 1116 1133 1117
f 1116 1244 1133
f 1117 1133 1121
f 1120 1238 1245
f 1121 1133 1246
f 1121 1246 1247
f 1121 1247 1248
f 1121 1248 1249
f 1121 1249 1122
f 1122 1249 1123
f 1123 1249 1250
f 1123 1250 1251
f 1123 1251 1124
f 1124 1251 1252
f 1124 1252 1125
f 1125 1252 1253
f 1125 1253 1126
f 1126 1253 1127
f 1127 1253 1247
f 1127 1247 1132
f 1128 1133 1254
f 1128 1254 1255
f 1128 1255 1129
f 1129 1255 1131
f 1130 1131 1256
f 1130 1256 1148
f 1131 1255 1256
f 1132 1247 1246
f 1132 1246 1133
f 1133 1244 1243
f 1133 1243 1257
f 1133 1257 1258
f 1133 1258 1254
f 1134 1165 1135
f 1135 1165 1259
f 1135 1259 1260
f 1135 1260 1136
f 1136 1261 1140
f 1136 1140 1139
f 1136 1139 1138
f 1136 1138 1137
f 1136 1260 1262
f 1136 1262 1261
f 1140 1261 1141
f 1141 1261 1263
f 1141 1263 1264
f 1141 1264 1265
f 1141 1265 1266
f 1141 1266 1267
f 1141 1267 1268
f 1141 1268 1269
f 1141 1269 1142
f 1142 1269 1145
f 1143 1146 1270
f 1143 1270 1144
f 1144 1270 1271
f 1144 1271 1147
f 1145 1272 1273
f 1145 1273 1146
f 1145 1269 1274
f 1145 1274 1275
f 1145 1275 1276
f 1145 1276 1277
f 1145 1277 1272
f 1146 1273 1270
f 1147 1271 1278
f 1147 1278 1168
f 1148 1256 1279
f 1148 1279 1149
f 1149 1279 1152
f 1150 1155 1280
f 1150 1280 1281
f 1150 1281 1151
f 1151 1281 1156
f 1152 1279 1282
f 1152 1282 1283
f 1152 1283 1153
f 1153 1283 1284
f 1153 1284 1285
f 1153 1285 1154
f 1154 1285 1280
f 1154 1280 1155
f 1156 1281 1286
f 1156 1286 1157
f 1157 1287 1288
f 1157 1288 1159
f 1157 1159 1158
f 1157 1286 1289
f 1157 1289 1280
f 1157 1280 1290
f 1157 1290 1291
f 1157 1291 1287
f 1159 1288 1292
f 1159 1292 1160
f 1160 1292 1293
f 1160 1293 1161
f 1161 1293 1294
f 1161 1294 1163
f 1161 1163 1162
f 1163 1294 1259
f 1163 1259 1164
f 1164 1259 1165
f 1166 1170 1167
f 1167 1170 1169
f 1167 1169 1168
f 1167 1168 1295
f 1167 1295 1296
f 1167 1296 1208
f 1168 1278 1270
f 1168 1270 1297
f 1168 1297 1298
f 1168 1298 1299
f 1168 1299 1300
f 1168 1300 1301
f 1168 1301 1295
f 1172 1302 1303
f 1172 1303 1175
f 1172 1175 1176
f 1172 1176 1173
f 1172 1179 1302
f 1173 1176 1174
f 1175 1303 1177
f 1177 1304 1305
f 1177 1305 1180
f 1177 1303 1302
f 1177 1302 1306
f 1177 1306 1307
f 1177 1307 1308
f 1177 1308 1309
f 1177 1309 1304
f 1178 1207 1310
f 1178 1310 1179
f 1179 1310 1311
f 1179 1311 1302
f 1180 1312 1313
f 1180 1313 1314
f 1180 1314 1315
f 1180 1315 1181
f 1180 1305 1312
f 1181 1315 1316
f 1181 1316 1182
f 1182 1316 1183
f 1183 1317 1184
f 1183 1316 1317
f 1184 1317 1318
f 1184 1318 1319
f 1184 1319 1185
f 1185 1319 1320
f 1185 1320 1321
f 1185 1321 1322
f 1185 1322 1187
f 1185 1187 1186
f 1187 1322 1323
f 1187 1323 1324
f 1187 1324 1325
f 1187 1325 1326
f 1187 1326 1327
f 1187 1327 1328
f 1187 1328 1188
f 1188 1328 1329
f 1188 1329 1330
f 1188 1330 1189
f 1189 1330 1190
f 1190 1330 1329
f 1190 1329 1328
f 1190 1328 1327
f 1190 1327 1331
f 1190 1331 1332
f 1190 1332 1333
f 1190 1333 1334
f 1190 1334 1191
f 1191 1334 1193
f 1191 1193 1192
f 1193 1334 1335
f 1193 1335 1210
f 1193 1210 1195
f 1193 1195 1194
f 1196 1209 1336
f 1196 1336 1337
f 1196 1337 1201
f 1197 1202 1338
f 1197 1338 1339
f 1197 1339 1340
f 1197 1340 1198
f 1198 1340 1341
f 1198 1341 1342
f 1198 1342 1343
f 1198 1343 1200
f 1198 1200 1199
f 1200 1343 1344
f 1200 1344 1345
f 1200 1345 1346
f 1200 1346 1203
f 1201 1337 1202
f 1202 1337 1336
f 1202 1336 1347
f 1202 1347 1348
f 1202 1348 1349
f 1202 1349 1338
f 1203 1346 1204
f 1204 1346 1206
f 1205 1350 1351
f 1205 1351 1207
f 1205 1206 1345
f 1205 1345 1352
f 1205 1352 1350
f 1206 1346 1345
f 1207 1351 1310
f 1208 1296 1353
f 1208 1353 1354
f 1208 1354 1355
f 1208 1355 1209
f 1209 1355 1336
f 1210 1335 1356
f 1210 1356 1357
f 1210 1357 1358
f 1210 1358 1211
f 1211 1214 1212
f 1211 1358 1359
f 1211 1359 1360
f 1211 1360 1221
f 1215 1216 1220
f 1215 1220 1361
f 1215 1361 1217
f 1217 1361 1362
f 1217 1362 1227
f 1219 1223 1220
f 1220 1223 1363
f 1220 1363 1364
f 1220 1364 1361
f 1221 1360 1365
f 1221 1365 1366
f 1221 1366 1222
f 1222 1366 1223
f 1223 1366 1363
f 1224 1230 1229
f 1224 1229 1367
f 1224 1367 1231
f 1225 1227 1367
f 1225 1367 1229
f 1225 1229 1226
f 1226 1229 1228
f 1227 1362 1367
f 1231 1368 1369
f 1231 1369 1370
f 1231 1370 1232
f 1231 1367 1371
f 1231 1371 1372
f 1231 1372 1373
f 1231 1373 1374
f 1231 1374 1375
f 1231 1375 1376
f 1231 1376 1368
f 1232 1369 1377
f 1232 1377 1233
f 1232 1370 1369
f 1233 1377 1378
f 1233 1378 1379
f 1233 1379 1380
f 1233 1380 1381
f 1233 1381 1234
f 1234 1382 1383
f 1234 1383 1235
f 1234 1381 1382
f 1235 1383 1237
f 1237 1383 1238
f 1238 1384 1381
f 1238 1381 1385
f 1238 1385 1386
f 1238 1386 1387
f 1238 1387 1388
f 1238 1388 1389
f 1238 1389 1241
f 1238 1241 1245
f 1238 1240 1239
f 1238 1383 1384
f 1241 1389 1242
f 1242 1388 1258
f 1242 1258 1390
f 1242 1390 1243
f 1242 1389 1388
f 1243 1390 1257
f 1247 1253 1391
f 1247 1391 1248
f 1248 1392 1250
f 1248 1250 1249
f 1248 1391 1253
f 1248 1253 1252
f 1248 1252 1251
f 1248 1251 1392
f 1250 1392 1251
f 1254 1393 1255
f 1254 1258 1388
f 1254 1388 1394
f 1254 1394 1395
f 1254 1395 1393
f 1255 1393 1279
f 1255 1279 1256
f 1257 1390 1258
f 1259 1294 1260
f 1260 1294 1293
f 1260 1293 1292
f 1260 1292 1396
f 1260 1396 1397
f 1260 1397 1398
f 1260 1398 1399
f 1260 1399 1267
f 1260 1267 1400
f 1260 1400 1401
f 1260 1401 1262
f 1261 1262 1263
f 1262 1401 1264
f 1262 1264 1263
f 1264 1401 1400
f 1264 1400 1265
f 1265 1400 1266
f 1266 1400 1267
f 1267 1399 1402
f 1267 1402 1403
f 1267 1403 1404
f 1267 1404 1405
f 1267 1405 1406
f 1267 1406 1407
f 1267 1407 1408
f 1267 1408 1409
f 1267 1409 1410
f 1267 1410 1268
f 1268 1410 1269
f 1269 1410 1275
f 1269 1275 1274
f 1270 1273 1297
f 1270 1278 1271
f 1272 1277 1411
f 1272 1411 1273
f 1273 1412 1300
f 1273 1300 1298
f 1273 1298 1297
f 1273 1411 1413
f 1273 1413 1414
f 1273 1414 1415
f 1273 1415 1412
f 1275 1410 1277
f 1275 1277 1276
f 1277 1410 1416
f 1277 1416 1409
f 1277 1409 1417
f 1277 1417 1411
f 1279 1393 1282
f 1280 1285 1418
f 1280 1418 1419
f 1280 1419 1420
f 1280 1420 1290
f 1280 1289 1281
f 1281 1289 1286
f 1282 1284 1283
f 1282 1393 1421
f 1282 1421 1422
f 1282 1422 1284
f 1284 1422 1423
f 1284 1423 1285
f 1285 1423 1418
f 1287 1291 1424
f 1287 1424 1425
f 1287 1425 1426
f 1287 1426 1427
f 1287 1427 1397
f 1287 1397 1396
f 1287 1396 1288
f 1288 1396 1292
f 1290 1420 1291
f 1291 1420 1428
f 1291 1428 1429
f 1291 1429 1424
f 1295 1301 1430
f 1295 1430 1296
f 1296 1430 1431
f 1296 1431 1432
f 1296 1432 1433
f 1296 1433 1353
f 1298 1300 1299
f 1300 1412 1434
f 1300 1434 1301
f 1301 1434 1435
f 1301 1435 1430
f 1302 1311 1436
f 1302 1436 1306
f 1304 1437 1305
f 1304 1309 1438
f 1304 1438 1437
f 1305 1439 1312
f 1305 1437 1439
f 1306 1436 1440
f 1306 1440 1307
f 1307 1440 1441
f 1307 1441 1308
f 1308 1441 1310
f 1308 1310 1442
f 1308 1442 1443
f 1308 1443 1444
f 1308 1444 1309
f 1309 1444 1445
f 1309 1445 1446
f 1309 1446 1438
f 1310 1351 1350
f 1310 1350 1352
f 1310 1352 1447
f 1310 1447 1443
f 1310 1443 1442
f 1310 1441 1440
f 1310 1440 1436
f 1310 1436 1311
f 1312 1448 1449
f 1312 1449 1450
f 1312 1450 1313
f 1312 1439 1448
f 1313 1450 1451
f 1313 1451 1452
f 1313 1452 1314
f 1314 1452 1453
f 1314 1453 1315
f 1315 1453 1318
f 1315 1318 1316
f 1316 1318 1317
f 1318 1453 1319
f 1319 1453 1320
f 1320 1453 1452
f 1320 1452 1451
f 1320 1451 1321
f 1321 1451 1454
f 1321 1454 1555
f 1321 1555 1455
f 1321 1455 1322
f 1322 1456 1323
f 1322 1455 1456
f 1323 1457 1458
f 1323 1458 1459
f 1323 1459 1324
f 1323 1456 1457
f 1324 1459 1460
f 1324 1460 1325
f 1325 1460 1461
f 1325 1461 1326
f 1326 1461 1327
f 1327 1461 1331
f 1331 1461 1332
f 1332 1461 1460
f 1332 1460 1462
f 1332 1462 1463
f 1332 1463 1464
f 1332 1464 1357
f 1332 1357 1356
f 1332 1356 1333
f 1333 1356 1334
f 1334 1356 1335
f 1336 1355 1348
f 1336 1348 1347
f 1338 1349 1339
f 1339 1349 1465
f 1339 1465 1466
f 1339 1466 1467
f 1339 1467 1468
f 1339 1468 1340
f 1340 1468 1342
f 1340 1342 1341
f 1342 1469 1344
f 1342 1344 1343
f 1342 1468 1469
f 1344 1469 1345
f 1345 1469 1352
f 1348 1355 1349
f 1349 1355 1470
f 1349 1470 1471
f 1349 1471 1465
f 1352 1469 1472
f 1352 1472 1473
f 1352 1473 1474
f 1352 1474 1447
f 1353 1433 1475
f 1353 1475 1354
f 1354 1475 1476
f 1354 1476 1477
f 1354 1477 1471
f 1354 1471 1355
f 1355 1471 1470
f 1357 1462 1365
f 1357 1365 1359
f 1357 1359 1358
f 1357 1464 1462
f 1359 1365 1360
f 1361 1478 1479
f 1361 1479 1480
f 1361 1480 1362
f 1361 1364 1478
f 1362 1480 1367
f 1363 1481 1364
f 1363 1366 1460
f 1363 1460 1482
f 1363 1482 1481
f 1364 1481 1482
f 1364 1482 1478
f 1365 1462 1460
f 1365 1460 1366
f 1367 1480 1483
f 1367 1483 1371
f 1368 1484 1369
f 1368 1376 1456
f 1368 1456 1484
f 1369 1484 1485
f 1369 1485 1377
f 1371 1483 1486
f 1371 1486 1373
f 1371 1373 1372
f 1373 1486 1374
f 1374 1486 1487
f 1374 1487 1488
f 1374 1488 1375
f 1375 1488 1376
f 1376 1488 1457
f 1376 1457 1456
f 1377 1489 1490
f 1377 1490 1491
f 1377 1491 1378
f 1377 1485 1489
f 1378 1491 1379
f 1379 1491 1492
f 1379 1492 1380
f 1380 1493 1494
f 1380 1494 1495
f 1380 1495 1496
f 1380 1496 1381
f 1380 1492 1491
f 1380 1491 1493
f 1381 1496 1386
f 1381 1386 1385
f 1381 1384 1382
f 1382 1384 1383
f 1386 1496 1497
f 1386 1497 1498
f 1386 1498 1499
f 1386 1499 1387
f 1387 1499 1500
f 1387 1500 1388
f 1388 1500 1394
f 1393 1395 1421
f 1394 1500 1421
f 1394 1421 1395
f 1397 1427 1398
f 1398 1427 1501
f 1398 1501 1399
f 1399 1501 1502
f 1399 1502 1402
f 1402 1502 1503
f 1402 1503 1504
f 1402 1504 1505
f 1402 1505 1506
f 1402 1506 1403
f 1403 1506 1507
f 1403 1507 1404
f 1404 1507 1508
f 1404 1508 1509
f 1404 1509 1510
f 1404 1510 1405
f 1405 1510 1511
f 1405 1511 1406
f 1406 1511 1407
f 1407 1511 1512
f 1407 1512 1408
f 1408 1512 1417
f 1408 1417 1409
f 1409 1416 1410
f 1411 1417 1413
f 1412 1415 1434
f 1413 1417 1513
f 1413 1513 1414
f 1414 1514 1515
f 1414 1515 1415
f 1414 1513 1516
f 1414 1516 1517
f 1414 1517 1518
f 1414 1518 1519
f 1414 1519 1514
f 1415 1515 1434
f 1417 1512 1520
f 1417 1520 1521
f 1417 1521 1513
f 1418 1423 1522
f 1418 1522 1523
f 1418 1523 1598
f 1418 1598 1524
f 1418 1524 1525
f 1418 1525 1526
f 1418 1526 1419
f 1419 1526 1420
f 1420 1526 1527
f 1420 1527 1528
f 1420 1528 1529
f 1420 1529 1428
f 1421 1530 1422
f 1421 1500 1499
f 1421 1499 1531
f 1421 1531 1532
f 1421 1532 1530
f 1422 1530 1533
f 1422 1533 1534
f 1422 1534 1423
f 1423 1534 1522
f 1424 1535 1505
f 1424 1505 1425
f 1424 1429 1507
f 1424 1507 1535
f 1425 1505 1504
f 1425 1504 1426
f 1426 1504 1503
f 1426 1503 1427
f 1427 1503 1502
f 1427 1502 1501
f 1428 1529 1536
f 1428 1536 1429
f 1429 1536 1537
f 1429 1537 1507
f 1430 1435 1431
f 1431 1515 1538
f 1431 1538 1432
f 1431 1435 1539
f 1431 1539 1515
f 1432 1538 1515
f 1432 1515 1540
f 1432 1540 1541
f 1432 1541 1433
f 1433 1541 1476
f 1433 1476 1475
f 1434 1539 1435
f 1434 1515 1539
f 1437 1542 1439
f 1437 1438 1543
f 1437 1543 1544
f 1437 1544 1542
f 1438 1446 1545
f 1438 1545 1546
f 1438 1546 1543
f 1439 1547 1548
f 1439 1548 1448
f 1439 1542 1549
f 1439 1549 1550
f 1439 1550 1547
f 1443 1447 1474
f 1443 1474 1551
f 1443 1551 1444
f 1444 1551 1445
f 1445 1551 1552
f 1445 1552 1553
f 1445 1553 1545
f 1445 1545 1446
f 1448 1548 1449
f 1449 1548 1547
f 1449 1547 1554
f 1449 1554 1454
f 1449 1454 1451
f 1449 1451 1450
f 1454 1554 1555
f 1455 1555 1556
f 1455 1556 1485
f 1455 1485 1484
f 1455 1484 1456
f 1457 1488 1557
f 1457 1557 1558
f 1457 1558 1559
f 1457 1559 1458
f 1458 1559 1459
f 1459 1559 1478
f 1459 1478 1482
f 1459 1482 1460
f 1462 1464 1463
f 1465 1471 1466
f 1466 1471 1477
f 1466 1477 1541
f 1466 1541 1560
f 1466 1560 1561
f 1466 1561 1562
f 1466 1562 1563
f 1466 1563 1467
f 1467 1563 1564
f 1467 1564 1565
f 1467 1565 1468
f 1468 1565 1469
f 1469 1565 1566
f 1469 1566 1472
f 1472 1552 1473
f 1472 1566 1552
f 1473 1551 1474
f 1473 1552 1551
f 1476 1541 1477
f 1478 1559 1479
f 1479 1559 1558
f 1479 1558 1480
f 1480 1558 1483
f 1483 1557 1486
f 1483 1558 1557
f 1485 1556 1489
f 1486 1557 1488
f 1486 1488 1487
f 1489 1567 1490
f 1489 1556 1555
f 1489 1555 1567
f 1490 1568 1491
f 1490 1567 1569
f 1490 1569 1570
f 1490 1570 1571
f 1490 1571 1572
f 1490 1572 1573
f 1490 1573 1568
f 1491 1568 1573
f 1491 1573 1493
f 1493 1573 1574
f 1493 1574 1494
f 1494 1573 1575
f 1494 1575 1576
f 1494 1576 1498
f 1494 1498 1497
f 1494 1497 1577
f 1494 1577 1495
f 1494 1574 1573
f 1495 1577 1496
f 1496 1577 1497
f 1498 1576 1578
f 1498 1578 1579
f 1498 1579 1499
f 1499 1579 1531
f 1505 1535 1506
f 1506 1535 1507
f 1507 1537 1508
f 1508 1537 1580
f 1508 1580 1581
f 1508 1581 1582
f 1508 1582 1509
f 1509 1582 1510
f 1510 1582 1583
f 1510 1583 1511
f 1511 1584 1585
f 1511 1585 1512
f 1511 1583 1586
f 1511 1586 1584
f 1512 1587 1588
f 1512 1588 1521
f 1512 1521 1520
f 1512 1585 1587
f 1513 1521 1589
f 1513 1589 1584
f 1513 1584 1516
f 1514 1519 1560
f 1514 1560 1515
f 1515 1560 1540
f 1516 1584 1517
f 1517 1584 1590
f 1517 1590 1591
f 1517 1591 1518
f 1518 1591 1519
f 1519 1592 1560
f 1519 1591 1593
f 1519 1593 1592
f 1521 1588 1589
f 1522 1594 1523
f 1522 1534 1595
f 1522 1595 1578
f 1522 1578 1596
f 1522 1596 1597
f 1522 1597 1594
f 1523 1594 1598
f 1524 1598 1599
f 1524 1599 1525
f 1525 1599 1600
f 1525 1600 1601
f 1525 1601 1526
f 1526 1601 1602
f 1526 1602 1528
f 1526 1528 1527
f 1528 1602 1603
f 1528 1603 1536
f 1528 1536 1529
f 1530 1532 1533
f 1531 1579 1532
f 1532 1579 1578
f 1532 1578 1533
f 1533 1578 1595
f 1533 1595 1534
f 1536 1603 1604
f 1536 1604 1537
f 1537 1604 1605
f 1537 1605 1580
f 1540 1560 1541
f 1542 1544 1606
f 1542 1606 1549
f 1543 1546 1544
f 1544 1546 1606
f 1545 1553 1607
f 1545 1607 1608
f 1545 1608 1609
f 1545 1609 1610
f 1545 1610 1611
f 1545 1611 1546
f 1546 1611 1606
f 1547 1612 1613
f 1547 1613 1554
f 1547 1550 1612
f 1549 1606 1550
f 1550 1606 1614
f 1550 1614 1615
f 1550 1615 1616
f 1550 1616 1617
f 1550 1617 1618
f 1550 1618 1612
f 1552 1566 1619
f 1552 1619 1607
f 1552 1607 1553
f 1554 1613 1569
f 1554 1569 1555
f 1555 1569 1567
f 1560 1592 1561
f 1561 1620 1621
f 1561 1621 1562
f 1561 1592 1620
f 1562 1621 1622
f 1562 1622 1623
f 1562 1623 1563
f 1563 1623 1624
f 1563 1624 1625
f 1563 1625 1564
f 1564 1625 1566
f 1564 1566 1565
f 1566 1625 1619
f 1569 1613 1626
f 1569 1626 1570
f 1570 1626 1571
f 1571 1626 1627
f 1571 1627 1628
f 1571 1628 1629
f 1571 1629 1572
f 1572 1629 1573
f 1573 1629 1630
f 1573 1630 1631
f 1573 1631 1596
f 1573 1596 1578
f 1573 1578 1576
f 1573 1576 1575
f 1580 1605 1632
f 1580 1632 1581
f 1581 1632 1633
f 1581 1633 1582
f 1582 1633 1583
f 1583 1633 1632
f 1583 1632 1634
f 1583 1634 1635
f 1583 1635 1636
f 1583 1636 1586
f 1584 1586 1590
f 1584 1589 1585
f 1585 1589 1587
f 1586 1636 1637
f 1586 1637 1638
f 1586 1638 1639
f 1586 1639 1640
f 1586 1640 1641
f 1586 1641 1590
f 1587 1589 1588
f 1590 1641 1621
f 1590 1621 1620
f 1590 1620 1593
f 1590 1593 1591
f 1592 1593 1620
f 1594 1597 1598
f 1596 1631 1642
f 1596 1642 1598
f 1596 1598 1597
f 1598 1642 1599
f 1599 1642 1643
f 1599 1643 1644
f 1599 1644 1645
f 1599 1645 1603
f 1599 1603 1600
f 1600 1603 1601
f 1601 1603 1602
f 1603 1645 1604
f 1604 1645 1646
f 1604 1646 1647
f 1604 1647 1605
f 1605 1647 1634
f 1605 1634 1632
f 1606 1611 1614
f 1607 1619 1608
f 1608 1619 1648
f 1608 1648 1623
f 1608 1623 1609
f 1609 1623 1649
f 1609 1649 1650
f 1609 1650 1610
f 1610 1614 1611
f 1610 1650 1651
f 1610 1651 1614
f 1612 1618 1652
f 1612 1652 1653
f 1612 1653 1654
f 1612 1654 1613
f 1613 1654 1655
f 1613 1655 1627
f 1613 1627 1626
f 1614 1651 1615
f 1615 1651 1638
f 1615 1638 1656
f 1615 1656 1657
f 1615 1657 1658
f 1615 1658 1616
f 1616 1652 1617
f 1616 1658 1659
f 1616 1659 1652
f 1617 1652 1618
f 1619 1625 1648
f 1621 1641 1640
f 1621 1640 1622
f 1622 1640 1623
f 1623 1639 1649
f 1623 1648 1624
f 1623 1640 1639
f 1624 1648 1625
f 1627 1655 1660
f 1627 1660 1661
f 1627 1661 1643
f 1627 1643 1662
f 1627 1662 1628
f 1628 1630 1629
f 1628 1662 1630
f 1630 1663 1631
f 1630 1662 1663
f 1631 1664 1642
f 1631 1663 1665
f 1631 1665 1664
f 1634 1647 1666
f 1634 1666 1635
f 1635 1666 1667
f 1635 1667 1636
f 1636 1667 1637
f 1637 1667 1658
f 1637 1658 1657
f 1637 1657 1638
f 1638 1657 1656
f 1638 1651 1639
f 1639 1651 1650
f 1639 1650 1649
f 1642 1664 1643
f 1643 1664 1662
f 1643 1661 1644
f 1644 1661 1660
f 1644 1660 1668
f 1644 1668 1669
f 1644 1669 1646
f 1644 1646 1645
f 1646 1669 1647
f 1647 1669 1670
f 1647 1670 1666
f 1652 1659 1671
f 1652 1671 1654
f 1652 1654 1653
f 1654 1671 1660
f 1654 1660 1655
f 1658 1667 1672
f 1658 1672 1659
f 1659 1672 1666
f 1659 1666 1670
f 1659 1670 1668
f 1659 1668 1660
f 1659 1660 1671
f 1662 1664 1665
f 1662 1665 1663
f 1666 1672 1667
f 1668 1670 1669

