# https://github.com/mikedh/trimesh
v 0.04031669 -0.00770722 0.06755861
v 0.04022783 -0.00955655 0.06755861
v 0.04014704 -0.00955655 0.06570664
v 0.04018743 -0.00770722 0.06570664
v 0.04013089 -0.00585788 0.06755861
v 0.04012281 -0.00585788 0.06941058
v 0.04029245 -0.00770722 0.06941058
v 0.04022783 -0.00955655 0.06941058
v 0.04003395 -0.01141125 0.06755861
v 0.04000971 -0.01141125 0.06570664
v 0.03987238 -0.01135228 0.06388151
v 0.03998547 -0.00955655 0.06385467
v 0.03977543 -0.00770722 0.06118854
v 0.03983199 -0.00653329 0.06231583
v 0.03990469 -0.00622239 0.06385467
v 0.03996124 -0.00573995 0.06568875
v 0.03986430 -0.00453386 0.06755861
v 0.03971889 -0.00345106 0.06941058
v 0.03988046 -0.00437305 0.06941058
v 0.03983199 -0.00458211 0.07079733
v 0.03992893 -0.00574531 0.07135202
v 0.04016320 -0.00770722 0.07126256
v 0.03996124 -0.00955655 0.07495756
v 0.04008242 -0.00955655 0.07310558
v 0.04017936 -0.00955655 0.07126256
v 0.03979967 -0.01246725 0.07794576
v 0.03981583 -0.01260126 0.07680058
v 0.03953309 -0.01510992 0.07866150
v 0.04000971 -0.01141125 0.07126256
v 0.03986430 -0.01266558 0.06755861
v 0.03973504 -0.01372694 0.07310558
v 0.03973504 -0.01375374 0.07126256
v 0.03985622 -0.01253693 0.06570664
v 0.03982391 -0.01242972 0.06450778
v 0.03980775 -0.01069832 0.06266475
v 0.03962195 -0.00955655 0.06015072
v 0.03932305 -0.00770722 0.05644678
v 0.03950077 -0.00770722 0.05829875
v 0.03794972 -0.00657617 0.04241831
v 0.03765082 -0.00585788 0.03979692
v 0.03790125 -0.00533792 0.04297301
v 0.03794972 -0.00485549 0.04420766
v 0.03967042 -0.00361188 0.06755861
v 0.03935536 -0.00215921 0.06941058
v 0.03922610 -0.00215921 0.07126256
v 0.03966234 -0.00398174 0.07135202
v 0.03976736 -0.00505382 0.07203197
v 0.03978351 -0.00678523 0.07401815
v 0.03979967 -0.00852736 0.07601327
v 0.03983199 -0.00955655 0.07640692
v 0.03956540 -0.01141125 0.08051347
v 0.03949269 -0.01326059 0.08236544
v 0.03979967 -0.01189905 0.07794576
v 0.03945230 -0.01510992 0.08236544
v 0.03950077 -0.01510992 0.08051347
v 0.03925034 -0.01696462 0.08236544
v 0.03926650 -0.01696462 0.08051347
v 0.03954116 -0.01510992 0.07680058
v 0.03970273 -0.01370014 0.06941058
v 0.03924226 -0.01696462 0.07866150
v 0.03919379 -0.01696462 0.07680058
v 0.03888681 -0.01881395 0.08051347
v 0.03861215 -0.01881395 0.07680058
v 0.03895144 -0.01696462 0.07310558
v 0.03874948 -0.01696462 0.07126256
v 0.03908069 -0.01510992 0.06755861
v 0.03884642 -0.01510992 0.06570664
v 0.03944422 -0.01313194 0.06388151
v 0.03912916 -0.01326059 0.06200269
v 0.03885450 -0.01326059 0.06015072
v 0.03794164 -0.01234396 0.05178553
v 0.03796587 -0.01058575 0.04787581
v 0.03788509 -0.01025876 0.04664117
v 0.03811128 -0.00961016 0.04722270
v 0.03800627 -0.00894011 0.04534389
v 0.03794972 -0.00688708 0.04241831
v 0.03923418 -0.00955655 0.05644678
v 0.03877372 -0.01881395 0.07866150
v 0.03943614 -0.00955655 0.05829875
v 0.03895952 -0.00770722 0.05275178
v 0.03745693 -0.00585788 0.03795389
v 0.03666525 -0.00400319 0.03239798
v 0.03685105 -0.00400319 0.03425890
v 0.03735191 -0.00400319 0.03979692
v 0.03751348 -0.00400319 0.04164889
v 0.03895952 -0.00215921 0.06385467
v 0.03925034 -0.00215921 0.06755861
v 0.03795779 -0.00300079 0.04970989
v 0.03848289 -0.00215921 0.05829875
v 0.03856368 -0.00030987 0.06755861
v 0.03865254 -0.00030987 0.06941058
v 0.03840211 -0.00012226 0.07144149
v 0.03825670 -0.00053501 0.07310558
v 0.03887873 -0.00215921 0.07310558
v 0.03793356 -0.00493053 0.08329591
v 0.03836979 -0.00585788 0.08236544
v 0.03869293 -0.00585788 0.08051347
v 0.03899991 -0.00585788 0.07866150
v 0.03940383 -0.00400319 0.07310558
v 0.03912916 -0.00770722 0.08051347
v 0.03938767 -0.00770722 0.07866150
v 0.03963002 -0.00783051 0.07670217
v 0.03942806 -0.00955655 0.08051347
v 0.03939575 -0.01141125 0.08236544
v 0.03926650 -0.01326059 0.08421742
v 0.03931497 -0.01510992 0.08421742
v 0.03915340 -0.01696462 0.08421742
v 0.03889489 -0.01881395 0.08236544
v 0.03883026 -0.01881395 0.08421742
v 0.03838595 -0.02066329 0.08236544
v 0.03800627 -0.02169248 0.08236544
v 0.03794164 -0.02160672 0.08138130
v 0.03821630 -0.02023982 0.07866150
v 0.03809513 -0.01999324 0.07680058
v 0.03799819 -0.01983243 0.07553014
v 0.03849905 -0.01696462 0.06941058
v 0.03859599 -0.01510992 0.06385467
v 0.03821630 -0.01475614 0.06015072
v 0.03807089 -0.01444523 0.05829875
v 0.03797395 -0.01425762 0.05714462
v 0.03617247 -0.01063399 0.03656715
v 0.03678643 -0.00955655 0.03795389
v 0.03706109 -0.00955655 0.03979692
v 0.03672988 -0.00770722 0.03425890
v 0.03699646 -0.00770722 0.03610192
v 0.03725497 -0.00770722 0.03795389
v 0.03749733 -0.00770722 0.03979692
v 0.03793356 -0.00865065 0.04440448
v 0.03703686 -0.00585788 0.03425890
v 0.03724689 -0.00585788 0.03610192
v 0.03877372 -0.00770722 0.05089981
v 0.03672180 0.00154482 0.05089981
v 0.03679451 -0.00585788 0.03239798
v 0.03620478 -0.00439985 0.02869403
v 0.03636635 -0.00383165 0.03037602
v 0.03608360 -0.00309728 0.02965133
v 0.03615631 -0.00292039 0.03088598
v 0.03716611 -0.00215921 0.04350981
v 0.03733576 -0.00215921 0.04534389
v 0.03712572 -0.00030987 0.04903889
v 0.03799819 -0.00103889 0.05644678
v 0.03807897 -0.00078695 0.05829875
v 0.03778007 0.00013504 0.05829875
v 0.03784470 0.00035482 0.06015072
v 0.03789317 0.00050491 0.06166272
v 0.03793356 0.00062284 0.06288842
v 0.03809513 -0.00252372 0.05275178
v 0.03794972 -0.00118898 0.05537317
v 0.03796587 0.00068180 0.06385467
v 0.03801434 0.00077829 0.06570664
v 0.03808705 0.00088549 0.06941058
v 0.03804666 0.00079973 0.07094942
v 0.03805474 0.00084261 0.06755861
v 0.03793356 0.00061747 0.07218407
v 0.03794972 -0.00120506 0.07595064
v 0.03794972 -0.00304367 0.07967248
v 0.03781238 -0.00338138 0.08090713
v 0.03742462 -0.00419080 0.08402953
v 0.03654407 -0.00575067 0.09038171
v 0.03735999 -0.00770722 0.09038171
v 0.03808705 -0.00590076 0.08402953
v 0.03885450 -0.00770722 0.08236544
v 0.03920995 -0.00955655 0.08236544
v 0.03911301 -0.01141125 0.08421742
v 0.03860407 -0.01696462 0.09038171
v 0.03857175 -0.01757034 0.09038171
v 0.03845058 -0.01881395 0.09038171
v 0.03835364 -0.02066329 0.08421742
v 0.03799819 -0.02168176 0.08421742
v 0.03640674 -0.02376160 0.08606939
v 0.03630172 -0.02361687 0.08421742
v 0.03687529 -0.02276456 0.08226703
v 0.03604321 -0.02341853 0.08157813
v 0.03710956 -0.02223388 0.08066557
v 0.03667333 -0.02216956 0.07866150
v 0.03608360 -0.02158528 0.07405394
v 0.03605937 -0.01971450 0.06670867
v 0.03601898 -0.01780620 0.05950656
v 0.03609168 -0.01604799 0.05363751
v 0.03640674 -0.01645002 0.05644678
v 0.03793356 -0.01788661 0.06848012
v 0.03828901 -0.01522249 0.06206532
v 0.03786086 -0.01590862 0.06149273
v 0.03617247 -0.01246189 0.04214991
v 0.03604321 -0.01226891 0.04091526
v 0.03605129 -0.01040350 0.03532356
v 0.03642290 -0.00969592 0.03600351
v 0.03606745 -0.00856488 0.03156593
v 0.03636635 -0.00785195 0.03227272
v 0.03620478 -0.00726230 0.03054600
v 0.03649560 -0.00585788 0.03054600
v 0.03729537 -0.00030987 0.05089981
v 0.03617247 0.00270803 0.04940570
v 0.03625325 0.00290636 0.05089981
v 0.03609976 -0.00501630 0.02770989
v 0.03609976 -0.00482333 0.02770989
v 0.03585741 -0.00412647 0.02700310
v 0.03483145 -0.00215921 0.02313811
v 0.03601898 -0.00347251 0.02869403
v 0.03508996 -0.00215921 0.02499903
v 0.03584125 0.00335128 0.04889574
v 0.03588972 0.00382835 0.05089981
v 0.03593819 0.00397308 0.05275178
v 0.03597051 0.00407493 0.05460375
v 0.03750541 0.00180748 0.06941058
v 0.03599474 0.00413925 0.05644678
v 0.03600282 0.00418214 0.05829875
v 0.03601090 0.00420894 0.06015072
v 0.03750541 0.00146978 0.07144149
v 0.03627749 0.00268123 0.07272087
v 0.03684297 0.00170563 0.07323978
v 0.03621286 -0.00107105 0.08184653
v 0.03647945 -0.00250227 0.08421742
v 0.03761042 -0.00188047 0.07866150
v 0.03640674 -0.00549337 0.09038171
v 0.03750541 -0.00831294 0.09038171
v 0.03851520 -0.00770722 0.08421742
v 0.03779623 -0.00991034 0.09038171
v 0.03790125 -0.01075728 0.09038171
v 0.03843442 -0.01510992 0.09038171
v 0.03849905 -0.01572101 0.09038171
v 0.03808705 -0.02005757 0.09038171
v 0.03793356 -0.02159600 0.08516577
v 0.03634211 -0.02376696 0.08792136
v 0.03515459 -0.02451741 0.08606939
v 0.03515459 -0.02459246 0.08792136
v 0.03617247 -0.02350966 0.08281278
v 0.03515459 -0.02424403 0.08421742
v 0.03531616 -0.02386880 0.08226703
v 0.03494455 -0.02377232 0.08051347
v 0.03460526 -0.02361687 0.07866150
v 0.03436290 -0.02350430 0.07736423
v 0.03412863 -0.02339709 0.07612958
v 0.03586549 -0.02331132 0.08051347
v 0.03433059 -0.01981635 0.06073226
v 0.03416094 -0.01782764 0.05205394
v 0.03427404 -0.01608551 0.04607752
v 0.03543733 -0.01497591 0.04721376
v 0.03600282 -0.01408073 0.04660538
v 0.03614015 -0.01426834 0.04784003
v 0.03796587 -0.01608551 0.06272738
v 0.03585741 -0.01388239 0.04534389
v 0.03551812 -0.01315338 0.04158626
v 0.03475875 -0.01299257 0.03795389
v 0.03420134 -0.01229571 0.03344474
v 0.03555851 -0.01131476 0.03600351
v 0.03490416 -0.01157206 0.03414259
v 0.03474259 -0.01119147 0.03239798
v 0.03449216 -0.01085377 0.03054600
v 0.03477490 -0.00965840 0.02870298
v 0.03458910 -0.00914916 0.02685100
v 0.03530000 -0.00955655 0.03054600
v 0.03524345 -0.00770722 0.02685100
v 0.03596243 -0.00818965 0.03054600
v 0.03610784 -0.00687636 0.02951713
v 0.03598666 -0.00624919 0.02827353
v 0.03618862 -0.00572387 0.02881929
v 0.03578470 -0.00572387 0.02700310
v 0.03524345 -0.00585788 0.02499903
v 0.03453255 -0.00411039 0.02115194
v 0.03506573 -0.00400319 0.02313811
v 0.03545349 -0.00400319 0.02499903
v 0.03445984 -0.00209488 0.02130403
v 0.03419326 -0.00144092 0.02068671
v 0.03426596 -0.00115146 0.02192136
v 0.03504957 0.00524349 0.04903889
v 0.03521114 0.00524349 0.05089981
v 0.03527576 0.00524349 0.05275178
v 0.03657639 0.00305645 0.06941058
v 0.03647137 0.00290100 0.07126256
v 0.03600282 0.00420358 0.06200269
v 0.03597051 0.00417142 0.06385467
v 0.03660062 0.00313686 0.06755861
v 0.03448408 0.00656215 0.05089981
v 0.03449216 0.00654607 0.05275178
v 0.03550196 0.00382835 0.07126256
v 0.03436290 0.00441263 0.07241668
v 0.03605129 0.00243465 0.07395552
v 0.03614823 0.00068716 0.07790997
v 0.03661678 0.00129288 0.07495756
v 0.03600282 -0.00132835 0.08308118
v 0.03551004 -0.00411039 0.09038171
v 0.03608360 -0.00492517 0.09038171
v 0.03778007 -0.02067937 0.09038171
v 0.03761850 -0.02098491 0.09038171
v 0.03619670 -0.02361151 0.08907549
v 0.03367624 -0.02512314 0.08606939
v 0.03330463 -0.02474791 0.08236544
v 0.03390243 -0.02519282 0.08792136
v 0.03505765 -0.02395457 0.09038171
v 0.03379742 -0.02467823 0.09038171
v 0.03337734 -0.02501057 0.08988964
v 0.03281185 -0.02540724 0.08935284
v 0.03330463 -0.02447453 0.08051347
v 0.03330463 -0.02417971 0.07866150
v 0.03343389 -0.02380448 0.07677374
v 0.03065492 -0.02349358 0.06818488
v 0.01939362 -0.02157992 0.02968712
v 0.02312584 -0.02159064 0.03888435
v 0.03337734 -0.02199803 0.06766597
v 0.03427404 -0.02161744 0.06836382
v 0.03412863 -0.01966626 0.05949761
v 0.03237562 -0.01603191 0.03888435
v 0.03412055 -0.01590862 0.04484287
v 0.03481529 -0.01521713 0.04540652
v 0.03471028 -0.01477758 0.04350981
v 0.03448408 -0.01449348 0.04164889
v 0.03405592 -0.01211346 0.03239798
v 0.03432251 -0.01429514 0.04036951
v 0.03400746 -0.01391991 0.03795389
v 0.03307844 -0.01495983 0.03795389
v 0.03281993 -0.01465965 0.03610192
v 0.03285224 -0.01282639 0.03054600
v 0.03378126 -0.01177576 0.03054600
v 0.03432251 -0.01061255 0.02932925
v 0.03394283 -0.01007115 0.02685100
v 0.03050950 -0.01045710 0.01673226
v 0.03437098 -0.00884362 0.02548215
v 0.03576855 -0.00757857 0.02881929
v 0.03417710 -0.00851128 0.02423856
v 0.03426596 -0.00686028 0.02210029
v 0.03475067 -0.00585788 0.02313811
v 0.03420942 -0.00479652 0.02044515
v 0.03431443 -0.00356363 0.02016780
v 0.03437098 -0.00585788 0.02172453
v 0.03431443 -0.00267381 0.02016780
v 0.03320769 -0.00030987 0.01759114
v 0.03252911 0.00094982 0.01613283
v 0.03050950 0.00421966 0.01123897
v 0.03265836 0.00125000 0.01759114
v 0.03431443 0.00631557 0.04753584
v 0.03441945 0.00648175 0.04903889
v 0.03059029 0.00444480 0.01247362
v 0.03591396 0.00411781 0.06570664
v 0.03583317 0.00405885 0.06755861
v 0.03571200 0.00398380 0.06941058
v 0.03449216 0.00650855 0.05460375
v 0.03446792 0.00645494 0.05644678
v 0.03384589 0.00748950 0.05089981
v 0.03382165 0.00740373 0.04903889
v 0.03479106 0.00474498 0.06941058
v 0.03457294 0.00456272 0.07126256
v 0.03330463 0.00529174 0.07126256
v 0.03042064 0.00056923 0.09038171
v 0.03091343 0.00022617 0.09038171
v 0.03210903 -0.00070654 0.09038171
v 0.03257758 -0.00107641 0.09038171
v 0.03349852 -0.00186439 0.09038171
v 0.03420134 -0.00248619 0.09038171
v 0.03450024 -0.00279174 0.09038171
v 0.03665717 -0.02246974 0.09038171
v 0.03274722 -0.02540188 0.08606939
v 0.02960472 -0.02613625 0.08421742
v 0.03250487 -0.02533219 0.08480790
v 0.03056605 -0.02530539 0.07947565
v 0.03168895 -0.02506953 0.08051347
v 0.03319961 -0.02503737 0.08419952
v 0.03145468 -0.02461926 0.07680058
v 0.03297342 -0.02546084 0.08792136
v 0.03145468 -0.02578247 0.08606939
v 0.03336118 -0.02489264 0.09038171
v 0.03261797 -0.02518746 0.09038171
v 0.03208479 -0.02536972 0.09038171
v 0.03159201 -0.02562701 0.08988964
v 0.02960472 -0.02621666 0.08976439
v 0.02775477 -0.02671517 0.08976439
v 0.02648646 -0.02705288 0.08976439
v 0.02960472 -0.02636675 0.08792136
v 0.03145468 -0.02587359 0.08792136
v 0.03145468 -0.02431908 0.07495756
v 0.03145468 -0.02400281 0.07310558
v 0.02714889 -0.02357398 0.06015072
v 0.01764868 -0.02162280 0.02573266
v 0.01226038 -0.01986995 0.00278431
v 0.02113855 -0.02152631 0.03365946
v 0.02491117 -0.02341853 0.05381644
v 0.01400532 -0.01981635 0.00706085
v 0.01594414 -0.01986995 0.01238415
v 0.03145468 -0.02060433 0.05644678
v 0.03264220 -0.01989675 0.05644678
v 0.03229483 -0.01783836 0.04648907
v 0.03239177 -0.01419865 0.03327476
v 0.03254526 -0.01435947 0.03425890
v 0.03164048 -0.01665908 0.03961798
v 0.03067107 -0.01613376 0.03481359
v 0.03056605 -0.01422010 0.02765621
v 0.03059029 -0.01239756 0.02201977
v 0.03256142 -0.01252621 0.02869403
v 0.03239985 -0.01236004 0.02769200
v 0.03221405 -0.01214026 0.02646630
v 0.03093766 -0.01100386 0.01944312
v 0.03272299 -0.01093417 0.02499903
v 0.03251295 -0.01066079 0.02363913
v 0.03070339 -0.01070904 0.01795796
v 0.02913617 -0.01098778 0.01388720
v 0.02888575 -0.01070904 0.01249151
v 0.03035602 -0.01019444 0.01573917
v 0.03370047 -0.00756785 0.02140245
v 0.03012174 -0.00952975 0.01381563
v 0.03232715 -0.00852200 0.01868264
v 0.03289263 -0.00782515 0.01936259
v 0.03257758 -0.00718726 0.01759114
v 0.03239177 -0.00681739 0.01663384
v 0.03362777 -0.00585788 0.01944312
v 0.03409632 -0.00585788 0.02080302
v 0.03294918 -0.00585788 0.01759114
v 0.03059029 -0.00521999 0.01095267
v 0.03265836 -0.00400319 0.01593600
v 0.03238370 -0.00307048 0.01481766
v 0.03272299 -0.00233610 0.01555129
v 0.03244024 -0.00183759 0.01466556
v 0.03345005 -0.00215921 0.01759114
v 0.03244024 -0.00079767 0.01466556
v 0.03266644 -0.00022947 0.01561392
v 0.03235946 0.00043522 0.01489818
v 0.03017021 0.00513629 0.01193681
v 0.03061452 0.00298677 0.01087215
v 0.03030754 0.00352281 0.01022799
v 0.02879688 0.00524349 0.00709663
v 0.02868379 0.00617620 0.00740082
v 0.02882112 0.00644422 0.00833128
v 0.02903116 0.00681945 0.01018325
v 0.02851414 0.00774680 0.01018325
v 0.03245640 0.00812739 0.04205149
v 0.03441945 0.00637990 0.05829875
v 0.03436290 0.00630485 0.06015072
v 0.03429828 0.00623517 0.06161799
v 0.03421749 0.00616012 0.06285263
v 0.03378934 0.00746806 0.05275178
v 0.03291687 0.00860446 0.05089981
v 0.03290071 0.00863126 0.04903889
v 0.03255334 0.00826140 0.04350981
v 0.03268260 0.00841149 0.04534389
v 0.03279569 0.00854014 0.04718692
v 0.03412055 0.00609044 0.06385467
v 0.03240793 0.00804162 0.05933657
v 0.03364393 0.00581706 0.06755861
v 0.03319961 0.00574201 0.06943742
v 0.03184244 0.00597251 0.07126256
v 0.03224636 0.00611724 0.07007264
v 0.03002480 0.00072468 0.09038171
v 0.03056605 0.00618156 0.07221986
v 0.02775477 -0.02666693 0.08421742
v 0.02960472 -0.02592184 0.08236544
v 0.02960472 -0.02570206 0.08051347
v 0.03031562 -0.02523034 0.07824995
v 0.02999249 -0.02513922 0.07680058
v 0.02960472 -0.02443165 0.07126256
v 0.02775477 -0.02682238 0.08606939
v 0.02960472 -0.02631314 0.08606939
v 0.02580787 -0.02714401 0.09038171
v 0.02034687 -0.02865028 0.08976439
v 0.01864233 -0.02902014 0.09038171
v 0.02775477 -0.02684382 0.08792136
v 0.02665610 -0.02710648 0.08606939
v 0.01537057 -0.02146199 0.01944312
v 0.01109709 -0.02066865 0.00463628
v 0.01109709 -0.02035775 0.00278431
v 0.01206650 -0.01976274 0.00180912
v 0.02590481 -0.02404570 0.06015072
v 0.02375596 -0.02367047 0.05275178
v 0.02314200 -0.02345069 0.04992461
v 0.01376297 -0.01967698 0.00582620
v 0.02308545 -0.01785980 0.02233291
v 0.02478999 -0.01777404 0.02642156
v 0.01570986 -0.01973058 0.01115845
v 0.03036409 -0.01779012 0.04116577
v 0.03159201 -0.01841192 0.04714218
v 0.02954817 -0.01751138 0.03779285
v 0.02960472 -0.01708791 0.03610192
v 0.02113047 -0.01780084 0.01702750
v 0.01724476 -0.01767219 0.00647931
v 0.01552406 -0.01774724 0.00238171
v 0.02698732 -0.01614984 0.02550900
v 0.02870802 -0.01605871 0.02954397
v 0.02966935 -0.01466501 0.02695837
v 0.02760936 -0.01353933 0.01768061
v 0.02874033 -0.01238684 0.01649964
v 0.03038833 -0.01218315 0.02078512
v 0.03016213 -0.01193121 0.01944312
v 0.02848182 -0.01216170 0.01526499
v 0.02816677 -0.01191513 0.01388720
v 0.02668842 -0.01221531 0.01143580
v 0.02515352 -0.01248333 0.00896650
v 0.02859492 -0.01038741 0.01126581
v 0.02902308 -0.00913844 0.01018325
v 0.02934621 -0.00968520 0.01194576
v 0.03046911 -0.00847375 0.01314462
v 0.03067107 -0.00889186 0.01437927
v 0.02966935 -0.00770722 0.01018325
v 0.03046103 -0.00645289 0.01130160
v 0.03084072 -0.00584716 0.01196365
v 0.03118809 -0.00400319 0.01204417
v 0.03020253 -0.00584716 0.01028167
v 0.02942700 -0.00585788 0.00833128
v 0.02976629 -0.00400319 0.00833128
v 0.03033178 -0.00400319 0.00979854
v 0.03138197 -0.00215921 0.01204417
v 0.02991978 -0.00215921 0.00833128
v 0.03043680 -0.00030987 0.00951225
v 0.03079225 -0.00030987 0.01043376
v 0.02918465 0.00154482 0.00647931
v 0.02872418 0.00268659 0.00545044
v 0.03071954 0.00154482 0.01060375
v 0.03122848 0.00154482 0.01204417
v 0.02965319 0.00339416 0.00833128
v 0.02859492 0.00392484 0.00577252
v 0.02843335 0.00524349 0.00617512
v 0.02680152 0.00789153 0.00377740
v 0.02701963 0.00832036 0.00501205
v 0.02834449 0.00736621 0.00833128
v 0.02490309 0.01159556 0.00413527
v 0.02500811 0.01176709 0.00536991
v 0.02444262 0.01281237 0.00647931
v 0.02470113 0.01319832 0.01018325
v 0.02684191 0.01174029 0.01841424
v 0.03046911 0.00978375 0.03567248
v 0.03286032 0.00849725 0.05275178
v 0.03197977 0.00953181 0.05089981
v 0.03265836 0.00825068 0.05644678
v 0.03105884 0.01025546 0.05089981
v 0.03250487 0.00811667 0.05829875
v 0.03206056 0.00955861 0.04903889
v 0.03200401 0.00946212 0.04718692
v 0.03054182 0.00989096 0.03691607
v 0.03059837 0.00996064 0.03795389
v 0.02865955 0.01169741 0.03355210
v 0.03192322 0.00933348 0.04534389
v 0.03086495 0.01009465 0.05275178
v 0.03067915 0.00996600 0.05418326
v 0.03223020 0.00793441 0.06057122
v 0.03251295 0.00623517 0.06883799
v 0.03272299 0.00635846 0.06755861
v 0.03092150 0.00630485 0.07126256
v 0.03048527 0.00985343 0.05541790
v 0.02872418 0.01174565 0.05007671
v 0.02840104 0.01161700 0.05131136
v 0.03043680 0.00798802 0.06463303
v 0.02953202 0.00091766 0.09038171
v 0.02677728 0.01170813 0.05361961
v 0.02872418 0.00803090 0.06668183
v 0.02960472 0.00665864 0.07126256
v 0.02775477 0.00703387 0.07126256
v 0.02886151 0.00107311 0.09038171
v 0.02632489 -0.02703144 0.08421742
v 0.02775477 -0.02644716 0.08236544
v 0.02906347 -0.02539652 0.07680058
v 0.02850606 -0.02524643 0.07439391
v 0.01577449 -0.02345605 0.03320318
v 0.01756790 -0.02343461 0.03705922
v 0.02162326 -0.02356862 0.04718692
v 0.01919974 -0.02893974 0.08976439
v 0.02669650 -0.02711184 0.08792136
v 0.01815762 -0.02913807 0.09038171
v 0.02573517 -0.02732090 0.08606939
v 0.02577556 -0.02734234 0.08792136
v 0.02405486 -0.02776581 0.08792136
v 0.02219682 -0.02820536 0.08792136
v 0.02138091 -0.02347750 0.04604173
v 0.01665504 -0.02216420 0.02685100
v 0.01003882 -0.02154239 0.00772291
v 0.01109709 -0.02096347 0.00647931
v 0.00924714 -0.02104388 0.00278431
v 0.00675899 -0.02169248 0.00167492
v 0.01109709 -0.01996644 0.00154072
v 0.01278548 -0.01878179 0.00135283
v 0.01428806 -0.01814390 0.00152282
v 0.01486163 -0.01829936 0.00290957
v 0.01318940 -0.01931247 0.00278431
v 0.01677621 -0.01841192 0.00830444
v 0.01631574 -0.01825647 0.00647931
v 0.01575833 -0.01790805 0.00361636
v 0.01752751 -0.01598367 0.00196121
v 0.01786680 -0.01626241 0.00319586
v 0.01937746 -0.01599975 0.00568305
v 0.01961981 -0.01617664 0.00691770
v 0.01990256 -0.01636961 0.00833128
v 0.02155863 -0.01623560 0.01204417
v 0.02651877 -0.01582285 0.02313811
v 0.02492733 -0.01415041 0.01309094
v 0.02317431 -0.01422010 0.00915438
v 0.02696308 -0.01244581 0.01265255
v 0.02289157 -0.01397888 0.00791973
v 0.02133243 -0.01424154 0.00545938
v 0.02478999 -0.01214562 0.00773185
v 0.02699540 -0.01065543 0.00897544
v 0.02827986 -0.01006579 0.01018325
v 0.02878880 -0.00878466 0.00908281
v 0.02895037 -0.00756249 0.00841180
v 0.02871610 -0.00684419 0.00735609
v 0.02886151 -0.00585788 0.00709663
v 0.02870802 -0.00317768 0.00551306
v 0.02898268 -0.00387990 0.00644352
v 0.02918465 -0.00215921 0.00647931
v 0.02996825 -0.00030987 0.00833128
v 0.02875649 0.00154482 0.00538781
v 0.02824755 0.00154482 0.00446630
v 0.02823947 0.00334055 0.00475259
v 0.02895845 0.00334055 0.00642563
v 0.02693077 0.00665864 0.00358057
v 0.02618756 0.00720540 0.00289167
v 0.02500003 0.00806306 0.00183596
v 0.02474152 0.00930131 0.00212225
v 0.02524238 0.01035731 0.00335690
v 0.02721352 0.00858302 0.00647931
v 0.02324702 0.01372900 0.00354478
v 0.02337627 0.01389517 0.00463628
v 0.02439415 0.01249075 0.00470786
v 0.02351360 0.01405598 0.00647931
v 0.02365094 0.01420607 0.00833128
v 0.02482231 0.01336985 0.01204417
v 0.02690654 0.01183142 0.01944312
v 0.02499195 0.01359499 0.01469240
v 0.03113154 0.01034123 0.04903889
v 0.02974206 0.01126322 0.04903889
v 0.02944316 0.01122570 0.05077455
v 0.02871610 0.01176173 0.03478675
v 0.02877265 0.01180462 0.03610192
v 0.03107499 0.01034123 0.04718692
v 0.02849798 0.01149907 0.03054600
v 0.02515352 0.01377188 0.01759114
v 0.02314200 0.01544432 0.01277780
v 0.02861108 0.00985343 0.05913974
v 0.02881304 0.01179390 0.04903889
v 0.02775477 0.01241034 0.04718692
v 0.02775477 0.01225489 0.04903889
v 0.02590481 0.01293566 0.04903889
v 0.02777093 0.01197079 0.05077455
v 0.02897461 0.00999280 0.05790509
v 0.02716504 0.01185286 0.05238496
v 0.02590481 0.01257115 0.05089981
v 0.02405486 0.01301071 0.05089981
v 0.02605830 0.01160628 0.05472901
v 0.02590481 0.01122033 0.05644678
v 0.02775477 0.00849189 0.06570664
v 0.02775477 0.00790225 0.06800595
v 0.02680959 0.00986951 0.06105434
v 0.02775477 0.00753774 0.06941058
v 0.02590481 0.00729653 0.07126256
v 0.02775477 0.00123392 0.09038171
v 0.02670458 0.00800410 0.06841750
v 0.02600983 0.00783256 0.06935690
v 0.02590481 -0.02646860 0.07866150
v 0.02405486 -0.02770149 0.08606939
v 0.02540395 -0.02723513 0.08421742
v 0.02405486 -0.02669373 0.07680058
v 0.01943401 -0.02529467 0.05549842
v 0.02590481 -0.02624346 0.07680058
v 0.02775477 -0.02598616 0.07866150
v 0.02590481 -0.02578247 0.07310558
v 0.01665504 -0.02406178 0.03979692
v 0.01368218 -0.02338637 0.02818407
v 0.00739718 -0.02227141 0.00647931
v 0.00710636 -0.02181577 0.00278431
v 0.01480508 -0.02253943 0.02499903
v 0.01827880 -0.02915951 0.08976439
v 0.01730939 -0.02933641 0.09038171
v 0.02034687 -0.02862884 0.08792136
v 0.01665504 -0.02953474 0.08976439
v 0.00826157 -0.02156920 0.00384002
v 0.01109709 -0.02212668 0.01388720
v 0.00554723 -0.02186938 0.00143336
v 0.00924714 -0.02032022 0.00123653
v 0.00554723 -0.02226605 0.00278431
v 0.01109709 -0.01881395 0.00085182
v 0.01486163 -0.01706647 0.00112022
v 0.01629151 -0.01651434 0.00142441
v 0.01480508 -0.01875499 0.00463628
v 0.01814954 -0.01475077 0.00142441
v 0.01937746 -0.01413969 0.00193437
v 0.02319047 -0.01240292 0.00544149
v 0.02531509 -0.01082697 0.00647931
v 0.02663187 -0.01023732 0.00774080
v 0.02500003 -0.01051070 0.00552201
v 0.02834449 -0.00807708 0.00784816
v 0.02767398 -0.00757857 0.00658667
v 0.02491925 -0.00853808 0.00378634
v 0.02700348 -0.00707469 0.00533413
v 0.02729430 -0.00585788 0.00499415
v 0.02821524 -0.00585788 0.00616617
v 0.02850606 -0.00441594 0.00580830
v 0.02773861 -0.00394422 0.00465418
v 0.02696308 -0.00347251 0.00354478
v 0.02710849 -0.00215921 0.00338374
v 0.02803751 -0.00215921 0.00451997
v 0.02723775 -0.00030987 0.00324059
v 0.02874841 -0.00215921 0.00544149
v 0.02923312 -0.00030987 0.00647931
v 0.02877265 -0.00030987 0.00538781
v 0.02815869 -0.00030987 0.00445735
v 0.02731853 0.00154482 0.00313323
v 0.02726199 0.00339416 0.00318691
v 0.02706810 0.00524349 0.00340163
v 0.02628450 0.00524349 0.00247117
v 0.02512121 0.00709283 0.00170176
v 0.02409525 0.00878671 0.00136178
v 0.02344898 0.01079686 0.00154966
v 0.02317431 0.01179390 0.00180017
v 0.02354592 0.01250683 0.00286483
v 0.02274616 0.01303215 0.00231013
v 0.02151016 0.01386837 0.00161229
v 0.02212412 0.01441513 0.00285588
v 0.02150208 0.01565874 0.00341058
v 0.02260882 0.01481716 0.00463628
v 0.02274616 0.01498333 0.00647931
v 0.02378019 0.01434544 0.01018325
v 0.02491117 0.01349314 0.01345776
v 0.02306929 0.01536928 0.01155210
v 0.02891806 0.01190110 0.04164889
v 0.02893421 0.01190110 0.04350981
v 0.02983092 0.01126322 0.04718692
v 0.02890190 0.01185822 0.04718692
v 0.02882112 0.01185286 0.03795389
v 0.02318239 0.01548185 0.01388720
v 0.02324702 0.01553545 0.01573917
v 0.02330357 0.01557833 0.01759114
v 0.02887767 0.01187966 0.03979692
v 0.02072655 0.01676834 0.00463628
v 0.02082350 0.01688091 0.00647931
v 0.02091236 0.01697740 0.00833128
v 0.02099314 0.01705780 0.01018325
v 0.02640567 0.01337521 0.04164889
v 0.02547666 0.01379868 0.04164889
v 0.02533125 0.01372364 0.04350981
v 0.02572709 0.01324120 0.04705271
v 0.02407101 0.01340738 0.04908362
v 0.02500003 0.01357891 0.04632803
v 0.02470921 0.01351458 0.04756268
v 0.02285118 0.01353066 0.04974568
v 0.02405486 0.01254435 0.05275178
v 0.02607446 0.01020722 0.06032966
v 0.02546858 0.00808450 0.06870379
v 0.02405486 0.00788081 0.06983108
v 0.02405486 0.00744662 0.07126256
v -0.03146803 0.00261690 0.08051347
v 0.02714889 0.00118032 0.09038171
v 0.02219682 0.00791833 0.06998317
v 0.02219682 0.00751094 0.07126256
v 0.02034687 0.00792905 0.07002791
v 0.02034687 0.00752166 0.07126256
v 0.01849691 0.00747878 0.07126256
v 0.02558168 0.00999280 0.06152852
v 0.02415988 0.01201367 0.05472901
v 0.02361054 0.01181534 0.05585629
v 0.02161518 0.01362715 0.05016618
v 0.02405486 0.01059853 0.06015072
v 0.02219682 -0.02810352 0.08606939
v 0.01905432 -0.02891830 0.08792136
v 0.02392560 -0.02694031 0.07874202
v 0.02219682 -0.02792126 0.08421742
v 0.02034687 -0.02790518 0.08051347
v 0.02102546 -0.02709040 0.07451022
v 0.01543520 -0.02523034 0.04718692
v 0.01663888 -0.02516066 0.04889574
v 0.01003074 -0.02340781 0.02063303
v 0.01215536 -0.02347750 0.02563425
v 0.01100823 -0.02322556 0.02126825
v 0.00739718 -0.02252335 0.00833128
v 0.01480508 -0.02977596 0.09038171
v 0.01480508 -0.02985100 0.08976439
v 0.01480508 -0.02975452 0.08792136
v 0.01665504 -0.02941681 0.08792136
v 0.00368919 -0.02253407 0.00278431
v 0.00368919 -0.02201947 0.00127232
v 0.00554723 -0.02066329 0.00074446
v 0.00739718 -0.02276456 0.01018325
v 0.00554723 -0.02249654 0.00463628
v 0.00924714 -0.01881395 0.00054763
v 0.01294705 -0.01696462 0.00057447
v 0.01680045 -0.01526537 0.00106654
v 0.01995103 -0.01290680 0.00142441
v 0.01865848 -0.01341604 0.00106654
v 0.02118702 -0.01219387 0.00199700
v 0.02159902 -0.01265486 0.00323165
v 0.02530701 -0.00955655 0.00512835
v 0.02281078 -0.00999075 0.00225645
v 0.02320663 -0.00875785 0.00176439
v 0.02528277 -0.00729983 0.00333901
v 0.02653493 -0.00585788 0.00407264
v 0.02674497 -0.00471076 0.00379529
v 0.02499195 -0.00496806 0.00183596
v 0.02515352 -0.00400319 0.00166597
v 0.02629258 -0.00215921 0.00246223
v 0.02641375 -0.00030987 0.00231908
v 0.02652685 0.00154482 0.00220277
v 0.02647838 0.00339416 0.00225645
v 0.02535548 0.00524349 0.00146914
v 0.02405486 0.00709283 0.00102181
v 0.02219682 0.01079686 0.00086971
v 0.02215643 0.01250683 0.00140652
v 0.02099314 0.01510126 0.00217593
v 0.02036303 0.01449017 0.00125442
v 0.01976522 0.01576059 0.00154966
v 0.01963597 0.01745447 0.00343742
v 0.02167981 0.01584099 0.00463628
v 0.02031455 0.01632879 0.00280221
v 0.02285925 0.01513342 0.00833128
v 0.02298043 0.01527279 0.01018325
v 0.02181714 0.01595356 0.00647931
v 0.02335204 0.01560514 0.01944312
v 0.02663995 0.01345026 0.03425890
v 0.02893421 0.01188502 0.04534389
v 0.02662379 0.01345026 0.03610192
v 0.02657532 0.01343418 0.03795389
v 0.02103353 0.01714357 0.01759114
v 0.02331972 0.01553009 0.02869403
v 0.02324702 0.01548721 0.03054600
v 0.02105777 0.01712213 0.01204417
v 0.01979754 0.01758848 0.00463628
v 0.01990256 0.01765817 0.00647931
v 0.02310161 0.01541216 0.03314950
v 0.02318239 0.01544968 0.03191485
v 0.02301274 0.01538000 0.03425890
v 0.01961981 0.01736335 0.02685100
v 0.02512121 0.01363251 0.04534389
v 0.01950671 0.01730974 0.02812144
v 0.02347321 0.01364859 0.04851103
v 0.01935323 0.01725078 0.02935609
v 0.01017616 0.02283095 0.00556674
v 0.01582296 0.01915908 0.02250290
v 0.01558061 0.01908939 0.02373755
v 0.02145361 0.01548185 0.03928696
v 0.02113855 0.01539608 0.04052160
v 0.02219682 0.01442585 0.04534389
v 0.02219682 0.01413639 0.04718692
v 0.02222106 0.01377188 0.04908362
v 0.02405486 0.00814347 0.06890957
v 0.02219682 0.01233530 0.05460375
v 0.02328741 0.00989096 0.06298684
v 0.02034687 0.01299999 0.05275178
v 0.02219682 0.00965510 0.06402465
v 0.02219682 0.00863126 0.06755861
v -0.01549702 0.01540144 0.03879489
v -0.03246168 0.00249361 0.08051347
v 0.02590481 0.00106775 0.09038171
v 0.01665504 0.00741445 0.07126256
v 0.01849691 0.00790761 0.06995634
v 0.01665504 0.00992312 0.06309419
v 0.01480508 0.01298926 0.05275178
v 0.01480508 0.01342346 0.05132030
v 0.01480508 0.01370220 0.05039879
v 0.01294705 0.01365931 0.05025564
v 0.01294705 0.01456522 0.04718692
v 0.00830196 0.01727758 0.03704133
v -0.00185259 0.02130859 0.02130403
v -0.00370255 0.02228419 0.01759114
v -0.00439729 0.02203761 0.01828899
v -0.00555250 0.02162486 0.01944312
v -0.00483352 0.02287383 0.01500554
v 0.02034687 0.00820779 0.06910640
v 0.02034687 0.00922091 0.06570664
v 0.01849691 0.00863662 0.06755861
v 0.02034687 0.01442585 0.04718692
v 0.02034687 0.01401846 0.04903889
v 0.02034687 0.01368611 0.05035406
v 0.02034687 -0.02849482 0.08606939
v 0.02034687 -0.02831257 0.08421742
v 0.01569371 -0.02713865 0.06483881
v 0.01849691 -0.02747099 0.07310558
v 0.01192917 -0.02527323 0.04090631
v 0.01665504 -0.02662405 0.06200269
v 0.01450618 -0.02542868 0.04718692
v 0.00935216 -0.02362759 0.02126825
v 0.00847161 -0.02347214 0.01822636
v 0.00814040 -0.02340245 0.01699171
v 0.00739718 -0.02299506 0.01204417
v 0.01294705 -0.02995285 0.09038171
v 0.01294705 -0.03001182 0.08976439
v 0.01294705 -0.02997429 0.08792136
v 0.01294705 -0.02984564 0.08606939
v 0.01480508 -0.02960443 0.08606939
v 0.01681661 -0.02920240 0.08592624
v 0.01783448 -0.02904695 0.08644515
v 0.00184732 -0.02262519 0.00278431
v 0.00554723 -0.02270560 0.00647931
v 0.00658126 -0.02346141 0.01462083
v 0.00588652 -0.02339709 0.01338618
v 0.00554723 -0.02365439 0.01573917
v 0.00465860 -0.02344533 0.01293885
v 0.00368919 -0.02305939 0.00833128
v -0.00000264 -0.02211060 0.00122758
v 0.00184732 -0.02206235 0.00124547
v 0.00368919 -0.02066329 0.00059236
v -0.00000264 -0.02271632 0.00278431
v -0.00185259 -0.02280209 0.00278431
v 0.00368919 -0.01696462 -0.00070492
v 0.00739718 -0.01510992 -0.00089280
v 0.01109709 -0.01326059 -0.00074965
v 0.01480508 -0.01510992 0.00050290
v 0.02157479 -0.01096098 0.00154072
v 0.02047612 -0.01150774 0.00113811
v 0.02034687 -0.00955655 0.00059236
v 0.01665504 -0.01326059 0.00050290
v 0.01849691 -0.01141125 0.00050290
v 0.02348937 -0.00770722 0.00149598
v 0.02475768 -0.00620095 0.00211331
v 0.02549281 -0.00569171 0.00274852
v 0.02411141 -0.00569171 0.00134389
v 0.02405486 -0.00400319 0.00098602
v 0.02536356 -0.00215921 0.00145125
v 0.02548474 -0.00030987 0.00135283
v 0.02559783 0.00154482 0.00127232
v 0.02555744 0.00339416 0.00129915
v 0.02405486 0.00524349 0.00078919
v 0.02219682 0.00894753 0.00056552
v 0.02034687 0.01264620 0.00064604
v 0.01911087 0.01699884 0.00220277
v 0.01849691 0.01450089 0.00060131
v 0.01849691 0.01636631 0.00124547
v 0.01789103 0.01752416 0.00159440
v 0.01762445 0.01915908 0.00364320
v 0.01836766 0.01810844 0.00291851
v 0.02108200 0.01715429 0.01388720
v 0.02338435 0.01561050 0.02130403
v 0.02340051 0.01561050 0.02313811
v 0.02107393 0.01715965 0.01573917
v 0.02339243 0.01559442 0.02499903
v 0.02097698 0.01711677 0.01944312
v 0.01772139 0.01921268 0.00833128
v 0.01768907 0.01919124 0.01018325
v 0.02011260 0.01764209 0.01759114
v 0.01763253 0.01915372 0.01204417
v 0.01758405 0.01913228 0.01307305
v 0.01752751 0.01910011 0.01429875
v 0.01999142 0.01770105 0.00833128
v 0.01768099 0.01919124 0.00463628
v 0.01859385 0.01851583 0.00463628
v 0.01743056 0.01906259 0.01573917
v 0.01404571 0.02105666 0.00833128
v 0.01385183 0.02096553 0.01095267
v 0.01372257 0.02092265 0.01204417
v 0.00739718 0.02353852 0.00647931
v 0.00930369 0.02301856 0.00630037
v 0.00995804 0.02276662 0.00680139
v 0.01091937 0.02248252 0.00630037
v 0.01294705 0.02165166 0.00647931
v 0.01294705 0.02172135 0.00463628
v 0.01091937 0.02253613 0.00479732
v 0.01017616 0.02283095 0.00552201
v 0.00739718 0.02355996 0.00463628
v 0.01222807 0.02104058 0.01573917
v 0.01204227 0.02098161 0.01670542
v 0.00845545 0.02286847 0.00952120
v 0.01757597 0.01727758 0.03331949
v 0.01945824 0.01543360 0.04262408
v 0.01849691 0.01372364 0.05048826
v 0.02034687 0.01246395 0.05460375
v 0.02034687 0.01169205 0.05726988
v 0.01849691 0.01306431 0.05275178
v -0.02498915 0.00986951 0.05551632
v -0.02141849 0.01174029 0.05004987
v -0.03338261 0.00214519 0.08051347
v -0.00439729 -0.00367620 0.09038171
v -0.00439729 -0.00308120 0.08988069
v 0.00554723 -0.00188047 0.09038171
v 0.00741334 -0.00155885 0.09038171
v -0.03075713 0.00620837 0.06678919
v -0.03297869 0.00442335 0.07256878
v -0.03421469 0.00431079 0.07215723
v -0.03516794 0.00314758 0.07495756
v 0.01665504 0.01169205 0.05726988
v 0.01665504 0.01249611 0.05460375
v 0.01665504 0.01345562 0.05141872
v 0.01665504 0.01372900 0.05049720
v 0.01480508 0.01410423 0.04903889
v 0.01480508 0.01464026 0.04718692
v 0.01294705 0.01509590 0.04534389
v 0.01294705 0.01539072 0.04430607
v 0.01294705 0.01564266 0.04338456
v 0.00924714 0.01728830 0.03706817
v -0.00000264 0.02137292 0.02130403
v -0.00000264 0.02105130 0.02248500
v -0.00185259 0.02183391 0.01944312
v -0.00370255 0.02269158 0.01612388
v -0.00439729 0.02247716 0.01666963
v -0.00439729 0.02289527 0.01508606
v -0.00439729 0.02299176 0.01458504
v -0.00370255 0.02341523 0.01204417
v -0.00439729 0.02319009 0.01294779
v -0.00512435 0.02295424 0.01388720
v -0.00925241 0.02168382 0.01573917
v -0.00740246 0.02213410 0.01573917
v -0.01056919 0.02107274 0.01759114
v -0.01022990 0.02098697 0.01857528
v -0.00960786 0.02085832 0.01980993
v -0.00837187 0.02098161 0.02040936
v -0.01063382 0.01921804 0.02628736
v 0.01849691 0.01198687 0.05641099
v 0.01849691 0.01086655 0.06015072
v 0.01849691 0.00967118 0.06412307
v 0.01849691 0.01549257 0.04287459
v 0.01849691 0.01530495 0.04380505
v 0.01849691 0.01498333 0.04534389
v 0.01849691 0.01458130 0.04718692
v 0.01849691 0.01412567 0.04903889
v 0.01846460 -0.02887005 0.08592624
v 0.01849691 -0.02869316 0.08421742
v 0.01542712 -0.02708504 0.06385467
v 0.00727601 -0.02324164 0.01396772
v 0.00924714 -0.03021015 0.09038171
v 0.00924714 -0.03026912 0.08976439
v 0.00924714 -0.03023159 0.08792136
v 0.01294705 -0.02947578 0.08236544
v 0.01360140 -0.02896118 0.07805312
v 0.01109709 -0.02996357 0.08606939
v 0.01174337 -0.02897726 0.07606695
v 0.01011961 -0.02713865 0.05556105
v 0.01404571 -0.02902550 0.07928777
v 0.01480508 -0.02941145 0.08421742
v 0.01754366 -0.02898798 0.08521051
v 0.00184732 -0.02315051 0.00833128
v 0.01109709 -0.02612017 0.04718692
v 0.01438500 -0.02909519 0.08051347
v 0.00838275 -0.02530003 0.03506410
v 0.00739718 -0.02533755 0.03470623
v 0.00554723 -0.02383128 0.01759114
v 0.00630660 -0.02528395 0.03342685
v 0.00671052 -0.02716009 0.05352120
v 0.00613695 -0.02897726 0.07238090
v 0.00553107 -0.02907375 0.07304296
v 0.00490096 -0.02900942 0.07201408
v 0.00368919 -0.02655436 0.04534389
v -0.00185259 -0.02215348 0.00120969
v 0.00184732 -0.02066329 0.00056552
v -0.00000264 -0.01839048 -0.00034704
v 0.00184732 -0.01836904 -0.00032021
v 0.00184732 -0.01696462 -0.00083017
v -0.00000264 -0.02324164 0.00833128
v -0.00370255 -0.02304330 0.00647931
v -0.00370255 -0.02285569 0.00463628
v -0.00370255 -0.02265200 0.00278431
v -0.00370255 -0.02206771 0.00126337
v -0.00000264 -0.02338637 0.00986117
v -0.00000264 -0.02411538 0.01759114
v -0.00000264 -0.02446381 0.02130403
v -0.00000264 -0.02462998 0.02313811
v -0.00185259 -0.02313443 0.00647931
v -0.00312898 -0.02347750 0.01069322
v 0.00554723 -0.01510992 -0.00101805
v 0.00924714 -0.01326059 -0.00100015
v 0.01294705 -0.01141125 -0.00077649
v 0.02219682 -0.00944935 0.00133494
v 0.02219682 -0.00770722 0.00081603
v 0.01480508 -0.00770722 -0.00091069
v 0.02219682 -0.00585788 0.00053868
v 0.02405486 -0.00215921 0.00077130
v 0.02405486 -0.00030987 0.00066394
v 0.02405486 0.00154482 0.00059236
v 0.02405486 0.00339416 0.00061920
v 0.01665504 0.00339416 -0.00084806
v 0.01480508 0.00709283 -0.00097332
v 0.01294705 0.01079686 -0.00086595
v 0.01665504 0.01635023 0.00062815
v 0.01109709 0.01264620 -0.00088385
v 0.01480508 0.01819957 0.00078919
v 0.01652578 0.01816740 0.00137073
v 0.01582296 0.01919124 0.00176439
v 0.01705896 0.01875705 0.00240855
v 0.01652578 0.01943246 0.00292746
v 0.01475661 0.02040805 0.00282010
v 0.01411034 0.02109418 0.00345532
v 0.01514438 0.02067071 0.00463628
v 0.01665504 0.01981305 0.00463628
v 0.01771331 0.01921268 0.00647931
v 0.01665504 0.01982377 0.00647931
v 0.01665504 0.01978624 0.00833128
v 0.01507975 0.02065999 0.00647931
v 0.01415881 0.02111562 0.00647931
v 0.00554723 0.02395663 0.00647931
v 0.00739718 0.02328658 0.00833128
v 0.00873012 0.02294888 0.00833128
v 0.00965106 0.02268086 0.00833128
v 0.01421536 0.02114778 0.00463628
v 0.01010345 0.02280951 0.00428736
v 0.00939255 0.02303464 0.00479732
v 0.00886745 0.02297568 0.00325849
v 0.00744565 0.02313649 0.00269484
v 0.00554723 0.02392447 0.00463628
v 0.00806769 0.02277734 0.01074690
v 0.01041851 0.02103522 0.01884368
v 0.00683977 0.02290599 0.01155210
v 0.00621774 0.02279878 0.01277780
v 0.01584720 0.01729902 0.03528777
v 0.01665504 0.01415247 0.04903889
v 0.01849691 0.01345562 0.05140977
v -0.01990783 0.01367003 0.04300879
v -0.03199312 0.00609044 0.06627028
v -0.03530527 0.00127144 0.08051347
v -0.03507908 0.00266515 0.07663954
v -0.03610504 0.00247217 0.07590591
v -0.03560418 0.00112671 0.08051347
v -0.03688056 0.00031193 0.08051347
v -0.03708252 0.00015648 0.08051347
v -0.03827005 -0.00087808 0.08051347
v -0.03922330 -0.00220209 0.08051347
v -0.04021694 -0.00398710 0.08051347
v -0.04083090 -0.00585252 0.08051347
v -0.04112980 -0.00770722 0.08051347
v -0.04133984 -0.00939038 0.08051347
v -0.04152564 -0.01140589 0.08051347
v -0.04165490 -0.01325523 0.08051347
v -0.04166298 -0.01510456 0.08051347
v -0.00439729 -0.02963659 0.09038171
v -0.03331798 0.00511485 0.06941058
v -0.03348763 0.00461633 0.07142360
v -0.03263132 0.00622981 0.06504458
v -0.03230011 0.00799874 0.05728777
v -0.03386732 0.00607436 0.06431990
v -0.03431971 0.00620301 0.06309419
v -0.03459437 0.00445552 0.07092258
v -0.03519218 0.00409637 0.07142360
v -0.03516794 0.00368362 0.07310558
v 0.01480508 0.01513878 0.04534389
v 0.01480508 0.01540144 0.04433291
v 0.01046698 0.01728830 0.03706817
v 0.00554723 0.01917516 0.02979448
v -0.00185259 0.02233243 0.01759114
v -0.00185259 0.02270230 0.01611493
v -0.00370255 0.02292207 0.01518447
v -0.00370255 0.02317401 0.01388720
v -0.00439729 0.02330266 0.01096162
v -0.00535862 0.02302392 0.01203523
v -0.00185259 0.02384942 0.01018325
v -0.00185259 0.02394055 0.00833128
v -0.00370255 0.02350100 0.01018325
v -0.00605336 0.02271838 0.01388720
v -0.01221719 0.02102449 0.01517553
v -0.01898689 0.01901435 0.01759114
v -0.01296040 0.02048845 0.01759114
v -0.01839717 0.01887498 0.01936259
v -0.02279182 0.01719181 0.02314706
v -0.02146696 0.01732046 0.02432803
v -0.02687142 0.01543360 0.02782620
v -0.02641095 0.01532640 0.02906085
v -0.02776004 0.01473675 0.03055495
v -0.02517495 0.01546040 0.02982132
v -0.02221826 0.01632879 0.02870298
v -0.01376824 0.01910011 0.02396121
v -0.01851027 0.01668794 0.03055495
v -0.01296040 0.01863376 0.02685100
v -0.01296040 0.01822637 0.02870298
v 0.01665504 0.01630735 0.03979692
v 0.01665504 0.01592140 0.04164889
v 0.01665504 0.01557297 0.04325930
v 0.01665504 0.01536928 0.04418082
v 0.01665504 0.01509590 0.04534389
v 0.01665504 0.01465099 0.04718692
v 0.01726900 -0.02893438 0.08421742
v 0.01665504 -0.02804991 0.07495756
v 0.01480508 -0.02861275 0.07680058
v 0.00739718 -0.03033344 0.09038171
v 0.00739718 -0.03039240 0.08976439
v 0.00739718 -0.03034952 0.08792136
v 0.00739718 -0.03018871 0.08606939
v 0.00739718 -0.03001718 0.08421742
v 0.00739718 -0.02966875 0.08051347
v 0.00739718 -0.02774437 0.06015072
v 0.00739718 -0.02581999 0.03979692
v 0.01109709 -0.02943825 0.08051347
v 0.01596837 -0.02904159 0.08285751
v 0.00554723 -0.02942753 0.07680058
v 0.00554723 -0.02959907 0.07866150
v 0.00554723 -0.02993141 0.08236544
v 0.00368919 -0.02943289 0.07680058
v 0.00368919 -0.02811424 0.06200269
v 0.00368919 -0.02794806 0.06015072
v 0.00184732 -0.02612017 0.03979692
v 0.00368919 -0.02777653 0.05829875
v 0.00368919 -0.02742811 0.05460375
v -0.00370255 -0.02066329 0.00057447
v -0.00185259 -0.02066329 0.00052079
v -0.00000264 -0.02066329 0.00053868
v -0.00185259 -0.01696462 -0.00082122
v -0.00000264 -0.01696462 -0.00085701
v -0.00370255 -0.02321484 0.00833128
v -0.00439729 -0.02341317 0.01140896
v -0.00482545 -0.02346677 0.01262571
v -0.00548787 -0.02330596 0.01201733
v -0.00555250 -0.02310763 0.01019220
v -0.00439729 -0.02247510 0.00278431
v -0.00669156 -0.02164960 0.00173754
v -0.00555250 -0.02181577 0.00150493
v -0.00555250 -0.02289857 0.00834023
v -0.00555250 -0.02267880 0.00648826
v -0.00555250 -0.02243222 0.00463628
v -0.00925241 -0.02033630 0.00121863
v -0.00439729 -0.02154239 0.00109338
v -0.00185259 -0.02330060 0.00833128
v 0.00184732 -0.02695103 0.04903889
v -0.00370255 -0.02369191 0.01388720
v -0.00373486 -0.02353110 0.01201733
v -0.00185259 -0.02341317 0.00959277
v -0.00185259 -0.02379376 0.01388720
v -0.00185259 -0.02444773 0.02130403
v -0.00000264 -0.02627562 0.04164889
v -0.00052773 -0.02711720 0.05212551
v -0.00124671 -0.02717081 0.05336016
v -0.00185259 -0.02645788 0.04534389
v -0.00370255 -0.02477471 0.02685100
v -0.00370255 -0.02431372 0.02130403
v -0.00623109 -0.02526787 0.03544881
v -0.00370255 -0.01510992 -0.00101805
v 0.01480508 -0.00585788 -0.00101805
v 0.01294705 -0.00955655 -0.00100015
v 0.01665504 -0.00215921 -0.00091069
v 0.01665504 -0.00400319 -0.00079438
v 0.01665504 -0.00030987 -0.00094647
v 0.01665504 0.00154482 -0.00092858
v 0.01480508 0.00524349 -0.00101805
v 0.00924714 0.01264620 -0.00101805
v 0.00924714 0.01450089 -0.00078544
v 0.01294705 0.01819957 0.00052079
v 0.00739718 0.01450089 -0.00098226
v 0.01109709 0.02005426 0.00074446
v 0.01290666 0.02012395 0.00122758
v 0.01480508 0.01949678 0.00147809
v 0.01226038 0.02108882 0.00168386
v 0.01349638 0.02078864 0.00222067
v 0.01290666 0.02134076 0.00282010
v 0.01109709 0.02206441 0.00278431
v 0.00368919 0.02420857 0.00647931
v 0.00368919 0.02396199 0.00833128
v 0.00554723 0.02367253 0.00833128
v 0.00742950 0.02300248 0.01016536
v 0.00939255 0.02262725 0.00269484
v 0.00810001 0.02276662 0.00202384
v 0.00686401 0.02292207 0.00169281
v 0.00554723 0.02350636 0.00278431
v 0.00368919 0.02410136 0.00463628
v 0.00368919 0.02370469 0.00278431
v 0.00554723 0.02335627 0.01018325
v 0.00498174 0.02287383 0.01318936
v 0.01221999 0.01915908 0.02793356
v 0.01480508 0.01735798 0.03554722
v -0.01835678 0.01553009 0.03597667
v -0.03146803 0.00673368 0.06385467
v -0.03632315 0.00262226 0.07495756
v -0.03793883 0.00061211 0.07770420
v -0.03772879 0.00045130 0.07866150
v -0.03680786 0.00108383 0.07866150
v -0.03642817 0.00082117 0.08011981
v -0.03860126 -0.00047605 0.07866150
v -0.03952220 -0.00166069 0.07866150
v -0.03993420 -0.00285070 0.07988720
v -0.04070165 -0.00400319 0.07866150
v -0.04136408 -0.00596509 0.07859887
v -0.04158219 -0.00770722 0.07927882
v -0.04164682 -0.00865065 0.07957407
v -0.04171145 -0.00988354 0.07972616
v -0.04177608 -0.01140589 0.07990510
v -0.04180839 -0.01325523 0.08007508
v -0.04176800 -0.01510456 0.08007508
v -0.04159027 -0.01695926 0.08051347
v -0.00308859 -0.02979204 0.09038171
v -0.04156604 -0.01728624 0.08051347
v -0.04135600 -0.01861562 0.08051347
v -0.04133984 -0.01870139 0.08051347
v -0.04070165 -0.02066329 0.08051347
v -0.04004730 -0.02182650 0.08051347
v -0.03999075 -0.02187474 0.08051347
v -0.03872244 -0.02280745 0.08051347
v -0.03855279 -0.02292002 0.08051347
v -0.03720370 -0.02366511 0.08051347
v -0.03706637 -0.02371871 0.08051347
v -0.03524872 -0.02436196 0.08051347
v -0.03516794 -0.02438876 0.08051347
v -0.03331798 -0.02491408 0.08051347
v -0.03204968 -0.02521962 0.08051347
v -0.00439729 -0.02977596 0.08976439
v -0.02871329 0.01357891 0.03519830
v -0.03032090 0.01167597 0.04236463
v -0.03087023 0.01180998 0.04112998
v -0.03052285 0.01356819 0.03331054
v -0.03146803 0.01232993 0.03795389
v -0.03276865 0.00813275 0.05605312
v -0.03244552 0.00988560 0.04820684
v -0.03210623 0.01163845 0.04035162
v -0.03251014 0.01177245 0.03911697
v -0.03432779 0.00806306 0.05387907
v -0.03583037 0.00420358 0.06974161
v 0.01480508 0.01562658 0.04341140
v 0.00694479 0.01915372 0.02973185
v 0.00184732 0.02133540 0.02130403
v -0.00000264 0.02227347 0.01759114
v -0.00185259 0.02320617 0.01388720
v -0.00185259 0.02358140 0.01204417
v -0.00439729 0.02331338 0.01019220
v -0.00540709 0.02304000 0.01019220
v -0.01111045 0.02148549 0.01019220
v -0.00925241 0.02196256 0.01203523
v -0.01481036 0.02040269 0.01388720
v -0.01236260 0.02106738 0.01388720
v -0.00740246 0.02236995 0.01388720
v -0.00000264 0.02418177 0.00833128
v -0.00370255 0.02351172 0.00833128
v -0.00000264 0.02419249 0.00647931
v -0.00185259 0.02390303 0.00647931
v -0.00370255 0.02347419 0.00463628
v -0.00648152 0.02282559 0.00186280
v -0.00370255 0.02350636 0.00647931
v -0.00648152 0.02282559 0.00195227
v -0.00644113 0.02282023 0.00463628
v -0.00544748 0.02305072 0.00834023
v -0.01934234 0.01910011 0.01573917
v -0.02036022 0.01865520 0.01759114
v -0.02221826 0.01790475 0.01944312
v -0.02311496 0.01726686 0.02218082
v -0.02036022 0.01838182 0.01944312
v -0.02710569 0.01550329 0.02685100
v -0.02961807 0.01426504 0.03055495
v -0.02342194 0.01736335 0.02094617
v -0.02776004 0.01437225 0.03239798
v 0.01480508 0.01685411 0.03795389
v 0.00924714 0.02004890 0.02499903
v 0.01294705 0.01722933 0.03680871
v 0.00184732 0.02338307 0.01204417
v 0.00455358 0.02097625 0.02220766
v 0.00331759 0.02101377 0.02236870
v 0.01665504 -0.02845194 0.07866150
v 0.00554723 -0.03039777 0.09038171
v 0.00554723 -0.03046209 0.08976439
v 0.00554723 -0.03040849 0.08792136
v 0.00554723 -0.03025839 0.08606939
v 0.00368919 -0.02959371 0.07866150
v -0.00000264 -0.02611481 0.03979692
v 0.00184732 -0.02761036 0.05644678
v -0.00555250 -0.02066329 0.00082498
v -0.01111045 -0.01881395 0.00078024
v -0.00925241 -0.01881395 0.00053868
v -0.00370255 -0.01696462 -0.00070492
v -0.00439729 -0.01626777 -0.00082122
v -0.00555250 -0.01510456 -0.00100910
v -0.00555250 -0.02476399 0.02870298
v -0.01111045 -0.02765324 0.06941058
v -0.01204754 -0.02714401 0.06475829
v -0.00740246 -0.02422259 0.02499903
v -0.01172440 -0.02524643 0.04305353
v -0.00613415 -0.02338637 0.01388720
v -0.01008449 -0.02527859 0.04087053
v -0.00801642 -0.02338101 0.01725117
v -0.00555250 -0.02218028 0.00278431
v -0.01216872 -0.01981099 0.00172860
v -0.01111045 -0.02002540 0.00146914
v -0.00702277 -0.02174609 0.00278431
v -0.00925241 -0.02107604 0.00278431
v -0.01111045 -0.02047032 0.00278431
v -0.00991484 -0.02338637 0.02088354
v -0.01209601 -0.02345605 0.02576845
v -0.01396212 -0.02345605 0.02947240
v -0.00000264 -0.02525179 0.03009867
v 0.00151610 -0.02896118 0.07259562
v 0.00069211 -0.02900942 0.07383027
v -0.00000264 -0.02951866 0.08051347
v -0.00185259 -0.02967947 0.08421742
v -0.00185259 -0.02768541 0.06015072
v -0.00370255 -0.02646324 0.04718692
v -0.00370255 -0.02569670 0.03795389
v -0.00439729 -0.02527323 0.03353421
v -0.00623109 -0.02712256 0.05760985
v -0.00925241 -0.02876284 0.08051347
v -0.01111045 -0.02858595 0.08051347
v -0.01111045 -0.02796415 0.07310558
v -0.00439729 -0.01441843 -0.00101805
v 0.00554723 0.01450089 -0.00101805
v 0.00924714 0.02005426 0.00052974
v 0.00184732 0.01635023 -0.00097332
v 0.00368919 0.01635023 -0.00091069
v 0.00554723 0.01635023 -0.00074070
v 0.00554723 0.02190360 0.00082498
v 0.00924714 0.02166774 0.00120969
v 0.01109709 0.02133540 0.00142441
v 0.00184732 0.02429970 0.00647931
v 0.00184732 0.02415496 0.00833128
v 0.00368919 0.02360820 0.01018325
v 0.00554723 0.02304536 0.00150493
v 0.00184732 0.02410672 0.00463628
v 0.00184732 0.02376902 0.00278431
v 0.00368919 0.02315793 0.00136178
v 0.00184732 0.02320617 0.00131705
v 0.00368919 0.02323298 0.01204417
v 0.00554723 0.02230027 0.01573917
v -0.03668668 0.00289028 0.07310558
v -0.03761570 0.00217199 0.07310558
v -0.03782574 0.00235960 0.07170989
v -0.03810040 0.00077829 0.07647850
v -0.03828621 0.00099270 0.07495756
v -0.03870628 -0.00012762 0.07697952
v -0.04006345 -0.00258804 0.07866150
v -0.03969992 -0.00139803 0.07680953
v -0.04017655 -0.00232538 0.07680953
v -0.04087937 -0.00400319 0.07680953
v -0.04168721 -0.00665122 0.07794576
v -0.04179223 -0.00770722 0.07835731
v -0.04189725 -0.00937966 0.07884043
v -0.04207498 -0.01140589 0.07866150
v -0.04204266 -0.01325523 0.07866150
v -0.04172761 -0.01695926 0.07993194
v -0.00123863 -0.02997965 0.09038171
v -0.04167914 -0.01800989 0.07974406
v -0.04136408 -0.01869603 0.08042401
v -0.04167914 -0.01800989 0.07916252
v -0.04139639 -0.01869603 0.07858992
v -0.04110557 -0.01881395 0.07680953
v -0.04036236 -0.02081338 0.07858992
v -0.03990996 -0.02168712 0.07916252
v -0.03901326 -0.02219636 0.07858992
v -0.03775303 -0.02334349 0.08004824
v -0.03628276 -0.02353110 0.07727476
v -0.03655743 -0.02363831 0.07866150
v -0.03516794 -0.02412074 0.07866150
v -0.03331798 -0.02389025 0.07310558
v -0.03331798 -0.02442093 0.07680953
v -0.03331798 -0.02467823 0.07866150
v -0.03146803 -0.02491944 0.07680953
v -0.03044207 -0.02527323 0.07792787
v -0.02973925 -0.02547692 0.07858992
v -0.03111258 -0.02540188 0.08051347
v -0.00439729 -0.02977060 0.08907549
v -0.00370255 -0.02984028 0.08976439
v -0.02776004 -0.02601832 0.08051347
v -0.02591009 -0.02635067 0.08051347
v -0.02041677 -0.02732626 0.08051347
v -0.01851027 -0.02764788 0.08051347
v -0.02915761 0.01368075 0.03424995
v -0.02961807 0.01278557 0.03795389
v -0.03083792 0.01367539 0.03206695
v -0.03145995 0.01338057 0.03257691
v -0.03146803 0.01308575 0.03424995
v -0.03146803 0.01271588 0.03610192
v -0.03277673 0.01189038 0.03795389
v -0.03336646 0.01201367 0.03594088
v -0.03428739 0.00989632 0.04456552
v -0.03610504 0.00432151 0.06851591
v -0.00000264 0.02309361 0.01388720
v -0.00000264 0.02350100 0.01204417
v -0.00000264 0.02390303 0.01018325
v -0.00640881 0.02280951 0.00648826
v -0.01111045 0.02149621 0.00834023
v -0.01248377 0.02109954 0.01019220
v -0.01481036 0.02042949 0.01203523
v -0.01337240 0.02083152 0.01203523
v -0.01244338 0.02108882 0.01203523
v -0.01666031 0.01988809 0.01388720
v -0.00000264 0.02401023 0.00463628
v -0.00185259 0.02363501 0.00278431
v -0.00185259 0.02380118 0.00463628
v -0.00370255 0.02339915 0.00278431
v -0.00555250 0.02292207 0.00168386
v -0.00925241 0.02146405 0.00128126
v -0.01067421 0.02118531 0.00154072
v -0.01191021 0.02091729 0.00225645
v -0.00925241 0.02198937 0.00278431
v -0.01241915 0.02110490 0.00648826
v -0.01111045 0.02150157 0.00648826
v -0.01843756 0.01937885 0.01388720
v -0.01936658 0.01910011 0.01388720
v -0.02036022 0.01878921 0.01573917
v -0.02221826 0.01810844 0.01759114
v -0.02368045 0.01745983 0.01944312
v -0.02802663 0.01522991 0.02685100
v -0.02961807 0.01451698 0.02870298
v -0.02591009 0.01633415 0.02314706
v 0.00368919 0.02293816 0.01345776
v 0.00184732 0.02377974 0.01018325
v 0.00368919 -0.03036024 0.09038171
v 0.00368919 -0.03041921 0.08976439
v 0.00368919 -0.03034952 0.08792136
v 0.00368919 -0.03021551 0.08606939
v -0.01666031 -0.01510456 0.00062815
v -0.01296040 -0.01695926 0.00054763
v -0.00740246 -0.01510456 -0.00088385
v -0.01285538 -0.01881931 0.00128126
v -0.01666031 -0.01661619 0.00130810
v -0.00925241 -0.01325523 -0.00100015
v -0.01296040 -0.02839834 0.08051347
v -0.01296040 -0.02759428 0.07125361
v -0.01481036 -0.02816784 0.08051347
v -0.01481036 -0.02784086 0.07680953
v -0.01296040 -0.02677414 0.06200269
v -0.01906768 -0.02709040 0.07495756
v -0.01939081 -0.02713328 0.07595064
v -0.00644921 -0.02342925 0.01487134
v -0.01296040 -0.02473183 0.03979692
v -0.01945544 -0.02529467 0.05735040
v -0.01783976 -0.02351502 0.03795389
v -0.01111045 -0.02263055 0.01759114
v -0.00740246 -0.02215884 0.00648826
v -0.00822645 -0.02155848 0.00392949
v -0.01566667 -0.01783836 0.00197910
v -0.01792054 -0.01623560 0.00158545
v -0.01443067 -0.01821359 0.00148703
v -0.01242723 -0.01993964 0.00278431
v -0.01335624 -0.01943576 0.00278431
v -0.01604635 -0.01805814 0.00320481
v -0.01111045 -0.02105996 0.00648826
v -0.01111045 -0.02078122 0.00463628
v -0.01943928 -0.02158528 0.02777252
v -0.02221826 -0.02466214 0.05644678
v 0.00184732 -0.02995285 0.08421742
v -0.00000264 -0.02982420 0.08421742
v -0.00439729 -0.02962587 0.08606939
v -0.00439729 -0.02947578 0.08421742
v -0.00439729 -0.02880573 0.07612063
v -0.00741054 -0.02892366 0.08051347
v -0.00740246 -0.02815712 0.07125361
v -0.00439729 -0.02970627 0.08722352
v -0.00439729 -0.02975452 0.08792136
v -0.00439729 0.01450089 -0.00101805
v -0.01481036 -0.00585252 -0.00100910
v -0.00000264 0.01635023 -0.00098226
v 0.00368919 0.02190360 0.00068183
v 0.00184732 0.02190360 0.00062815
v -0.00000264 0.02374757 0.00278431
v -0.00000264 0.02321154 0.00130810
v -0.03713099 0.00299749 0.07115520
v -0.03846393 0.00125000 0.07310558
v -0.03624237 0.00441263 0.06755861
v -0.03650088 0.00458953 0.06570664
v -0.03797115 0.00249897 0.07046630
v -0.03978071 -0.00126402 0.07577171
v -0.03932024 -0.00043316 0.07507386
v -0.03985342 -0.00113001 0.07452811
v -0.04020079 -0.00199304 0.07507386
v -0.04045122 -0.00215921 0.07310558
v -0.04043506 -0.00030987 0.06385467
v -0.04101671 -0.00400319 0.07495756
v -0.04142063 -0.00558450 0.07680953
v -0.04173568 -0.00650649 0.07680953
v -0.04195380 -0.00770722 0.07680953
v -0.04217192 -0.00955655 0.07680953
v -0.04221231 -0.01140589 0.07680953
v -0.04193764 -0.01510456 0.07866150
v 0.00060324 -0.03014047 0.09038171
v -0.04176800 -0.01708255 0.07858992
v -0.04193764 -0.01510456 0.07680953
v -0.04175184 -0.01658939 0.07680953
v -0.04163067 -0.01779012 0.07792787
v -0.04068549 -0.01695926 0.06941058
v -0.04082282 -0.01881395 0.07495756
v -0.04012808 -0.02018085 0.07495756
v -0.03984534 -0.01979491 0.07196935
v -0.03973224 -0.02152631 0.07792787
v -0.03861742 -0.02205699 0.07680953
v -0.03807617 -0.02168176 0.07365133
v -0.03636354 -0.02175681 0.06941058
v -0.03747836 -0.02319340 0.07866150
v -0.03427124 -0.02345069 0.07211250
v -0.03347955 -0.02209451 0.06372941
v -0.03071674 -0.02168176 0.05509582
v -0.02498107 -0.02157992 0.04073633
v -0.02323613 -0.02163352 0.03679977
v -0.02120845 -0.02155848 0.03161961
v -0.03217085 -0.02337029 0.06708444
v -0.01551318 -0.02152095 0.01899578
v -0.02969078 -0.02367047 0.06389940
v -0.03146803 -0.02392241 0.06941058
v -0.02308264 -0.02342389 0.04824263
v -0.02190320 -0.02362223 0.04719586
v -0.02922223 -0.02539652 0.07680953
v -0.02591009 -0.02603977 0.07680953
v -0.02406013 -0.02639355 0.07680953
v -0.02591009 -0.02621130 0.07866150
v -0.00185259 -0.03000110 0.08976439
v -0.01666031 -0.02791590 0.08051347
v -0.02221826 -0.02688671 0.07866150
v -0.02123269 -0.02713328 0.07973511
v -0.02101457 -0.02709576 0.07866150
v -0.02008556 -0.02725121 0.07866150
v -0.01973818 -0.02718689 0.07718529
v -0.03109642 0.01379332 0.03055495
v -0.03331798 0.01234066 0.03424995
v -0.03202544 0.01342882 0.03055495
v -0.03425508 0.01172421 0.03522514
v -0.03402081 0.01160092 0.03645979
v -0.03605656 0.00614404 0.05911290
v -0.03623429 0.00626197 0.05787825
v -0.01248377 0.02110490 0.00834023
v -0.01340471 0.02083688 0.01019220
v -0.00185259 0.02317937 0.00132599
v -0.00370255 0.02308825 0.00143336
v -0.00439729 0.02302392 0.00152282
v -0.00555250 0.02190360 0.00099496
v -0.00370255 0.02190360 0.00074446
v -0.00925241 0.02004890 0.00061025
v -0.01296040 0.01971120 0.00128126
v -0.01426102 0.01935205 0.00154966
v -0.01549702 0.01897146 0.00232803
v -0.01485075 0.01951286 0.00288272
v -0.01581208 0.01916980 0.00356268
v -0.01606251 0.01929845 0.00463628
v -0.01759741 0.01913228 0.00738293
v -0.01776705 0.01920196 0.00834023
v -0.01898689 0.01892858 0.01019220
v -0.01210409 0.02100305 0.00350005
v -0.01121547 0.02127643 0.00283799
v -0.01224950 0.02106202 0.00463628
v -0.01334816 0.02078864 0.00648826
v -0.01341279 0.02083152 0.00834023
v -0.01666031 0.01989345 0.01203523
v -0.01921309 0.01904115 0.01203523
v -0.02036022 0.01874097 0.01388720
v -0.02221826 0.01816204 0.01573917
v -0.02381778 0.01754560 0.01759114
v -0.02460139 0.01713821 0.01944312
v -0.02837400 0.01531568 0.02499903
v -0.02744498 0.01563194 0.02499903
v -0.02961807 0.01469387 0.02685100
v 0.00245320 -0.03027984 0.09038171
v 0.00184732 -0.03029592 0.08976439
v 0.00184732 -0.03022087 0.08792136
v 0.00184732 -0.03009758 0.08606939
v -0.01852642 -0.01517961 0.00118285
v -0.02045716 -0.01334635 0.00111127
v -0.01851027 -0.01325523 0.00053868
v -0.01111045 -0.01325523 -0.00074965
v -0.01296040 -0.01140589 -0.00077649
v -0.01481036 -0.00770722 -0.00091963
v -0.02036022 -0.02704216 0.07666638
v -0.01407522 -0.02532147 0.04777740
v -0.02036022 -0.02651684 0.07125361
v -0.01850219 -0.02539652 0.05661676
v -0.02406013 -0.02601832 0.07310558
v -0.01973011 -0.02352574 0.04197097
v -0.01186982 -0.02154239 0.01145369
v -0.01666031 -0.01750066 0.00266800
v -0.01852642 -0.01645002 0.00287378
v -0.01915654 -0.01583893 0.00231908
v -0.01990783 -0.01460604 0.00146019
v -0.01412369 -0.01985923 0.00648826
v -0.01366322 -0.01961801 0.00425157
v -0.01639372 -0.01824039 0.00463628
v -0.01732274 -0.01773115 0.00463628
v -0.01851027 -0.01705038 0.00463628
v -0.01982705 -0.01627849 0.00463628
v -0.01952815 -0.01609087 0.00355373
v -0.00000264 -0.02996357 0.08606939
v -0.00185259 -0.02982420 0.08606939
v -0.00370255 -0.02980812 0.08792136
v -0.00000264 -0.03015119 0.08976439
v -0.01481036 0.00523813 -0.00100910
v -0.01296040 0.00894753 -0.00100910
v -0.00555250 0.01449553 -0.00100910
v -0.00185259 0.01635023 -0.00098226
v -0.01666031 -0.00215921 -0.00090174
v -0.01666031 -0.00030987 -0.00093753
v -0.00000264 0.02190360 0.00061920
v -0.00185259 0.02190360 0.00064604
v -0.03848817 0.00165739 0.07115520
v -0.03938487 -0.00005794 0.07310558
v -0.03742182 0.00388195 0.06570664
v -0.03672707 0.00476642 0.06385467
v -0.03764801 0.00405885 0.06385467
v -0.03795499 0.00432151 0.06111697
v -0.03806809 0.00260082 0.06941058
v -0.03953028 0.00012968 0.07125361
v -0.03965146 0.00033873 0.06941058
v -0.03980495 0.00062820 0.06670867
v -0.04002306 -0.00079231 0.07125361
v -0.04010385 -0.00058861 0.06941058
v -0.04010385 -0.00019731 0.06742441
v -0.04028965 -0.00030987 0.06570664
v -0.04008769 0.00126072 0.06015072
v -0.04014424 0.00144298 0.05829875
v -0.04055624 -0.00030987 0.06200269
v -0.04113788 -0.00400319 0.07310558
v -0.04095208 -0.00215921 0.06570664
v -0.04066126 -0.00030987 0.06015072
v -0.04159027 -0.00525216 0.07125361
v -0.04175184 -0.00639392 0.07495756
v -0.04160643 -0.00520391 0.06941058
v -0.04196996 -0.00770722 0.07495756
v -0.04193764 -0.00770722 0.07125361
v -0.04213153 -0.00955655 0.07495756
v -0.04208305 -0.00955655 0.07310558
v -0.04202651 -0.00955655 0.07125361
v -0.04213153 -0.01140589 0.07495756
v 0.00184732 -0.03023695 0.09038171
v -0.04195380 -0.01140589 0.07125361
v -0.04186494 -0.01140589 0.06941058
v -0.04167106 -0.01060719 0.06446304
v -0.04169529 -0.01441307 0.07169200
v -0.04170337 -0.01625705 0.07533332
v -0.04163875 -0.01597831 0.07409867
v -0.03980495 -0.01050534 0.04803685
v -0.03986957 -0.01253693 0.05317228
v -0.03991804 -0.01449884 0.05829875
v -0.03978071 -0.01600511 0.06115276
v -0.03982110 -0.01794021 0.06646711
v -0.03791460 -0.01413969 0.04639066
v -0.03791460 -0.01599975 0.05191973
v -0.03609696 -0.01418793 0.03886646
v -0.03802770 -0.01796701 0.05890713
v -0.03617774 -0.01610159 0.04597911
v -0.03785805 -0.01967162 0.06501774
v -0.03615351 -0.02162816 0.06831014
v -0.03619390 -0.01796165 0.05336016
v -0.03432779 -0.01609087 0.04049476
v -0.03619390 -0.01980563 0.06078594
v -0.03419853 -0.02155848 0.06303157
v -0.03245360 -0.02162280 0.05905922
v -0.02985235 -0.02122077 0.05089086
v -0.02185473 -0.01818679 0.01759114
v -0.02054602 -0.01843873 0.01556024
v -0.01619176 -0.01997716 0.01203523
v -0.02221826 -0.02672590 0.07680953
v -0.03126607 0.01389517 0.02870298
v -0.03331798 0.01258724 0.03239798
v -0.03218701 0.01347170 0.02870298
v -0.03331798 0.01272124 0.03055495
v -0.03434394 0.01179390 0.03424995
v -0.03615351 0.00992848 0.03739920
v -0.03604041 0.00982663 0.03864279
v -0.03616158 0.00806842 0.04840367
v -0.03600002 0.00796121 0.04964727
v -0.03641201 0.00639062 0.05644678
v -0.00370255 0.01635023 -0.00091069
v -0.01296040 0.01819957 0.00061025
v -0.00439729 0.01635023 -0.00084806
v -0.00555250 0.01634487 -0.00073175
v -0.00740246 0.01449553 -0.00099120
v -0.00925241 0.01449553 -0.00078544
v -0.01485075 0.01829605 0.00113811
v -0.01666031 0.01765281 0.00149598
v -0.01763780 0.01731510 0.00180017
v -0.01792862 0.01750808 0.00278431
v -0.01956046 0.01735798 0.00534308
v -0.02113575 0.01717037 0.00771396
v -0.02145081 0.01736871 0.00895755
v -0.02298570 0.01718645 0.01145369
v -0.01733082 0.01898218 0.00615723
v -0.02326845 0.01733654 0.01268834
v -0.02350272 0.01744911 0.01388720
v -0.01805788 0.01931989 0.01019220
v -0.02221826 0.01801731 0.01388720
v -0.02376123 0.01755096 0.01573917
v -0.02474680 0.01717573 0.01759114
v -0.02591009 0.01661825 0.01944312
v -0.02855173 0.01536392 0.02314706
v -0.02762271 0.01572843 0.02314706
v -0.02961807 0.01481180 0.02499903
v -0.00000264 -0.03008686 0.08792136
v -0.02174163 -0.01279959 0.00146914
v -0.02230712 -0.01149166 0.00112022
v -0.02221826 -0.00955655 0.00053868
v -0.02406013 -0.00585252 0.00052079
v -0.02113575 -0.01403248 0.00210436
v -0.02074799 -0.01561916 0.00463628
v -0.02189512 -0.01469717 0.00463628
v -0.02150735 -0.01438627 0.00334795
v -0.01901921 -0.01766683 0.00834023
v -0.01845372 -0.01753282 0.00636300
v -0.02043293 -0.01645538 0.00658667
v -0.02109536 -0.01589790 0.00602303
v -0.01666031 0.00153946 -0.00091963
v -0.01481036 0.00709283 -0.00096437
v -0.01296040 0.01079686 -0.00086595
v -0.01111045 0.01264620 -0.00086595
v -0.02406013 -0.00400319 0.00049395
v -0.02406013 0.00338880 0.00049395
v -0.02406013 0.00523813 0.00050290
v -0.03884362 0.00153946 0.06941058
v -0.03788228 0.00611188 0.05148134
v -0.03818119 0.00456272 0.05829875
v -0.03836699 0.00295461 0.06570664
v -0.03822158 0.00277771 0.06755861
v -0.03923946 0.00136793 0.06742441
v -0.03942526 0.00181820 0.06385467
v -0.03954644 0.00200046 0.06200269
v -0.03965146 0.00218807 0.06015072
v -0.03974840 0.00237032 0.05829875
v -0.03979687 0.00246145 0.05735934
v -0.03994228 0.00089085 0.06385467
v -0.04001498 0.00107847 0.06200269
v -0.03990996 0.00268123 0.05459481
v -0.04030581 0.00153946 0.05459481
v -0.04071781 -0.00030987 0.05829875
v -0.04174376 -0.00612590 0.06941058
v -0.04074204 -0.00030987 0.05644678
v -0.04108133 -0.00215921 0.06015072
v -0.04140447 -0.00400319 0.06385467
v -0.04173568 -0.00615270 0.06755861
v -0.04171953 -0.00621703 0.06570664
v -0.04185686 -0.00770722 0.06755861
v -0.04180031 -0.00770722 0.06570664
v -0.04172761 -0.00770722 0.06385467
v -0.04167106 -0.00770722 0.06247687
v -0.04166298 -0.00891331 0.06253950
v -0.04178416 -0.00955655 0.06570664
v -0.04163067 -0.01218851 0.06682498
v -0.04169529 -0.00954047 0.06384572
v -0.04162259 -0.01014620 0.06321945
v -0.04148525 -0.01129868 0.06384572
v -0.04125906 -0.01140589 0.06200269
v -0.04127522 -0.01325523 0.06570664
v -0.03972416 -0.01014084 0.04681115
v -0.03907789 -0.01140589 0.04534389
v -0.03944950 -0.01123436 0.04733006
v -0.04082282 -0.01140589 0.05829875
v -0.04057239 -0.00955655 0.05274283
v -0.04012808 -0.00955655 0.04904783
v -0.03963530 -0.01374838 0.05459481
v -0.03816503 -0.01270846 0.04350086
v -0.03802770 -0.01247261 0.04216780
v -0.03780150 -0.01395744 0.04534389
v -0.03645241 -0.01281567 0.03610192
v -0.03622621 -0.01249405 0.03424995
v -0.03609696 -0.01233324 0.03331949
v -0.03591115 -0.01398960 0.03763181
v -0.03472363 -0.01457388 0.03610192
v -0.03597578 -0.01594078 0.04475341
v -0.03596770 -0.01965554 0.05956024
v -0.03516794 -0.02072761 0.06200269
v -0.03278481 -0.01997716 0.05274283
v -0.02499723 -0.01789197 0.02405068
v -0.03331798 -0.01699678 0.04164889
v -0.03405312 -0.01776868 0.04674853
v -0.03408543 -0.01593542 0.03926906
v -0.03238089 -0.01602655 0.03521619
v -0.02302610 -0.01781692 0.01879895
v -0.02108728 -0.01777940 0.01388720
v -0.03133878 0.01396486 0.02685100
v -0.03446512 0.01189574 0.03239798
v -0.03225971 0.01349850 0.02685100
v -0.03450551 0.01194399 0.03055495
v -0.03622621 0.01000352 0.03610192
v -0.03778535 0.00779504 0.03979692
v -0.03768032 0.00768783 0.04164889
v -0.03798731 0.00620837 0.05024670
v -0.03629084 0.00817027 0.04719586
v -0.01851027 0.01449553 0.00069972
v -0.01666031 0.01634487 0.00080708
v -0.01836486 0.01624838 0.00144230
v -0.01922117 0.01710605 0.00409948
v -0.01959277 0.01556761 0.00168386
v -0.01995630 0.01586779 0.00278431
v -0.02318766 0.01546040 0.00733819
v -0.02514264 0.01554081 0.01084531
v -0.02672601 0.01533712 0.01318041
v -0.02704914 0.01556761 0.01440611
v -0.02442366 0.01697204 0.01388720
v -0.02469025 0.01713285 0.01573917
v -0.02591009 0.01663969 0.01759114
v -0.02769541 0.01582491 0.01944312
v -0.02861635 0.01539072 0.02129509
v -0.02354311 -0.01093417 0.00146914
v -0.02297762 -0.01216707 0.00213120
v -0.02412476 -0.00952975 0.00123653
v -0.02406013 -0.00770722 0.00071762
v -0.02591009 -0.00215921 0.00087866
v -0.02310688 -0.01415041 0.00562042
v -0.02281606 -0.01385559 0.00463628
v -0.02341386 -0.01441843 0.00685507
v -0.02070759 -0.01757034 0.01203523
v -0.02023904 -0.01742025 0.01022799
v -0.02036022 -0.01691637 0.00834023
v -0.02156390 -0.01620880 0.00834023
v -0.02134579 -0.01607479 0.00726662
v -0.02248484 -0.01558164 0.00834023
v -0.02376123 -0.01465965 0.00834023
v -0.01666031 0.00338880 -0.00083911
v -0.02406013 0.00709283 0.00062815
v -0.02221826 0.00894753 0.00050290
v -0.02036022 0.01264620 0.00069078
v -0.02591009 -0.00030987 0.00087866
v -0.02591009 0.00338880 0.00095023
v -0.03831852 0.00472890 0.05644678
v -0.03849624 0.00313150 0.06385467
v -0.03881130 0.00338880 0.06015072
v -0.03905365 0.00338880 0.05829875
v -0.03936871 0.00360857 0.05459481
v -0.03947373 0.00372650 0.05274283
v -0.03955451 0.00379619 0.05089086
v -0.03995036 0.00279916 0.05274283
v -0.04033812 0.00153946 0.05274283
v -0.04073396 -0.00030987 0.05459481
v -0.04106518 -0.00215921 0.05829875
v -0.04138831 -0.00400319 0.06200269
v -0.04159835 -0.00546121 0.06385467
v -0.04167914 -0.00638320 0.06385467
v -0.04166298 -0.00659762 0.06270949
v -0.04162259 -0.00770722 0.06155536
v -0.04153372 -0.00770722 0.06015072
v -0.04139639 -0.00770722 0.05829875
v -0.04157412 -0.00954047 0.06194901
v -0.04140447 -0.00955655 0.06015072
v -0.04121059 -0.00955655 0.05829875
v -0.04079051 -0.00955655 0.05459481
v -0.03805193 -0.00892403 0.03458992
v -0.03873052 -0.00955655 0.03979692
v -0.03985342 -0.00890795 0.04585385
v -0.03977263 -0.00847375 0.04463710
v -0.03923138 -0.00770722 0.03979692
v -0.03894056 -0.00770722 0.03795389
v -0.03864165 -0.00770722 0.03610192
v -0.03801154 -0.00700501 0.03106491
v -0.03793883 -0.01046246 0.03705922
v -0.03873860 -0.01140589 0.04350086
v -0.04066126 -0.00770722 0.05089086
v -0.04044314 -0.00770722 0.04904783
v -0.03789844 -0.01223139 0.04094210
v -0.03687249 -0.01140589 0.03424995
v -0.03565264 -0.01373766 0.03610192
v -0.03644433 -0.01142197 0.03258586
v -0.03629084 -0.01077872 0.03055495
v -0.03613735 -0.01054823 0.02947240
v -0.03440049 -0.00885434 0.01991729
v -0.03393195 -0.01008723 0.02129509
v -0.03413391 -0.01034453 0.02252974
v -0.03420661 -0.01230107 0.02785304
v -0.03445704 -0.01435411 0.03460782
v -0.02961807 -0.01706110 0.03239798
v -0.02610397 -0.01744169 0.02499903
v -0.02573236 -0.01726480 0.02331705
v -0.02356735 -0.01632137 0.01388720
v -0.02191935 -0.01643930 0.01019220
v -0.02277567 -0.01768291 0.01759114
v -0.03348763 -0.01491695 0.03409785
v -0.03326144 -0.01559772 0.03594088
v -0.03135493 -0.01545835 0.03055495
v -0.02615244 -0.01556019 0.01759114
v -0.02870522 -0.01604263 0.02589371
v -0.02330884 -0.01614984 0.01252729
v -0.02961807 0.01487076 0.02314706
v -0.03539414 0.01104880 0.03239798
v -0.03331798 0.01273196 0.02685100
v -0.03448128 0.01193327 0.02870298
v -0.02861635 0.01538536 0.01944312
v -0.03223548 0.01347170 0.02499903
v -0.03543453 0.01103808 0.03055495
v -0.03629084 0.01008393 0.03424995
v -0.03784189 0.00785401 0.03795389
v -0.03831852 0.00675513 0.04164889
v -0.03828621 0.00665328 0.04350086
v -0.03822965 0.00654607 0.04534389
v -0.03814887 0.00641742 0.04719586
v -0.03805193 0.00629413 0.04904783
v -0.03852048 0.00539359 0.05087297
v -0.03855279 0.00506660 0.05274283
v -0.03844777 0.00488971 0.05459481
v -0.02027136 0.01441513 0.00136178
v -0.02145888 0.01374508 0.00165702
v -0.02087724 0.01503157 0.00278431
v -0.02120038 0.01533712 0.00385792
v -0.02477911 0.01524063 0.00961961
v -0.02280798 0.01511198 0.00609460
v -0.02866482 0.01354138 0.01301937
v -0.02641095 0.01504765 0.01203523
v -0.02899604 0.01386301 0.01424507
v -0.02935149 0.01416855 0.01573917
v -0.02825282 0.01509054 0.01573917
v -0.02732381 0.01571771 0.01573917
v -0.02591009 0.01650032 0.01573917
v -0.02758232 0.01581419 0.01759114
v -0.02477911 -0.01013012 0.00226540
v -0.02512648 -0.00889722 0.00166597
v -0.02406013 -0.01138445 0.00282010
v -0.02333308 -0.01254229 0.00335690
v -0.02540115 -0.00770722 0.00140652
v -0.02574044 -0.00585252 0.00120969
v -0.02607973 -0.00412111 0.00120074
v -0.02697644 -0.00358507 0.00166597
v -0.02705722 -0.00215921 0.00156756
v -0.02488413 -0.01220995 0.00578146
v -0.02459331 -0.01186688 0.00463628
v -0.02366429 -0.01292824 0.00463628
v -0.02468217 -0.01385023 0.00834023
v -0.02702491 -0.01253693 0.01072900
v -0.02518303 -0.01257446 0.00700717
v -0.02491644 -0.01411825 0.00943173
v -0.02420554 -0.01484726 0.01010273
v -0.02542538 -0.01452028 0.01203523
v -0.02515880 -0.01432194 0.01067532
v -0.02602318 0.00523277 0.00123653
v -0.02553848 0.00709283 0.00130810
v -0.02420554 0.00905473 0.00114706
v -0.02221826 0.01079686 0.00076235
v -0.02212939 0.01252827 0.00139757
v -0.02705722 -0.00030987 0.00156756
v -0.02700067 0.00338880 0.00163018
v -0.02693604 0.00460561 0.00171965
v -0.03879514 0.00523813 0.04904783
v -0.03833468 0.00686769 0.03979692
v -0.03960299 0.00380691 0.04904783
v -0.03995036 0.00286884 0.05089086
v -0.03994228 0.00287956 0.04904783
v -0.04031389 0.00153946 0.05089086
v -0.04068549 -0.00030987 0.05274283
v -0.04101671 -0.00215921 0.05644678
v -0.04133984 -0.00400319 0.06015072
v -0.04158219 -0.00593293 0.06205638
v -0.04126714 -0.00400319 0.05829875
v -0.04118635 -0.00400319 0.05644678
v -0.04108941 -0.00400319 0.05459481
v -0.04137216 -0.00585252 0.05829875
v -0.04125906 -0.00585252 0.05644678
v -0.04086322 -0.00400319 0.05089086
v -0.04123482 -0.00770722 0.05644678
v -0.04098439 -0.00585252 0.05274283
v -0.04083090 -0.00585252 0.05089086
v -0.04106518 -0.00770722 0.05459481
v -0.04087130 -0.00770722 0.05274283
v -0.03793883 -0.00860776 0.03336422
v -0.03784997 -0.01022124 0.03610192
v -0.03986149 -0.00714438 0.04350086
v -0.03979687 -0.00680667 0.04253462
v -0.03969185 -0.00807172 0.04350086
v -0.03955451 -0.00753568 0.04180993
v -0.03906173 -0.00585252 0.03610192
v -0.03849624 -0.00585252 0.03239798
v -0.03790652 -0.00662442 0.02983921
v -0.03727640 -0.01140589 0.03610192
v -0.04045122 -0.00585252 0.04719586
v -0.04002306 -0.00585252 0.04350086
v -0.03736527 -0.00955655 0.03239798
v -0.03693711 -0.00955655 0.03055495
v -0.03422277 -0.01416649 0.03338212
v -0.03646856 -0.00960480 0.02879244
v -0.03629892 -0.00899371 0.02685100
v -0.03614543 -0.00872569 0.02572372
v -0.03595963 -0.01025876 0.02823775
v -0.03557186 -0.00758393 0.02135772
v -0.03478825 -0.00782515 0.01935365
v -0.03418237 -0.00851664 0.01867370
v -0.03368151 -0.00950295 0.01935365
v -0.03244552 -0.01054287 0.01839635
v -0.03266364 -0.01075728 0.01944312
v -0.03202544 -0.01202233 0.02129509
v -0.03226779 -0.01222603 0.02252974
v -0.03251014 -0.01427370 0.02932925
v -0.02908490 -0.01448812 0.02129509
v -0.03630700 0.01012145 0.03239798
v -0.03440857 0.01187966 0.02685100
v -0.03541029 0.01094159 0.02870298
v -0.02961807 0.01476355 0.01944312
v -0.03109642 0.01396486 0.02129509
v -0.03121760 0.01399702 0.02314706
v -0.02851133 0.01531568 0.01759114
v -0.03214662 0.01338057 0.02314706
v -0.03628276 0.01011073 0.03055495
v -0.03785805 0.00785401 0.03610192
v -0.03712291 0.00894753 0.03424995
v -0.02323613 0.01183142 0.00173754
v -0.02275951 0.01313935 0.00278431
v -0.02307457 0.01350386 0.00381319
v -0.02183049 0.01409886 0.00278431
v -0.02345425 0.01387909 0.00504783
v -0.02879408 0.01185286 0.01093478
v -0.02910914 0.01226025 0.01203523
v -0.02968270 0.01274268 0.01376194
v -0.03027243 0.01324120 0.01573917
v -0.02506185 0.01364323 0.00728451
v -0.02667753 0.01339665 0.00953014
v -0.02684718 0.01172421 0.00740977
v -0.03049862 0.01352530 0.01677699
v -0.03070866 0.01372364 0.01801164
v -0.02509417 -0.01060183 0.00350005
v -0.03049862 -0.00857024 0.01119423
v -0.02862443 -0.00850056 0.00753502
v -0.02666946 -0.00585252 0.00215804
v -0.02670177 -0.00835046 0.00394739
v -0.02635440 -0.00772330 0.00280221
v -0.02680679 -0.00481796 0.00190753
v -0.02743691 -0.00412111 0.00262327
v -0.03056325 -0.00316160 0.00738293
v -0.02914145 -0.00215921 0.00483311
v -0.02785698 -0.00215921 0.00278431
v -0.02787314 -0.00030987 0.00278431
v -0.03061980 -0.01057503 0.01466556
v -0.02877792 -0.01058575 0.01094373
v -0.02591009 -0.01140053 0.00649720
v -0.02855173 -0.01218315 0.01326987
v -0.02826898 -0.01183472 0.01203523
v -0.02687950 -0.01421474 0.01471925
v -0.02966655 -0.01285856 0.01776113
v -0.02908490 -0.01267630 0.01573917
v -0.02882639 -0.01245653 0.01451347
v -0.02883447 -0.01430050 0.01999781
v -0.02522342 0.00850797 0.00156756
v -0.02362390 0.01079686 0.00143336
v -0.02782467 0.00153946 0.00278431
v -0.02774388 0.00338880 0.00278431
v -0.03061172 0.00288492 0.00730241
v -0.03009470 0.00345848 0.00660456
v -0.03050670 0.00411781 0.00747240
v -0.02891525 0.00489507 0.00519098
v -0.02733189 0.00523277 0.00272168
v -0.02671793 0.00583850 0.00206857
v -0.03831852 0.00692666 0.03795389
v -0.03902942 0.00523813 0.04350086
v -0.03903750 0.00523813 0.04164889
v -0.03961914 0.00376403 0.04719586
v -0.03962722 0.00368362 0.04534389
v -0.03990996 0.00284204 0.04719586
v -0.04025734 0.00153946 0.04904783
v -0.04096016 -0.00215921 0.05459481
v -0.04062086 -0.00030987 0.05089086
v -0.04087937 -0.00215921 0.05274283
v -0.04078243 -0.00215921 0.05089086
v -0.04066934 -0.00215921 0.04904783
v -0.04052392 -0.00215921 0.04719586
v -0.04071781 -0.00400319 0.04904783
v -0.04054816 -0.00400319 0.04719586
v -0.04065318 -0.00585252 0.04904783
v -0.03772072 -0.00954583 0.03408891
v -0.03784997 -0.00832366 0.03239798
v -0.03979687 -0.00494125 0.04070948
v -0.03933640 -0.00400319 0.03610192
v -0.03910212 -0.00400319 0.03424995
v -0.03932024 -0.00585252 0.03795389
v -0.03883554 -0.00400319 0.03239798
v -0.03798731 -0.00324201 0.02568793
v -0.03795499 -0.00495197 0.02774568
v -0.03730872 -0.00770722 0.02870298
v -0.03769648 -0.00765897 0.03049232
v -0.03779342 -0.00622239 0.02870298
v -0.03714715 -0.00585252 0.02499903
v -0.03973224 -0.00400319 0.03945694
v -0.03614543 -0.00688172 0.02201977
v -0.03166191 -0.01356613 0.02499903
v -0.03597578 -0.00648505 0.02078512
v -0.03576574 -0.00586324 0.01937154
v -0.03449743 -0.00728375 0.01793112
v -0.03423084 -0.00674771 0.01670542
v -0.03266364 -0.00723550 0.01388720
v -0.03234858 -0.00857024 0.01489818
v -0.03265556 -0.00896155 0.01613283
v -0.03291406 -0.00956727 0.01770745
v -0.03215469 -0.01019444 0.01717065
v -0.03166999 -0.01168463 0.01944312
v -0.03055517 -0.01233860 0.01848582
v -0.03431971 0.01179926 0.02551794
v -0.03620197 0.01001425 0.02870298
v -0.03091062 0.01387373 0.01944312
v -0.03202544 0.01323048 0.02129509
v -0.03697750 0.00894753 0.03055495
v -0.03708252 0.00894753 0.03239798
v -0.03828621 0.00692666 0.03610192
v -0.03784997 0.00780040 0.03424995
v -0.02491644 0.00974087 0.00197016
v -0.02455291 0.01086655 0.00266800
v -0.02485182 0.01153660 0.00392949
v -0.02523150 0.01200831 0.00516414
v -0.02356735 0.01221737 0.00278431
v -0.02414899 0.01275877 0.00448419
v -0.02469025 0.01324120 0.00605881
v -0.02912529 0.01073790 0.01026378
v -0.03037744 0.01146155 0.01326987
v -0.02843055 0.01132218 0.00970908
v -0.03070058 0.01194935 0.01451347
v -0.03099141 0.01231921 0.01573917
v -0.02527997 0.01030371 0.00320481
v -0.02687142 0.00992848 0.00549517
v -0.03246975 0.01182070 0.01832477
v -0.03265556 0.01204047 0.01944312
v -0.03183156 0.01296782 0.01944312
v -0.03031282 -0.01020516 0.01342197
v -0.03209815 -0.00816285 0.01388720
v -0.03242128 -0.00683883 0.01290306
v -0.02834169 -0.00781443 0.00641668
v -0.02700067 -0.00711757 0.00342848
v -0.02721879 -0.00585252 0.00307955
v -0.02880216 -0.00523072 0.00538781
v -0.03040976 -0.00439449 0.00764238
v -0.02994929 -0.00386381 0.00664930
v -0.03092678 -0.00386381 0.00828655
v -0.03253438 -0.00356363 0.01087215
v -0.03348763 -0.00215921 0.01203523
v -0.03267171 -0.00215921 0.01064848
v -0.03211430 -0.00215921 0.00971802
v -0.03063596 -0.00215921 0.00726662
v -0.03276865 -0.00030987 0.01050533
v -0.03219509 -0.00030987 0.00957488
v -0.03069250 -0.00030987 0.00717715
v -0.03010278 -0.00030987 0.00624669
v -0.02858404 -0.00030987 0.00387581
v -0.03031282 -0.01211346 0.01725117
v -0.02652405 0.00724828 0.00272168
v -0.02914953 0.00153946 0.00484206
v -0.03007855 0.00153946 0.00629143
v -0.03066827 0.00153946 0.00721294
v -0.03275250 0.00153946 0.01054112
v -0.03419853 0.00208622 0.01303726
v -0.03333414 0.00338880 0.01203523
v -0.03406120 0.00338880 0.01328777
v -0.03245360 0.00447696 0.01100635
v -0.02938380 0.00540431 0.00630932
v -0.02867290 0.00613332 0.00558464
v -0.02708146 0.00673368 0.00329428
v -0.03902942 0.00523813 0.03979692
v -0.03961106 0.00352817 0.04350086
v -0.03897287 0.00523813 0.03795389
v -0.03986957 0.00275627 0.04534389
v -0.03982918 0.00260618 0.04350086
v -0.03980495 0.00249361 0.04248094
v -0.04017655 0.00153946 0.04719586
v -0.04053200 -0.00030987 0.04904783
v -0.04041083 -0.00030987 0.04719586
v -0.03982110 0.00093910 0.04031583
v -0.03999883 -0.00030987 0.04164889
v -0.04037044 -0.00215921 0.04534389
v -0.04003114 -0.00215921 0.04164889
v -0.03986957 -0.00215921 0.03997585
v -0.04036236 -0.00400319 0.04534389
v -0.03956259 -0.00400319 0.03795389
v -0.03904558 -0.00215921 0.03239798
v -0.03881130 -0.00215921 0.03055495
v -0.03827005 -0.00215921 0.02685100
v -0.03803577 -0.00215921 0.02538374
v -0.03787421 -0.00215921 0.02445328
v -0.03760762 -0.00215921 0.02314706
v -0.03688056 -0.00400319 0.02129509
v -0.03728448 -0.00400319 0.02314706
v -0.03769648 -0.00391742 0.02503482
v -0.03854471 -0.00215921 0.02870298
v -0.03760762 -0.00568099 0.02701205
v -0.03675131 -0.00585252 0.02314706
v -0.03965953 -0.00215921 0.03795389
v -0.03925562 -0.00215921 0.03424995
v -0.03634739 -0.00586324 0.02135772
v -0.03621005 -0.00525216 0.01994413
v -0.03603233 -0.00473220 0.01870948
v -0.03490135 -0.00601869 0.01743010
v -0.03453782 -0.00551482 0.01607915
v -0.03604849 0.00978911 0.02628736
v -0.03545876 0.01063605 0.02687785
v -0.03419853 0.01167597 0.02429224
v -0.03490135 0.01095231 0.02494535
v -0.03679978 0.00894753 0.02870298
v -0.03612927 0.00991776 0.02751306
v -0.03293022 0.01230849 0.02129509
v -0.03779342 0.00763423 0.03239798
v -0.03822965 0.00687305 0.03424995
v -0.02566773 0.00905473 0.00266800
v -0.02877792 0.00819707 0.00726662
v -0.02846286 0.00942996 0.00779448
v -0.03074905 0.01022866 0.01258098
v -0.03005431 0.01082367 0.01199049
v -0.02881831 0.01008929 0.00903807
v -0.03108834 0.01082367 0.01388720
v -0.03231626 0.00972478 0.01496975
v -0.03196889 0.01082367 0.01564970
v -0.03221932 0.01145619 0.01709013
v -0.03040976 0.00961758 0.01134633
v -0.03285752 0.01082367 0.01766272
v -0.03434394 0.01001961 0.02010517
v -0.03453782 0.01028227 0.02129509
v -0.03385924 0.01120961 0.02129509
v -0.03333414 -0.00585252 0.01388720
v -0.03263132 -0.00585252 0.01251835
v -0.03212238 -0.00585252 0.01158789
v -0.03120952 -0.00598117 0.01004905
v -0.03049862 -0.00668874 0.00934226
v -0.02892333 -0.00726230 0.00698927
v -0.03077329 -0.00545585 0.00887703
v -0.03234858 -0.00479652 0.01119423
v -0.03295446 -0.00410503 0.01190102
v -0.03462669 -0.00215921 0.01410192
v -0.03413391 -0.00215921 0.01318936
v -0.03421469 -0.00092096 0.01301042
v -0.03379461 -0.00030451 0.01219627
v -0.03426316 0.00031729 0.01292095
v -0.03426316 0.00084797 0.01292095
v -0.02681487 0.00797194 0.00374161
v -0.03376230 0.00149658 0.01219627
v -0.03463477 0.00149658 0.01374405
v -0.03456206 0.00338880 0.01420928
v -0.03437625 0.00467529 0.01455820
v -0.03380269 0.00527030 0.01392298
v -0.03278481 0.00515237 0.01203523
v -0.03031282 0.00523813 0.00780342
v -0.03061980 0.00637454 0.00911859
v -0.02901220 0.00709283 0.00685507
v -0.02755000 0.00724828 0.00446630
v -0.03948989 0.00338880 0.03979692
v -0.03886785 0.00523813 0.03610192
v -0.03938487 0.00338880 0.03795389
v -0.03976455 0.00217199 0.04123734
v -0.03972416 0.00155018 0.03975219
v -0.03959491 0.00153946 0.03795389
v -0.03944950 0.00153946 0.03610192
v -0.03986149 -0.00030987 0.04002059
v -0.03967569 -0.00030987 0.03795389
v -0.03932024 -0.00030987 0.03424995
v -0.03911828 -0.00030987 0.03239798
v -0.03889209 -0.00030987 0.03055495
v -0.03835083 -0.00030987 0.02685100
v -0.03807617 -0.00030987 0.02511534
v -0.03792268 -0.00030987 0.02419383
v -0.03772072 -0.00030987 0.02314706
v -0.03730872 -0.00030987 0.02129509
v -0.03717138 -0.00215921 0.02129509
v -0.03638778 -0.00407287 0.01937154
v -0.03621005 -0.00349931 0.01819952
v -0.03862550 -0.00030987 0.02870298
v -0.03578998 -0.00407287 0.01758220
v -0.03422277 -0.00487693 0.01484450
v -0.03649280 0.00908154 0.02687785
v -0.03479633 0.01059853 0.02314706
v -0.03592731 0.00959613 0.02499903
v -0.03642817 0.00866879 0.02499903
v -0.03407736 0.01152052 0.02314706
v -0.03738142 0.00709283 0.02685100
v -0.03771264 0.00739301 0.03055495
v -0.03814079 0.00670688 0.03239798
v -0.03873052 0.00523813 0.03424995
v -0.03036937 0.00760743 0.00956593
v -0.03071674 0.00837933 0.01080058
v -0.03007047 0.00897969 0.01018325
v -0.03260709 0.01022330 0.01621335
v -0.03204968 0.00903865 0.01379773
v -0.03263940 0.00848653 0.01436138
v -0.03418237 0.00789689 0.01680383
v -0.03389155 0.00898505 0.01748378
v -0.03109642 0.00897969 0.01199049
v -0.03410967 0.00962830 0.01887053
v -0.03469132 0.00898505 0.01946996
v -0.03549108 0.00879208 0.02142034
v -0.03572535 0.00923163 0.02314706
v -0.03396426 -0.00415864 0.01385141
v -0.03443281 -0.00364404 0.01444190
v -0.03465092 -0.00030451 0.01373510
v -0.03542645 -0.00215921 0.01573917
v -0.03562033 -0.00030987 0.01573917
v -0.03555570 0.00153946 0.01573917
v -0.03525680 0.00338880 0.01573917
v -0.03469939 0.00527030 0.01566760
v -0.03446512 0.00666400 0.01623124
v -0.03414198 0.00590818 0.01500554
v -0.03256669 0.00658895 0.01265255
v -0.03221124 0.00570985 0.01141790
v -0.03924754 0.00338880 0.03610192
v -0.03907789 0.00338880 0.03424995
v -0.03927177 0.00153946 0.03424995
v -0.03905365 0.00153946 0.03239798
v -0.03881938 0.00153946 0.03055495
v -0.03833468 0.00153946 0.02685100
v -0.03807617 0.00153946 0.02503482
v -0.03793883 0.00153946 0.02410436
v -0.03778535 0.00153946 0.02314706
v -0.03742182 0.00153946 0.02129509
v -0.03671899 -0.00215921 0.01944312
v -0.03629084 -0.00215921 0.01792217
v -0.03596770 -0.00215921 0.01699171
v -0.03482865 -0.00415864 0.01557813
v -0.03624237 0.00830428 0.02314706
v -0.03711483 0.00709283 0.02499903
v -0.03790652 0.00599931 0.02806776
v -0.03798731 0.00628341 0.02930241
v -0.03765609 0.00698026 0.02868509
v -0.03805193 0.00647102 0.03055495
v -0.03855279 0.00523813 0.03239798
v -0.03230011 0.00782184 0.01311778
v -0.03392387 0.00720540 0.01566760
v -0.03478825 0.00720540 0.01748378
v -0.03444896 0.00839541 0.01803848
v -0.03592731 0.00763423 0.02089249
v -0.03612119 0.00807378 0.02212713
v -0.03604041 -0.00030987 0.01682172
v -0.03600809 0.00153946 0.01690225
v -0.03586268 0.00338880 0.01726011
v -0.03611311 0.00440727 0.01845898
v -0.03565264 0.00511485 0.01774324
v -0.03295446 0.00715716 0.01379773
v -0.03595963 0.00564016 0.01887053
v -0.03619390 0.00640134 0.02009623
v -0.03888401 0.00338880 0.03239798
v -0.03866589 0.00338880 0.03055495
v -0.03843969 0.00338880 0.02870298
v -0.03789036 0.00338880 0.02449802
v -0.03770456 0.00338880 0.02314706
v -0.03730872 0.00338880 0.02129509
v -0.03688056 0.00153946 0.01944312
v -0.03633123 -0.00030987 0.01775219
v -0.03682401 -0.00030987 0.01944312
v -0.03676746 0.00709283 0.02314706
v -0.03736527 0.00523813 0.02314706
v -0.03782574 0.00561336 0.02685100
v -0.03813272 0.00532926 0.02868509
v -0.03835891 0.00523813 0.03055495
v -0.03566072 0.00704995 0.01946996
v -0.03633931 0.00704995 0.02142034
v -0.03633123 0.00153946 0.01783271
v -0.03669476 0.00338880 0.01944312
v -0.03621813 0.00338880 0.01819057
v -0.03631508 0.00511485 0.01946996
v -0.03690480 0.00523813 0.02129509
v -0.03795499 0.00436439 0.02584897
v -0.03770456 0.00508804 0.02513323
f 1 2 3
f 1 3 4
f 1 4 5
f 1 5 6
f 1 6 7
f 1 7 8
f 1 8 2
f 2 9 10
f 2 10 3
f 2 8 9
f 3 10 11
f 3 11 12
f 3 12 4
f 4 12 13
f 4 13 14
f 4 14 5
f 5 14 15
f 5 15 16
f 5 16 17
f 5 17 18
f 5 18 19
f 5 19 6
f 6 19 20
f 6 20 21
f 6 21 22
f 6 22 7
f 7 22 23
f 7 23 24
f 7 24 25
f 7 25 8
f 8 25 26
f 8 26 27
f 8 27 28
f 8 28 29
f 8 29 9
f 9 30 10
f 9 29 31
f 9 31 32
f 9 32 30
f 10 30 33
f 10 33 34
f 10 34 11
f 11 34 35
f 11 35 12
f 12 35 36
f 12 36 37
f 12 37 38
f 12 38 13
f 13 38 39
f 13 39 14
f 14 39 40
f 14 40 41
f 14 41 42
f 14 42 15
f 15 42 16
f 16 42 43
f 16 43 17
f 17 43 18
f 18 44 45
f 18 45 46
f 18 46 20
f 18 20 19
f 18 43 44
f 20 46 47
f 20 47 21
f 21 47 48
f 21 48 49
f 21 49 22
f 22 49 23
f 23 49 50
f 23 50 51
f 23 51 52
f 23 52 53
f 23 53 24
f 24 53 26
f 24 26 25
f 26 53 52
f 26 52 54
f 26 54 55
f 26 55 27
f 27 55 28
f 28 55 56
f 28 56 57
f 28 57 58
f 28 58 31
f 28 31 29
f 30 32 33
f 31 58 32
f 32 59 33
f 32 58 57
f 32 57 60
f 32 60 59
f 33 59 60
f 33 60 61
f 33 61 62
f 33 62 34
f 34 63 64
f 34 64 65
f 34 65 66
f 34 66 67
f 34 67 68
f 34 68 69
f 34 69 70
f 34 70 71
f 34 71 72
f 34 72 73
f 34 73 74
f 34 74 75
f 34 75 76
f 34 76 77
f 34 77 35
f 34 62 78
f 34 78 63
f 35 77 76
f 35 76 79
f 35 79 36
f 36 79 131
f 36 131 80
f 36 80 37
f 37 80 76
f 37 76 39
f 37 39 38
f 39 76 81
f 39 81 40
f 40 81 82
f 40 82 41
f 41 82 83
f 41 83 42
f 42 83 84
f 42 84 85
f 42 85 43
f 43 86 87
f 43 87 44
f 43 85 88
f 43 88 89
f 43 89 86
f 44 87 90
f 44 90 91
f 44 91 45
f 45 92 93
f 45 93 94
f 45 94 95
f 45 95 96
f 45 96 97
f 45 97 98
f 45 98 99
f 45 99 46
f 45 91 92
f 46 99 98
f 46 98 100
f 46 100 101
f 46 101 47
f 47 101 102
f 47 102 48
f 48 102 49
f 49 102 103
f 49 103 104
f 49 104 50
f 50 104 51
f 51 104 52
f 52 104 105
f 52 105 106
f 52 106 54
f 54 56 55
f 54 106 107
f 54 107 56
f 56 108 57
f 56 107 109
f 56 109 108
f 57 108 62
f 57 62 60
f 60 62 61
f 62 108 110
f 62 110 78
f 63 65 64
f 63 78 111
f 63 111 112
f 63 112 113
f 63 113 65
f 65 113 114
f 65 114 115
f 65 115 116
f 65 116 117
f 65 117 67
f 65 67 66
f 67 117 68
f 68 117 69
f 69 118 70
f 69 117 118
f 70 118 119
f 70 119 120
f 70 120 71
f 71 120 121
f 71 121 122
f 71 122 72
f 72 122 73
f 73 75 74
f 73 122 123
f 73 123 124
f 73 124 125
f 73 125 75
f 75 125 126
f 75 126 127
f 75 127 128
f 75 128 76
f 76 128 127
f 76 127 129
f 76 129 130
f 76 130 81
f 76 80 131
f 76 131 79
f 78 110 111
f 81 130 82
f 82 132 83
f 82 130 129
f 82 129 133
f 82 133 134
f 82 134 135
f 82 135 136
f 82 136 137
f 82 137 132
f 83 138 139
f 83 139 84
f 83 132 140
f 83 140 138
f 84 139 88
f 84 88 85
f 86 89 141
f 86 141 142
f 86 142 87
f 87 142 143
f 87 143 144
f 87 144 145
f 87 145 146
f 87 146 90
f 88 139 147
f 88 147 89
f 89 147 148
f 89 148 141
f 90 149 150
f 90 150 91
f 90 146 149
f 91 151 152
f 91 152 92
f 91 150 153
f 91 153 151
f 92 154 93
f 92 152 154
f 93 154 155
f 93 155 156
f 93 156 94
f 94 156 95
f 95 156 157
f 95 157 158
f 95 158 159
f 95 159 160
f 95 160 161
f 95 161 96
f 96 161 162
f 96 162 97
f 97 162 98
f 98 162 100
f 100 162 163
f 100 163 101
f 101 163 103
f 101 103 102
f 103 163 104
f 104 163 164
f 104 164 105
f 105 164 165
f 105 165 106
f 106 165 166
f 106 166 107
f 107 166 167
f 107 167 109
f 108 109 168
f 108 168 110
f 109 167 168
f 110 168 169
f 110 169 111
f 111 169 170
f 111 170 171
f 111 171 112
f 112 171 172
f 112 172 173
f 112 173 174
f 112 174 175
f 112 175 176
f 112 176 177
f 112 177 178
f 112 178 179
f 112 179 180
f 112 180 181
f 112 181 115
f 112 115 114
f 112 114 113
f 115 181 116
f 116 181 117
f 117 181 182
f 117 182 118
f 118 182 183
f 118 183 119
f 119 183 120
f 120 183 121
f 121 184 185
f 121 185 186
f 121 186 187
f 121 187 122
f 121 183 184
f 122 124 123
f 122 187 188
f 122 188 124
f 124 133 125
f 124 188 189
f 124 189 190
f 124 190 191
f 124 191 133
f 125 133 126
f 126 133 127
f 127 133 129
f 132 192 140
f 132 137 193
f 132 193 194
f 132 194 143
f 132 143 142
f 132 142 141
f 132 141 192
f 133 191 195
f 133 195 196
f 133 196 134
f 134 196 197
f 134 197 198
f 134 198 199
f 134 199 135
f 135 199 136
f 136 199 198
f 136 198 200
f 136 200 201
f 136 201 193
f 136 193 137
f 138 140 139
f 139 140 192
f 139 192 148
f 139 148 147
f 141 148 192
f 143 194 144
f 144 194 145
f 145 194 146
f 146 194 202
f 146 202 149
f 149 202 203
f 149 203 150
f 150 203 204
f 150 204 153
f 151 205 152
f 151 153 206
f 151 206 207
f 151 207 208
f 151 208 205
f 152 205 209
f 152 209 154
f 153 204 206
f 154 209 210
f 154 210 211
f 154 211 212
f 154 212 213
f 154 213 214
f 154 214 155
f 155 214 157
f 155 157 156
f 157 214 158
f 158 214 213
f 158 213 159
f 159 213 215
f 159 215 283
f 159 283 282
f 159 282 350
f 159 350 349
f 159 349 348
f 159 348 347
f 159 347 346
f 159 346 345
f 159 345 344
f 159 344 441
f 159 441 539
f 159 539 544
f 159 544 640
f 159 640 736
f 159 736 835
f 159 835 956
f 159 956 955
f 159 955 953
f 159 953 1103
f 159 1103 1254
f 159 1254 1398
f 159 1398 1533
f 159 1533 1677
f 159 1677 1608
f 159 1608 1465
f 159 1465 1320
f 159 1320 1151
f 159 1151 1000
f 159 1000 867
f 159 867 759
f 159 759 657
f 159 657 554
f 159 554 453
f 159 453 451
f 159 451 363
f 159 363 362
f 159 362 361
f 159 361 291
f 159 291 290
f 159 290 351
f 159 351 285
f 159 285 284
f 159 284 222
f 159 222 167
f 159 167 166
f 159 166 165
f 159 165 221
f 159 221 220
f 159 220 219
f 159 219 218
f 159 218 216
f 159 216 160
f 160 216 217
f 160 217 161
f 161 217 162
f 162 217 216
f 162 216 163
f 163 216 218
f 163 218 164
f 164 218 219
f 164 219 220
f 164 220 221
f 164 221 165
f 167 222 168
f 168 222 169
f 169 222 223
f 169 223 224
f 169 224 170
f 170 225 171
f 170 224 226
f 170 226 225
f 171 225 227
f 171 227 172
f 172 227 173
f 173 227 225
f 173 225 228
f 173 228 229
f 173 229 230
f 173 230 231
f 173 231 232
f 173 232 233
f 173 233 234
f 173 234 176
f 173 176 175
f 173 175 174
f 176 234 235
f 176 235 236
f 176 236 177
f 177 236 237
f 177 237 178
f 178 237 179
f 179 237 238
f 179 238 239
f 179 239 240
f 179 240 180
f 180 240 181
f 181 240 183
f 181 183 241
f 181 241 182
f 182 241 183
f 183 240 184
f 184 240 185
f 185 240 239
f 185 239 242
f 185 242 243
f 185 243 244
f 185 244 245
f 185 245 246
f 185 246 186
f 186 246 247
f 186 247 248
f 186 248 249
f 186 249 250
f 186 250 251
f 186 251 252
f 186 252 188
f 186 188 187
f 188 252 251
f 188 251 253
f 188 253 254
f 188 254 255
f 188 255 190
f 188 190 189
f 190 255 191
f 191 255 256
f 191 256 257
f 191 257 195
f 193 201 202
f 193 202 194
f 195 257 256
f 195 256 258
f 195 258 259
f 195 259 260
f 195 260 261
f 195 261 196
f 196 261 262
f 196 262 198
f 196 198 197
f 198 263 264
f 198 264 265
f 198 265 200
f 198 262 263
f 200 265 201
f 201 266 202
f 201 265 266
f 202 266 267
f 202 267 203
f 203 267 204
f 204 267 268
f 204 268 206
f 205 269 270
f 205 270 209
f 205 208 271
f 205 271 272
f 205 272 273
f 205 273 269
f 206 268 274
f 206 274 207
f 207 274 208
f 208 274 275
f 208 275 271
f 209 270 210
f 210 270 276
f 210 276 277
f 210 277 278
f 210 278 279
f 210 279 280
f 210 280 211
f 211 280 212
f 212 281 213
f 212 280 279
f 212 279 281
f 213 282 283
f 213 283 215
f 213 281 282
f 222 284 223
f 223 284 285
f 223 285 224
f 224 285 286
f 224 286 226
f 225 287 288
f 225 288 294
f 225 294 228
f 225 226 289
f 225 289 287
f 226 286 290
f 226 290 291
f 226 291 292
f 226 292 293
f 226 293 289
f 228 294 230
f 228 230 229
f 230 294 295
f 230 295 231
f 231 295 232
f 232 295 233
f 233 295 296
f 233 296 297
f 233 297 298
f 233 298 299
f 233 299 300
f 233 300 301
f 233 301 234
f 234 301 235
f 235 302 303
f 235 303 236
f 235 301 302
f 236 303 304
f 236 304 237
f 237 304 305
f 237 305 238
f 238 305 239
f 239 305 306
f 239 306 242
f 242 306 307
f 242 307 243
f 243 307 244
f 244 307 245
f 245 308 248
f 245 248 247
f 245 247 246
f 245 307 309
f 245 309 310
f 245 310 311
f 245 311 303
f 245 303 312
f 245 312 313
f 245 313 308
f 248 308 249
f 249 314 315
f 249 315 250
f 249 308 314
f 250 315 251
f 251 316 317
f 251 317 318
f 251 318 253
f 251 315 316
f 253 256 319
f 253 319 254
f 253 318 320
f 253 320 321
f 253 321 256
f 254 319 255
f 255 319 256
f 256 321 259
f 256 259 258
f 259 321 322
f 259 322 260
f 260 323 324
f 260 324 261
f 260 322 325
f 260 325 323
f 261 324 326
f 261 326 262
f 262 326 263
f 263 326 264
f 264 326 327
f 264 327 328
f 264 328 329
f 264 329 330
f 264 330 265
f 265 330 266
f 266 331 332
f 266 332 267
f 266 330 333
f 266 333 331
f 267 274 268
f 267 332 274
f 269 273 272
f 269 272 334
f 269 334 335
f 269 335 336
f 269 336 270
f 270 336 276
f 271 275 337
f 271 337 272
f 272 337 338
f 272 338 334
f 274 339 275
f 274 332 340
f 274 340 339
f 275 339 337
f 276 336 341
f 276 341 342
f 276 342 277
f 277 342 343
f 277 343 344
f 277 344 345
f 277 345 346
f 277 346 347
f 277 347 278
f 278 347 348
f 278 348 349
f 278 349 350
f 278 350 279
f 279 350 281
f 281 350 282
f 285 351 286
f 286 351 290
f 287 289 352
f 287 352 353
f 287 353 354
f 287 354 355
f 287 355 356
f 287 356 357
f 287 357 288
f 288 356 358
f 288 358 294
f 288 357 356
f 289 359 360
f 289 360 352
f 289 293 359
f 291 361 292
f 292 361 293
f 293 361 362
f 293 362 363
f 293 363 364
f 293 364 365
f 293 365 366
f 293 366 367
f 293 367 368
f 293 368 369
f 293 369 359
f 294 358 295
f 295 358 370
f 295 370 296
f 296 370 371
f 296 371 297
f 297 371 372
f 297 372 298
f 298 373 374
f 298 374 375
f 298 375 299
f 298 372 376
f 298 376 373
f 299 375 374
f 299 374 377
f 299 377 378
f 299 378 379
f 299 379 300
f 300 379 380
f 300 380 301
f 301 380 381
f 301 381 302
f 302 381 303
f 303 382 383
f 303 383 312
f 303 311 304
f 303 381 384
f 303 384 385
f 303 385 386
f 303 386 387
f 303 387 382
f 304 309 307
f 304 307 306
f 304 306 305
f 304 311 310
f 304 310 309
f 308 313 388
f 308 388 389
f 308 389 314
f 312 383 313
f 313 383 388
f 314 389 390
f 314 390 391
f 314 391 392
f 314 392 315
f 315 392 393
f 315 393 317
f 315 317 316
f 317 394 395
f 317 395 396
f 317 396 397
f 317 397 318
f 317 393 394
f 318 397 320
f 320 398 321
f 320 397 399
f 320 399 400
f 320 400 398
f 321 398 401
f 321 401 402
f 321 402 403
f 321 403 404
f 321 404 405
f 321 405 325
f 321 325 322
f 323 325 405
f 323 405 404
f 323 404 406
f 323 406 407
f 323 407 324
f 324 407 408
f 324 408 409
f 324 409 410
f 324 410 411
f 324 411 412
f 324 412 326
f 326 412 413
f 326 413 414
f 326 414 415
f 326 415 327
f 327 415 329
f 327 329 328
f 329 416 333
f 329 333 330
f 329 415 417
f 329 417 418
f 329 418 419
f 329 419 420
f 329 420 421
f 329 421 422
f 329 422 416
f 331 333 416
f 331 416 422
f 331 422 423
f 331 423 332
f 332 423 424
f 332 424 340
f 334 338 425
f 334 425 426
f 334 426 335
f 335 426 427
f 335 427 336
f 336 427 428
f 336 428 341
f 337 339 338
f 338 339 429
f 338 429 430
f 338 430 425
f 339 430 429
f 339 340 431
f 339 431 430
f 340 424 432
f 340 432 433
f 340 433 434
f 340 434 431
f 341 428 435
f 341 435 436
f 341 436 437
f 341 437 342
f 342 437 438
f 342 438 343
f 343 439 344
f 343 438 440
f 343 440 439
f 344 439 442
f 344 442 441
f 352 360 353
f 353 360 450
f 353 450 443
f 353 443 444
f 353 444 355
f 353 355 354
f 355 444 445
f 355 445 446
f 355 446 356
f 356 446 447
f 356 447 358
f 358 447 448
f 358 448 376
f 358 376 370
f 359 369 449
f 359 449 450
f 359 450 360
f 363 451 364
f 364 451 365
f 365 451 366
f 366 451 367
f 367 452 368
f 367 451 453
f 367 453 452
f 368 454 455
f 368 455 449
f 368 449 369
f 368 452 454
f 370 376 372
f 370 372 371
f 373 456 457
f 373 457 458
f 373 458 374
f 373 376 456
f 374 458 459
f 374 459 377
f 376 448 460
f 376 460 461
f 376 461 462
f 376 462 456
f 377 459 463
f 377 463 464
f 377 464 465
f 377 465 466
f 377 466 378
f 378 466 465
f 378 465 380
f 378 380 379
f 380 467 468
f 380 468 381
f 380 465 467
f 381 468 467
f 381 467 384
f 382 387 388
f 382 388 383
f 384 469 470
f 384 470 385
f 384 467 469
f 385 470 465
f 385 465 464
f 385 464 471
f 385 471 472
f 385 472 473
f 385 473 474
f 385 474 475
f 385 475 476
f 385 476 386
f 386 476 477
f 386 477 478
f 386 478 387
f 387 478 479
f 387 479 390
f 387 390 389
f 387 389 388
f 390 479 391
f 391 393 392
f 391 479 394
f 391 394 393
f 394 479 480
f 394 480 395
f 395 480 479
f 395 479 478
f 395 478 396
f 396 399 397
f 396 478 481
f 396 481 482
f 396 482 483
f 396 483 484
f 396 484 485
f 396 485 486
f 396 486 487
f 396 487 399
f 398 400 401
f 399 487 486
f 399 486 488
f 399 488 489
f 399 489 400
f 400 489 488
f 400 488 401
f 401 488 402
f 402 488 403
f 403 406 404
f 403 488 490
f 403 490 491
f 403 491 492
f 403 492 406
f 406 492 407
f 407 493 409
f 407 409 408
f 407 492 491
f 407 491 494
f 407 494 495
f 407 495 496
f 407 496 497
f 407 497 493
f 409 411 410
f 409 493 497
f 409 497 496
f 409 496 411
f 411 413 412
f 411 496 498
f 411 498 499
f 411 499 500
f 411 500 413
f 413 415 414
f 413 500 501
f 413 501 502
f 413 502 503
f 413 503 504
f 413 504 505
f 413 505 415
f 415 505 417
f 417 504 506
f 417 506 418
f 417 505 504
f 418 506 419
f 419 506 507
f 419 507 508
f 419 508 420
f 420 508 509
f 420 509 510
f 420 510 421
f 421 510 511
f 421 511 422
f 422 511 423
f 423 511 512
f 423 512 513
f 423 513 514
f 423 514 515
f 423 515 516
f 423 516 424
f 424 517 432
f 424 516 517
f 425 430 426
f 426 430 518
f 426 518 427
f 427 518 519
f 427 519 428
f 428 519 520
f 428 520 521
f 428 521 522
f 428 522 435
f 430 519 518
f 430 431 523
f 430 523 519
f 431 434 524
f 431 524 523
f 432 517 433
f 433 517 525
f 433 525 434
f 434 525 526
f 434 526 527
f 434 527 528
f 434 528 524
f 435 522 436
f 436 522 521
f 436 521 529
f 436 529 530
f 436 530 531
f 436 531 437
f 437 531 438
f 438 532 440
f 438 531 533
f 438 533 532
f 439 440 534
f 439 534 442
f 440 532 535
f 440 535 536
f 440 536 537
f 440 537 538
f 440 538 534
f 441 442 539
f 442 534 540
f 442 540 541
f 442 541 542
f 442 542 543
f 442 543 544
f 442 544 539
f 443 450 449
f 443 449 455
f 443 455 545
f 443 545 546
f 443 546 445
f 443 445 444
f 445 546 446
f 446 546 547
f 446 547 447
f 447 547 548
f 447 548 549
f 447 549 550
f 447 550 551
f 447 551 460
f 447 460 448
f 452 453 552
f 452 552 553
f 452 553 454
f 453 554 552
f 454 553 455
f 455 555 545
f 455 553 556
f 455 556 557
f 455 557 558
f 455 558 555
f 456 462 559
f 456 559 560
f 456 560 561
f 456 561 562
f 456 562 457
f 457 562 563
f 457 563 458
f 458 563 459
f 459 564 565
f 459 565 566
f 459 566 567
f 459 567 473
f 459 473 568
f 459 568 569
f 459 569 463
f 459 563 564
f 460 551 461
f 461 551 559
f 461 559 462
f 463 569 464
f 464 569 570
f 464 570 471
f 465 470 469
f 465 469 467
f 471 570 571
f 471 571 472
f 472 571 572
f 472 572 473
f 473 572 568
f 473 567 573
f 473 573 574
f 473 574 575
f 473 575 576
f 473 576 577
f 473 577 474
f 474 578 475
f 474 577 578
f 475 578 579
f 475 579 476
f 476 579 578
f 476 578 477
f 477 578 576
f 477 576 580
f 477 580 478
f 478 580 575
f 478 575 581
f 478 581 481
f 481 581 582
f 481 582 482
f 482 582 483
f 483 582 581
f 483 581 583
f 483 583 484
f 484 583 574
f 484 574 584
f 484 584 585
f 484 585 485
f 485 585 586
f 485 586 587
f 485 587 588
f 485 588 486
f 486 588 488
f 488 588 490
f 490 588 589
f 490 589 590
f 490 590 495
f 490 495 491
f 491 495 494
f 495 590 591
f 495 591 592
f 495 592 593
f 495 593 496
f 496 594 499
f 496 499 498
f 496 593 592
f 496 592 594
f 499 594 688
f 499 688 595
f 499 595 500
f 500 595 596
f 500 596 502
f 500 502 501
f 502 596 503
f 503 596 597
f 503 597 598
f 503 598 509
f 503 509 507
f 503 507 599
f 503 599 506
f 503 506 504
f 506 599 507
f 507 509 508
f 509 600 601
f 509 601 602
f 509 602 603
f 509 603 604
f 509 604 512
f 509 512 510
f 509 598 600
f 510 512 605
f 510 605 511
f 511 605 512
f 512 604 606
f 512 606 607
f 512 607 608
f 512 608 513
f 513 608 514
f 514 608 607
f 514 607 515
f 515 607 609
f 515 609 610
f 515 610 611
f 515 611 516
f 516 611 612
f 516 612 517
f 517 612 613
f 517 613 525
f 519 523 614
f 519 614 521
f 519 521 520
f 521 614 615
f 521 615 536
f 521 536 616
f 521 616 529
f 523 524 617
f 523 617 618
f 523 618 619
f 523 619 614
f 524 528 527
f 524 527 617
f 525 613 620
f 525 620 526
f 526 620 527
f 527 620 613
f 527 613 621
f 527 621 622
f 527 622 617
f 529 616 530
f 530 616 536
f 530 536 535
f 530 535 531
f 531 535 532
f 531 532 533
f 534 538 623
f 534 623 540
f 536 615 624
f 536 624 625
f 536 625 626
f 536 626 627
f 536 627 628
f 536 628 537
f 537 628 629
f 537 629 538
f 538 629 623
f 540 623 630
f 540 630 631
f 540 631 632
f 540 632 633
f 540 633 634
f 540 634 541
f 541 635 636
f 541 636 542
f 541 634 637
f 541 637 635
f 542 636 638
f 542 638 543
f 543 639 640
f 543 640 544
f 543 638 641
f 543 641 642
f 543 642 639
f 545 643 546
f 545 555 644
f 545 644 645
f 545 645 646
f 545 646 647
f 545 647 643
f 546 643 648
f 546 648 649
f 546 649 547
f 547 649 548
f 548 649 650
f 548 650 651
f 548 651 549
f 549 651 652
f 549 652 653
f 549 653 550
f 550 559 551
f 550 653 654
f 550 654 655
f 550 655 559
f 552 554 656
f 552 656 557
f 552 557 556
f 552 556 553
f 554 657 656
f 555 558 658
f 555 658 644
f 557 656 558
f 558 656 659
f 558 659 658
f 559 655 561
f 559 561 560
f 561 654 660
f 561 660 562
f 561 655 661
f 561 661 654
f 562 660 563
f 563 654 564
f 563 660 654
f 564 662 663
f 564 663 565
f 564 654 664
f 564 664 662
f 565 663 665
f 565 665 566
f 566 665 666
f 566 666 567
f 567 666 667
f 567 667 573
f 568 572 571
f 568 571 668
f 568 668 569
f 569 668 570
f 570 668 571
f 573 667 669
f 573 669 670
f 573 670 671
f 573 671 585
f 573 585 584
f 573 584 574
f 574 583 575
f 575 583 581
f 575 580 576
f 576 578 577
f 585 671 586
f 586 671 672
f 586 672 587
f 587 672 673
f 587 673 588
f 588 673 672
f 588 672 674
f 588 674 675
f 588 675 590
f 588 590 589
f 590 675 676
f 590 676 677
f 590 677 678
f 590 678 679
f 590 679 680
f 590 680 681
f 590 681 592
f 590 592 591
f 592 682 683
f 592 683 684
f 592 684 685
f 592 685 686
f 592 686 687
f 592 687 594
f 592 681 682
f 594 687 688
f 595 688 596
f 596 689 597
f 596 688 689
f 597 689 687
f 597 687 690
f 597 690 691
f 597 691 692
f 597 692 598
f 598 692 600
f 600 692 693
f 600 693 694
f 600 694 601
f 601 694 695
f 601 695 602
f 602 695 696
f 602 696 697
f 602 697 603
f 603 697 698
f 603 698 604
f 604 698 699
f 604 699 606
f 606 699 700
f 606 700 701
f 606 701 702
f 606 702 703
f 606 703 704
f 606 704 607
f 607 704 705
f 607 705 609
f 609 705 610
f 610 706 613
f 610 613 707
f 610 707 611
f 610 705 706
f 611 707 612
f 612 707 613
f 613 706 708
f 613 708 622
f 613 622 621
f 614 619 709
f 614 709 710
f 614 710 711
f 614 711 615
f 615 711 712
f 615 712 624
f 617 622 618
f 618 713 619
f 618 622 714
f 618 714 715
f 618 715 716
f 618 716 713
f 619 713 717
f 619 717 709
f 622 708 718
f 622 718 719
f 622 719 720
f 622 720 721
f 622 721 714
f 623 629 630
f 624 712 625
f 625 712 722
f 625 722 723
f 625 723 724
f 625 724 626
f 626 724 725
f 626 725 627
f 627 726 631
f 627 631 628
f 627 725 727
f 627 727 728
f 627 728 726
f 628 631 630
f 628 630 629
f 631 726 632
f 632 726 729
f 632 729 730
f 632 730 637
f 632 637 634
f 632 634 633
f 635 637 731
f 635 731 636
f 636 641 638
f 636 731 641
f 637 730 731
f 639 642 732
f 639 732 733
f 639 733 734
f 639 734 640
f 640 735 736
f 640 734 737
f 640 737 738
f 640 738 739
f 640 739 740
f 640 740 741
f 640 741 735
f 641 732 642
f 641 731 742
f 641 742 730
f 641 730 743
f 641 743 744
f 641 744 745
f 641 745 746
f 641 746 732
f 643 647 648
f 644 747 645
f 644 658 748
f 644 748 747
f 645 749 646
f 645 747 750
f 645 750 751
f 645 751 752
f 645 752 749
f 646 749 753
f 646 753 754
f 646 754 647
f 647 651 650
f 647 650 648
f 647 754 755
f 647 755 756
f 647 756 651
f 648 650 649
f 651 756 652
f 652 756 757
f 652 757 758
f 652 758 653
f 653 758 664
f 653 664 654
f 654 661 655
f 656 657 659
f 657 759 659
f 658 659 748
f 659 759 760
f 659 760 761
f 659 761 762
f 659 762 748
f 662 664 763
f 662 763 764
f 662 764 765
f 662 765 663
f 663 765 665
f 664 758 766
f 664 766 767
f 664 767 763
f 665 765 768
f 665 768 769
f 665 769 666
f 666 769 770
f 666 770 667
f 667 770 669
f 669 771 670
f 669 770 772
f 669 772 771
f 670 771 773
f 670 773 774
f 670 774 671
f 671 774 672
f 672 774 674
f 674 775 675
f 674 774 773
f 674 773 776
f 674 776 775
f 675 775 677
f 675 677 676
f 677 775 776
f 677 776 777
f 677 777 678
f 678 777 778
f 678 778 679
f 679 682 681
f 679 681 680
f 679 778 779
f 679 779 780
f 679 780 682
f 682 780 683
f 683 780 781
f 683 781 782
f 683 782 783
f 683 783 684
f 684 686 685
f 684 783 686
f 686 783 784
f 686 784 785
f 686 785 691
f 686 691 687
f 687 691 690
f 687 689 688
f 691 785 786
f 691 786 692
f 692 786 694
f 692 694 693
f 694 786 787
f 694 787 695
f 695 787 696
f 696 787 788
f 696 788 789
f 696 789 697
f 697 789 790
f 697 790 698
f 698 790 701
f 698 701 700
f 698 700 699
f 701 791 702
f 701 790 792
f 701 792 793
f 701 793 791
f 702 791 703
f 703 794 718
f 703 718 795
f 703 795 704
f 703 791 796
f 703 796 794
f 704 795 705
f 705 797 706
f 705 795 797
f 706 797 798
f 706 798 708
f 708 798 799
f 708 799 718
f 709 717 800
f 709 800 801
f 709 801 710
f 710 802 711
f 710 801 803
f 710 803 802
f 711 802 712
f 712 802 804
f 712 804 805
f 712 805 806
f 712 806 807
f 712 807 722
f 713 716 717
f 714 721 808
f 714 808 715
f 715 808 716
f 716 808 800
f 716 800 717
f 718 794 809
f 718 809 719
f 718 799 795
f 719 809 720
f 720 809 810
f 720 810 721
f 721 810 808
f 722 811 723
f 722 807 812
f 722 812 811
f 723 811 813
f 723 813 814
f 723 814 724
f 724 815 725
f 724 814 816
f 724 816 815
f 725 815 727
f 726 728 817
f 726 817 729
f 727 815 818
f 727 818 819
f 727 819 820
f 727 820 821
f 727 821 822
f 727 822 728
f 728 822 823
f 728 823 824
f 728 824 817
f 729 817 825
f 729 825 826
f 729 826 745
f 729 745 744
f 729 744 743
f 729 743 730
f 730 742 731
f 732 827 733
f 732 746 745
f 732 745 828
f 732 828 829
f 732 829 827
f 733 737 734
f 733 827 829
f 733 829 830
f 733 830 831
f 733 831 832
f 733 832 737
f 735 833 834
f 735 834 835
f 735 835 736
f 735 741 836
f 735 836 837
f 735 837 838
f 735 838 839
f 735 839 840
f 735 840 841
f 735 841 842
f 735 842 843
f 735 843 844
f 735 844 845
f 735 845 846
f 735 846 847
f 735 847 848
f 735 848 849
f 735 849 833
f 737 850 739
f 737 739 738
f 737 832 851
f 737 851 850
f 739 837 741
f 739 741 740
f 739 850 852
f 739 852 837
f 741 837 836
f 745 826 853
f 745 853 854
f 745 854 855
f 745 855 828
f 747 856 857
f 747 857 750
f 747 748 856
f 748 762 856
f 749 752 753
f 750 857 751
f 751 857 858
f 751 858 859
f 751 859 860
f 751 860 861
f 751 861 862
f 751 862 752
f 752 862 753
f 753 862 863
f 753 863 755
f 753 755 754
f 755 863 864
f 755 864 865
f 755 865 866
f 755 866 766
f 755 766 757
f 755 757 756
f 757 766 758
f 759 867 760
f 760 867 868
f 760 868 869
f 760 869 761
f 761 869 870
f 761 870 871
f 761 871 762
f 762 871 872
f 762 872 873
f 762 873 856
f 763 874 764
f 763 767 875
f 763 875 876
f 763 876 877
f 763 877 878
f 763 878 879
f 763 879 880
f 763 880 1011
f 763 1011 874
f 764 881 882
f 764 882 883
f 764 883 765
f 764 874 884
f 764 884 885
f 764 885 881
f 765 883 886
f 765 886 768
f 766 866 767
f 767 866 876
f 767 876 875
f 768 886 887
f 768 887 769
f 769 887 888
f 769 888 889
f 769 889 770
f 770 889 772
f 771 890 773
f 771 772 891
f 771 891 890
f 772 892 891
f 772 889 893
f 772 893 894
f 772 894 892
f 773 890 777
f 773 777 776
f 777 890 895
f 777 895 778
f 778 895 896
f 778 896 779
f 779 896 897
f 779 897 780
f 780 897 781
f 781 897 896
f 781 896 895
f 781 895 898
f 781 898 782
f 782 898 899
f 782 899 900
f 782 900 783
f 783 900 784
f 784 900 785
f 785 900 901
f 785 901 902
f 785 902 903
f 785 903 786
f 786 903 787
f 787 903 788
f 788 903 904
f 788 904 905
f 788 905 789
f 789 905 906
f 789 906 790
f 790 906 792
f 791 793 907
f 791 907 796
f 792 906 908
f 792 908 909
f 792 909 793
f 793 910 907
f 793 909 910
f 794 911 809
f 794 796 907
f 794 907 912
f 794 912 911
f 795 799 798
f 795 798 797
f 800 808 913
f 800 913 914
f 800 914 801
f 801 914 913
f 801 913 915
f 801 915 916
f 801 916 803
f 802 803 804
f 803 916 917
f 803 917 805
f 803 805 804
f 805 918 806
f 805 917 916
f 805 916 919
f 805 919 920
f 805 920 918
f 806 918 921
f 806 921 922
f 806 922 807
f 807 922 923
f 807 923 924
f 807 924 812
f 808 810 925
f 808 925 926
f 808 926 913
f 809 911 927
f 809 927 810
f 810 927 926
f 810 926 925
f 811 812 928
f 811 928 929
f 811 929 813
f 812 924 928
f 813 929 930
f 813 930 814
f 814 930 816
f 815 816 818
f 816 930 931
f 816 931 819
f 816 819 818
f 817 824 825
f 819 932 933
f 819 933 934
f 819 934 820
f 819 931 930
f 819 930 935
f 819 935 936
f 819 936 937
f 819 937 938
f 819 938 939
f 819 939 940
f 819 940 932
f 820 934 941
f 820 941 821
f 821 941 942
f 821 942 822
f 822 942 823
f 823 942 943
f 823 943 944
f 823 944 824
f 824 944 945
f 824 945 825
f 825 945 826
f 826 945 853
f 828 855 829
f 829 855 830
f 830 855 946
f 830 946 947
f 830 947 831
f 831 947 948
f 831 948 832
f 832 948 949
f 832 949 851
f 833 950 951
f 833 951 834
f 833 849 950
f 834 952 953
f 834 953 954
f 834 954 955
f 834 955 956
f 834 956 835
f 834 951 950
f 834 950 957
f 834 957 958
f 834 958 959
f 834 959 960
f 834 960 952
f 837 852 838
f 838 961 839
f 838 852 961
f 839 961 840
f 840 961 841
f 841 961 962
f 841 962 963
f 841 963 964
f 841 964 965
f 841 965 842
f 842 965 843
f 843 965 966
f 843 966 967
f 843 967 844
f 844 967 968
f 844 968 969
f 844 969 970
f 844 970 971
f 844 971 972
f 844 972 846
f 844 846 845
f 846 972 973
f 846 973 974
f 846 974 847
f 847 974 848
f 848 974 975
f 848 975 849
f 849 975 974
f 849 974 976
f 849 976 977
f 849 977 978
f 849 978 979
f 849 979 980
f 849 980 981
f 849 981 982
f 849 982 983
f 849 983 984
f 849 984 985
f 849 985 986
f 849 986 987
f 849 987 950
f 850 851 988
f 850 988 989
f 850 989 990
f 850 990 852
f 851 949 988
f 852 990 963
f 852 963 962
f 852 962 961
f 853 945 991
f 853 991 992
f 853 992 993
f 853 993 994
f 853 994 854
f 854 995 855
f 854 994 995
f 855 995 946
f 856 873 996
f 856 996 857
f 857 996 997
f 857 997 858
f 858 997 998
f 858 998 860
f 858 860 859
f 860 862 861
f 860 998 876
f 860 876 864
f 860 864 863
f 860 863 862
f 864 876 865
f 865 876 999
f 865 999 866
f 866 999 876
f 867 1000 1001
f 867 1001 868
f 868 1001 1002
f 868 1002 869
f 869 1002 870
f 870 1003 1004
f 870 1004 871
f 870 1002 1153
f 870 1153 1005
f 870 1005 1006
f 870 1006 1007
f 870 1007 1003
f 871 1004 1008
f 871 1008 1009
f 871 1009 1010
f 871 1010 872
f 872 1010 873
f 873 1010 996
f 874 1011 1028
f 874 1028 884
f 876 878 877
f 876 998 1012
f 876 1012 1013
f 876 1013 1008
f 876 1008 1014
f 876 1014 878
f 878 1014 1007
f 878 1007 1015
f 878 1015 1016
f 878 1016 879
f 879 1016 1017
f 879 1017 1018
f 879 1018 1019
f 879 1019 1020
f 879 1020 1021
f 879 1021 1022
f 879 1022 880
f 880 1022 1011
f 881 885 1023
f 881 1023 883
f 881 883 882
f 883 1023 1024
f 883 1024 1025
f 883 1025 1026
f 883 1026 1027
f 883 1027 886
f 884 1028 885
f 885 1029 1030
f 885 1030 1031
f 885 1031 1032
f 885 1032 1023
f 885 1028 1033
f 885 1033 1034
f 885 1034 1035
f 885 1035 1036
f 885 1036 1037
f 885 1037 1038
f 885 1038 1029
f 886 1027 887
f 887 1039 1040
f 887 1040 888
f 887 1027 1039
f 888 1040 1041
f 888 1041 889
f 889 1041 893
f 890 891 1042
f 890 1042 895
f 891 892 1043
f 891 1043 1042
f 892 894 1041
f 892 1041 1044
f 892 1044 1045
f 892 1045 1043
f 893 1041 894
f 895 1042 1043
f 895 1043 898
f 898 1043 899
f 899 1043 1045
f 899 1045 1046
f 899 1046 900
f 900 1046 901
f 901 1046 902
f 902 1046 1047
f 902 1047 1048
f 902 1048 1049
f 902 1049 903
f 903 1049 904
f 904 1049 905
f 905 1049 1050
f 905 1050 1051
f 905 1051 906
f 906 1051 1052
f 906 1052 908
f 907 910 912
f 908 1053 909
f 908 1052 1054
f 908 1054 1053
f 909 1053 1055
f 909 1055 1056
f 909 1056 910
f 910 1056 1057
f 910 1057 1058
f 910 1058 912
f 911 912 1058
f 911 1058 1057
f 911 1057 1059
f 911 1059 1060
f 911 1060 1061
f 911 1061 1062
f 911 1062 1063
f 911 1063 926
f 911 926 927
f 913 916 915
f 913 926 1064
f 913 1064 919
f 913 919 916
f 918 920 921
f 919 1064 1065
f 919 1065 1066
f 919 1066 920
f 920 1066 1067
f 920 1067 922
f 920 922 921
f 922 1067 1068
f 922 1068 923
f 923 1068 924
f 924 1068 928
f 926 1063 1064
f 928 1068 929
f 929 1068 936
f 929 936 930
f 930 936 935
f 932 940 1069
f 932 1069 1070
f 932 1070 943
f 932 943 1071
f 932 1071 933
f 933 1071 1072
f 933 1072 934
f 934 1072 941
f 936 1068 937
f 937 1073 1061
f 937 1061 1074
f 937 1074 938
f 937 1068 1073
f 938 1074 939
f 939 1074 1075
f 939 1075 940
f 940 1074 1076
f 940 1076 1077
f 940 1077 1078
f 940 1078 1069
f 940 1075 1074
f 941 1072 942
f 942 1072 1071
f 942 1071 943
f 943 1070 944
f 944 1070 1079
f 944 1079 1080
f 944 1080 945
f 945 1080 1081
f 945 1081 1082
f 945 1082 1083
f 945 1083 991
f 946 995 1084
f 946 1084 964
f 946 964 1085
f 946 1085 948
f 946 948 947
f 948 1085 949
f 949 1085 964
f 949 964 988
f 950 987 986
f 950 986 1086
f 950 1086 1087
f 950 1087 957
f 952 1088 953
f 952 960 1089
f 952 1089 1090
f 952 1090 1088
f 953 955 954
f 953 1088 1091
f 953 1091 1092
f 953 1092 1093
f 953 1093 1094
f 953 1094 1095
f 953 1095 1096
f 953 1096 1097
f 953 1097 1098
f 953 1098 1099
f 953 1099 1100
f 953 1100 1101
f 953 1101 1102
f 953 1102 1103
f 957 1087 1104
f 957 1104 959
f 957 959 1105
f 957 1105 958
f 958 1105 959
f 959 1104 1106
f 959 1106 1107
f 959 1107 1108
f 959 1108 1109
f 959 1109 1110
f 959 1110 1111
f 959 1111 1112
f 959 1112 960
f 960 1090 1089
f 960 1112 1090
f 963 990 989
f 963 989 988
f 963 988 964
f 964 1084 965
f 965 1084 966
f 966 1113 969
f 966 969 968
f 966 968 967
f 966 1084 1113
f 969 1113 970
f 970 1113 1114
f 970 1114 1115
f 970 1115 1116
f 970 1116 971
f 971 973 972
f 971 1116 1117
f 971 1117 974
f 971 974 973
f 974 1117 1118
f 974 1118 1119
f 974 1119 976
f 976 1119 1120
f 976 1120 977
f 977 1120 978
f 978 1121 1122
f 978 1122 979
f 978 1120 1123
f 978 1123 1124
f 978 1124 1125
f 978 1125 1121
f 979 1122 980
f 980 1122 1126
f 980 1126 1127
f 980 1127 981
f 981 1127 1128
f 981 1128 1129
f 981 1129 983
f 981 983 982
f 983 1129 1130
f 983 1130 1131
f 983 1131 1132
f 983 1132 1133
f 983 1133 984
f 984 1133 1134
f 984 1134 1135
f 984 1135 1136
f 984 1136 1137
f 984 1137 985
f 985 1137 1138
f 985 1138 986
f 986 1138 1139
f 986 1139 1140
f 986 1140 1141
f 986 1141 1086
f 991 1083 1142
f 991 1142 992
f 992 1142 1143
f 992 1143 993
f 993 1143 1144
f 993 1144 994
f 994 1144 1145
f 994 1145 1146
f 994 1146 1147
f 994 1147 995
f 995 1147 1084
f 996 1010 997
f 997 1010 1148
f 997 1148 1319
f 997 1319 1149
f 997 1149 998
f 998 1149 1150
f 998 1150 1012
f 1000 1151 1152
f 1000 1152 1001
f 1001 1152 1002
f 1002 1152 1153
f 1003 1007 1014
f 1003 1014 1004
f 1004 1014 1008
f 1005 1153 1154
f 1005 1154 1155
f 1005 1155 1156
f 1005 1156 1157
f 1005 1157 1158
f 1005 1158 1159
f 1005 1159 1006
f 1006 1159 1158
f 1006 1158 1007
f 1007 1158 1015
f 1008 1013 1009
f 1009 1013 1160
f 1009 1160 1010
f 1010 1160 1148
f 1011 1022 1033
f 1011 1033 1028
f 1012 1150 1013
f 1013 1150 1160
f 1015 1158 1016
f 1016 1158 1017
f 1017 1158 1018
f 1018 1158 1157
f 1018 1157 1156
f 1018 1156 1019
f 1019 1156 1161
f 1019 1161 1020
f 1020 1161 1021
f 1021 1161 1162
f 1021 1162 1163
f 1021 1163 1164
f 1021 1164 1165
f 1021 1165 1166
f 1021 1166 1167
f 1021 1167 1168
f 1021 1168 1169
f 1021 1169 1022
f 1022 1169 1033
f 1023 1032 1170
f 1023 1170 1171
f 1023 1171 1172
f 1023 1172 1024
f 1024 1172 1025
f 1025 1172 1171
f 1025 1171 1173
f 1025 1173 1174
f 1025 1174 1027
f 1025 1027 1026
f 1027 1174 1039
f 1029 1038 1175
f 1029 1175 1176
f 1029 1176 1177
f 1029 1177 1178
f 1029 1178 1030
f 1030 1178 1179
f 1030 1179 1031
f 1031 1180 1181
f 1031 1181 1182
f 1031 1182 1032
f 1031 1179 1183
f 1031 1183 1184
f 1031 1184 1185
f 1031 1185 1180
f 1032 1186 1187
f 1032 1187 1170
f 1032 1182 1186
f 1033 1169 1034
f 1034 1169 1168
f 1034 1168 1167
f 1034 1167 1035
f 1035 1167 1166
f 1035 1166 1036
f 1036 1188 1037
f 1036 1166 1165
f 1036 1165 1189
f 1036 1189 1188
f 1037 1188 1038
f 1038 1190 1191
f 1038 1191 1176
f 1038 1176 1175
f 1038 1188 1192
f 1038 1192 1193
f 1038 1193 1194
f 1038 1194 1195
f 1038 1195 1196
f 1038 1196 1197
f 1038 1197 1198
f 1038 1198 1199
f 1038 1199 1200
f 1038 1200 1201
f 1038 1201 1190
f 1039 1202 1363
f 1039 1363 1508
f 1039 1508 1364
f 1039 1364 1210
f 1039 1210 1209
f 1039 1209 1203
f 1039 1203 1040
f 1039 1174 1202
f 1040 1203 1204
f 1040 1204 1041
f 1041 1204 1044
f 1044 1204 1203
f 1044 1203 1205
f 1044 1205 1206
f 1044 1206 1045
f 1045 1206 1205
f 1045 1205 1047
f 1045 1047 1046
f 1047 1205 1048
f 1048 1205 1207
f 1048 1207 1208
f 1048 1208 1049
f 1049 1208 1050
f 1050 1208 1051
f 1051 1208 1209
f 1051 1209 1210
f 1051 1210 1054
f 1051 1054 1052
f 1053 1054 1211
f 1053 1211 1212
f 1053 1212 1055
f 1054 1210 1213
f 1054 1213 1211
f 1055 1212 1214
f 1055 1214 1215
f 1055 1215 1216
f 1055 1216 1056
f 1056 1216 1057
f 1057 1216 1217
f 1057 1217 1218
f 1057 1218 1060
f 1057 1060 1059
f 1060 1218 1061
f 1061 1073 1062
f 1061 1218 1219
f 1061 1219 1220
f 1061 1220 1074
f 1062 1067 1066
f 1062 1066 1065
f 1062 1065 1063
f 1062 1073 1067
f 1063 1065 1064
f 1067 1073 1068
f 1069 1221 1222
f 1069 1222 1223
f 1069 1223 1224
f 1069 1224 1070
f 1069 1078 1221
f 1070 1224 1079
f 1074 1220 1076
f 1076 1220 1225
f 1076 1225 1226
f 1076 1226 1077
f 1077 1226 1227
f 1077 1227 1228
f 1077 1228 1078
f 1078 1229 1221
f 1078 1228 1230
f 1078 1230 1229
f 1079 1224 1080
f 1080 1224 1081
f 1081 1224 1223
f 1081 1223 1231
f 1081 1231 1082
f 1082 1231 1222
f 1082 1222 1232
f 1082 1232 1233
f 1082 1233 1083
f 1083 1234 1142
f 1083 1233 1234
f 1084 1147 1113
f 1086 1235 1236
f 1086 1236 1087
f 1086 1141 1140
f 1086 1140 1235
f 1087 1106 1104
f 1087 1236 1106
f 1088 1090 1091
f 1090 1112 1237
f 1090 1237 1238
f 1090 1238 1239
f 1090 1239 1240
f 1090 1240 1241
f 1090 1241 1091
f 1091 1241 1092
f 1092 1241 1239
f 1092 1239 1093
f 1093 1239 1094
f 1094 1239 1242
f 1094 1242 1243
f 1094 1243 1244
f 1094 1244 1095
f 1095 1244 1096
f 1096 1244 1245
f 1096 1245 1246
f 1096 1246 1097
f 1097 1246 1247
f 1097 1247 1248
f 1097 1248 1098
f 1098 1248 1099
f 1099 1248 1249
f 1099 1249 1100
f 1100 1249 1250
f 1100 1250 1101
f 1101 1250 1251
f 1101 1251 1102
f 1102 1251 1252
f 1102 1252 1253
f 1102 1253 1103
f 1103 1253 1255
f 1103 1255 1256
f 1103 1256 1257
f 1103 1257 1258
f 1103 1258 1259
f 1103 1259 1260
f 1103 1260 1261
f 1103 1261 1262
f 1103 1262 1263
f 1103 1263 1264
f 1103 1264 1265
f 1103 1265 1266
f 1103 1266 1267
f 1103 1267 1268
f 1103 1268 1269
f 1103 1269 1254
f 1106 1236 1107
f 1107 1236 1270
f 1107 1270 1271
f 1107 1271 1272
f 1107 1272 1273
f 1107 1273 1274
f 1107 1274 1275
f 1107 1275 1108
f 1108 1275 1276
f 1108 1276 1109
f 1109 1276 1277
f 1109 1277 1278
f 1109 1278 1279
f 1109 1279 1280
f 1109 1280 1110
f 1110 1280 1111
f 1111 1280 1112
f 1112 1280 1237
f 1113 1147 1114
f 1114 1147 1281
f 1114 1281 1115
f 1115 1281 1118
f 1115 1118 1117
f 1115 1117 1116
f 1118 1282 1283
f 1118 1283 1284
f 1118 1284 1285
f 1118 1285 1119
f 1118 1281 1282
f 1119 1285 1286
f 1119 1286 1120
f 1120 1286 1123
f 1121 1125 1287
f 1121 1287 1288
f 1121 1288 1122
f 1122 1288 1289
f 1122 1289 1290
f 1122 1290 1291
f 1122 1291 1292
f 1122 1292 1127
f 1122 1127 1293
f 1122 1293 1126
f 1123 1294 1124
f 1123 1286 1294
f 1124 1295 1125
f 1124 1294 1296
f 1124 1296 1297
f 1124 1297 1298
f 1124 1298 1299
f 1124 1299 1300
f 1124 1300 1295
f 1125 1295 1301
f 1125 1301 1302
f 1125 1302 1303
f 1125 1303 1287
f 1126 1293 1127
f 1127 1304 1305
f 1127 1305 1128
f 1127 1292 1304
f 1128 1305 1306
f 1128 1306 1307
f 1128 1307 1308
f 1128 1308 1130
f 1128 1130 1129
f 1130 1308 1131
f 1131 1308 1307
f 1131 1307 1133
f 1131 1133 1132
f 1133 1309 1310
f 1133 1310 1273
f 1133 1273 1135
f 1133 1135 1134
f 1133 1307 1311
f 1133 1311 1309
f 1135 1273 1312
f 1135 1312 1136
f 1136 1312 1137
f 1137 1312 1270
f 1137 1270 1138
f 1138 1270 1139
f 1139 1270 1236
f 1139 1236 1235
f 1139 1235 1140
f 1142 1234 1143
f 1143 1313 1144
f 1143 1234 1314
f 1143 1314 1313
f 1144 1315 1145
f 1144 1313 1316
f 1144 1316 1315
f 1145 1281 1146
f 1145 1315 1317
f 1145 1317 1318
f 1145 1318 1284
f 1145 1284 1283
f 1145 1283 1282
f 1145 1282 1281
f 1146 1281 1147
f 1148 1160 1150
f 1148 1150 1319
f 1149 1319 1150
f 1151 1320 1321
f 1151 1321 1152
f 1152 1321 1153
f 1153 1322 1323
f 1153 1323 1154
f 1153 1321 1322
f 1154 1323 1163
f 1154 1163 1162
f 1154 1162 1161
f 1154 1161 1155
f 1155 1161 1156
f 1163 1323 1164
f 1164 1323 1324
f 1164 1324 1195
f 1164 1195 1325
f 1164 1325 1326
f 1164 1326 1189
f 1164 1189 1165
f 1170 1187 1327
f 1170 1327 1328
f 1170 1328 1329
f 1170 1329 1330
f 1170 1330 1173
f 1170 1173 1171
f 1173 1330 1331
f 1173 1331 1332
f 1173 1332 1174
f 1174 1332 1202
f 1176 1191 1333
f 1176 1333 1201
f 1176 1201 1334
f 1176 1334 1335
f 1176 1335 1177
f 1177 1336 1337
f 1177 1337 1338
f 1177 1338 1178
f 1177 1335 1339
f 1177 1339 1336
f 1178 1338 1179
f 1179 1338 1340
f 1179 1340 1183
f 1180 1341 1181
f 1180 1185 1341
f 1181 1342 1343
f 1181 1343 1182
f 1181 1341 1344
f 1181 1344 1345
f 1181 1345 1346
f 1181 1346 1342
f 1182 1343 1186
f 1183 1340 1347
f 1183 1347 1184
f 1184 1347 1348
f 1184 1348 1349
f 1184 1349 1185
f 1185 1349 1341
f 1186 1328 1327
f 1186 1327 1187
f 1186 1343 1328
f 1188 1189 1192
f 1189 1326 1350
f 1189 1350 1192
f 1190 1201 1191
f 1191 1201 1333
f 1192 1350 1326
f 1192 1326 1325
f 1192 1325 1193
f 1193 1325 1194
f 1194 1325 1195
f 1195 1324 1351
f 1195 1351 1196
f 1196 1351 1352
f 1196 1352 1197
f 1197 1352 1353
f 1197 1353 1354
f 1197 1354 1355
f 1197 1355 1356
f 1197 1356 1198
f 1198 1356 1357
f 1198 1357 1199
f 1199 1357 1358
f 1199 1358 1200
f 1200 1358 1359
f 1200 1359 1201
f 1201 1359 1360
f 1201 1360 1361
f 1201 1361 1362
f 1201 1362 1334
f 1202 1332 1363
f 1203 1209 1207
f 1203 1207 1205
f 1207 1209 1208
f 1210 1364 1213
f 1211 1365 1214
f 1211 1214 1212
f 1211 1213 1365
f 1213 1366 1367
f 1213 1367 1368
f 1213 1368 1365
f 1213 1364 1366
f 1214 1369 1370
f 1214 1370 1371
f 1214 1371 1215
f 1214 1365 1369
f 1215 1371 1216
f 1216 1371 1217
f 1217 1226 1220
f 1217 1220 1219
f 1217 1219 1218
f 1217 1371 1226
f 1220 1226 1225
f 1221 1372 1373
f 1221 1373 1222
f 1221 1229 1372
f 1222 1373 1374
f 1222 1374 1232
f 1222 1231 1223
f 1226 1371 1227
f 1227 1371 1370
f 1227 1370 1375
f 1227 1375 1228
f 1228 1375 1230
f 1229 1376 1372
f 1229 1230 1377
f 1229 1377 1376
f 1230 1375 1378
f 1230 1378 1379
f 1230 1379 1377
f 1232 1374 1380
f 1232 1380 1381
f 1232 1381 1234
f 1232 1234 1233
f 1234 1381 1314
f 1237 1382 1238
f 1237 1280 1382
f 1238 1382 1383
f 1238 1383 1384
f 1238 1384 1385
f 1238 1385 1242
f 1238 1242 1239
f 1239 1241 1240
f 1242 1385 1386
f 1242 1386 1387
f 1242 1387 1243
f 1243 1388 1244
f 1243 1387 1386
f 1243 1386 1389
f 1243 1389 1388
f 1244 1388 1245
f 1245 1388 1390
f 1245 1390 1391
f 1245 1391 1392
f 1245 1392 1246
f 1246 1392 1247
f 1247 1392 1393
f 1247 1393 1248
f 1248 1393 1394
f 1248 1394 1249
f 1249 1394 1250
f 1250 1394 1395
f 1250 1395 1251
f 1251 1395 1396
f 1251 1396 1252
f 1252 1397 1253
f 1252 1396 1397
f 1253 1397 1255
f 1254 1269 1398
f 1255 1397 1399
f 1255 1399 1256
f 1256 1399 1257
f 1257 1399 1400
f 1257 1400 1258
f 1258 1400 1399
f 1258 1399 1401
f 1258 1401 1402
f 1258 1402 1403
f 1258 1403 1404
f 1258 1404 1259
f 1259 1404 1405
f 1259 1405 1260
f 1260 1405 1261
f 1261 1405 1406
f 1261 1406 1262
f 1262 1406 1407
f 1262 1407 1263
f 1263 1407 1408
f 1263 1408 1409
f 1263 1409 1264
f 1264 1409 1265
f 1265 1409 1410
f 1265 1410 1266
f 1266 1410 1411
f 1266 1411 1412
f 1266 1412 1413
f 1266 1413 1267
f 1267 1414 1268
f 1267 1413 1349
f 1267 1349 1414
f 1268 1415 1416
f 1268 1416 1417
f 1268 1417 1269
f 1268 1414 1349
f 1268 1349 1348
f 1268 1348 1347
f 1268 1347 1415
f 1269 1418 1419
f 1269 1419 1398
f 1269 1417 1420
f 1269 1420 1421
f 1269 1421 1422
f 1269 1422 1423
f 1269 1423 1418
f 1270 1312 1424
f 1270 1424 1425
f 1270 1425 1271
f 1271 1425 1273
f 1271 1273 1272
f 1273 1424 1312
f 1273 1310 1426
f 1273 1426 1427
f 1273 1427 1428
f 1273 1428 1429
f 1273 1429 1274
f 1273 1425 1424
f 1274 1429 1277
f 1274 1277 1276
f 1274 1276 1275
f 1277 1429 1278
f 1278 1429 1428
f 1278 1428 1430
f 1278 1430 1279
f 1279 1430 1431
f 1279 1431 1432
f 1279 1432 1433
f 1279 1433 1280
f 1280 1433 1382
f 1284 1318 1317
f 1284 1317 1285
f 1285 1434 1435
f 1285 1435 1436
f 1285 1436 1286
f 1285 1317 1434
f 1286 1436 1294
f 1287 1303 1288
f 1288 1303 1289
f 1289 1303 1437
f 1289 1437 1302
f 1289 1302 1301
f 1289 1301 1438
f 1289 1438 1439
f 1289 1439 1440
f 1289 1440 1441
f 1289 1441 1442
f 1289 1442 1290
f 1290 1442 1291
f 1291 1442 1441
f 1291 1441 1443
f 1291 1443 1304
f 1291 1304 1292
f 1294 1436 1373
f 1294 1373 1372
f 1294 1372 1296
f 1295 1300 1299
f 1295 1299 1301
f 1296 1372 1444
f 1296 1444 1445
f 1296 1445 1446
f 1296 1446 1297
f 1297 1446 1447
f 1297 1447 1298
f 1298 1447 1299
f 1299 1447 1448
f 1299 1448 1449
f 1299 1449 1450
f 1299 1450 1451
f 1299 1451 1452
f 1299 1452 1453
f 1299 1453 1454
f 1299 1454 1301
f 1301 1454 1438
f 1302 1437 1303
f 1304 1443 1455
f 1304 1455 1456
f 1304 1456 1457
f 1304 1457 1458
f 1304 1458 1305
f 1305 1458 1306
f 1306 1459 1311
f 1306 1311 1307
f 1306 1458 1459
f 1309 1460 1461
f 1309 1461 1310
f 1309 1311 1460
f 1310 1461 1426
f 1311 1459 1462
f 1311 1462 1461
f 1311 1461 1460
f 1313 1314 1316
f 1314 1381 1380
f 1314 1380 1463
f 1314 1463 1464
f 1314 1464 1316
f 1315 1316 1317
f 1316 1464 1436
f 1316 1436 1435
f 1316 1435 1317
f 1317 1435 1434
f 1320 1465 1321
f 1321 1465 1466
f 1321 1466 1322
f 1322 1466 1467
f 1322 1467 1468
f 1322 1468 1323
f 1323 1468 1324
f 1324 1468 1351
f 1328 1469 1470
f 1328 1470 1471
f 1328 1471 1329
f 1328 1343 1472
f 1328 1472 1473
f 1328 1473 1469
f 1329 1471 1330
f 1330 1471 1331
f 1331 1471 1332
f 1332 1471 1474
f 1332 1474 1363
f 1334 1362 1475
f 1334 1475 1335
f 1335 1475 1476
f 1335 1476 1477
f 1335 1477 1478
f 1335 1478 1479
f 1335 1479 1339
f 1336 1339 1337
f 1337 1339 1480
f 1337 1480 1481
f 1337 1481 1338
f 1338 1482 1340
f 1338 1481 1482
f 1339 1479 1480
f 1340 1482 1483
f 1340 1483 1484
f 1340 1484 1347
f 1341 1349 1485
f 1341 1485 1486
f 1341 1486 1487
f 1341 1487 1488
f 1341 1488 1344
f 1342 1489 1490
f 1342 1490 1491
f 1342 1491 1472
f 1342 1472 1343
f 1342 1346 1492
f 1342 1492 1493
f 1342 1493 1494
f 1342 1494 1489
f 1344 1488 1345
f 1345 1488 1495
f 1345 1495 1496
f 1345 1496 1346
f 1346 1496 1497
f 1346 1497 1492
f 1347 1484 1498
f 1347 1498 1415
f 1349 1413 1485
f 1351 1468 1499
f 1351 1499 1352
f 1352 1499 1353
f 1353 1499 1500
f 1353 1500 1354
f 1354 1500 1501
f 1354 1501 1502
f 1354 1502 1503
f 1354 1503 1355
f 1355 1503 1356
f 1356 1359 1358
f 1356 1358 1357
f 1356 1503 1359
f 1359 1503 1504
f 1359 1504 1505
f 1359 1505 1360
f 1360 1505 1504
f 1360 1504 1501
f 1360 1501 1361
f 1361 1501 1506
f 1361 1506 1507
f 1361 1507 1475
f 1361 1475 1362
f 1363 1474 1509
f 1363 1509 1640
f 1363 1640 1508
f 1364 1508 1643
f 1364 1643 1510
f 1364 1510 1366
f 1365 1368 1367
f 1365 1367 1511
f 1365 1511 1369
f 1366 1510 1646
f 1366 1646 1512
f 1366 1512 1511
f 1366 1511 1367
f 1369 1511 1378
f 1369 1378 1375
f 1369 1375 1370
f 1372 1376 1444
f 1373 1436 1464
f 1373 1464 1380
f 1373 1380 1374
f 1376 1377 1513
f 1376 1513 1444
f 1377 1379 1514
f 1377 1514 1513
f 1378 1511 1379
f 1379 1511 1512
f 1379 1512 1514
f 1380 1464 1463
f 1382 1384 1383
f 1382 1433 1515
f 1382 1515 1384
f 1384 1516 1386
f 1384 1386 1385
f 1384 1515 1433
f 1384 1433 1517
f 1384 1517 1518
f 1384 1518 1519
f 1384 1519 1516
f 1386 1516 1389
f 1388 1389 1520
f 1388 1520 1390
f 1389 1516 1521
f 1389 1521 1520
f 1390 1520 1522
f 1390 1522 1523
f 1390 1523 1391
f 1391 1523 1524
f 1391 1524 1525
f 1391 1525 1526
f 1391 1526 1527
f 1391 1527 1392
f 1392 1527 1528
f 1392 1528 1529
f 1392 1529 1393
f 1393 1529 1530
f 1393 1530 1394
f 1394 1530 1395
f 1395 1530 1531
f 1395 1531 1396
f 1396 1532 1397
f 1396 1531 1532
f 1397 1532 1399
f 1398 1419 1533
f 1399 1532 1534
f 1399 1534 1401
f 1401 1534 1535
f 1401 1535 1536
f 1401 1536 1537
f 1401 1537 1402
f 1402 1537 1403
f 1403 1538 1539
f 1403 1539 1404
f 1403 1537 1538
f 1404 1539 1540
f 1404 1540 1405
f 1405 1540 1541
f 1405 1541 1542
f 1405 1542 1406
f 1406 1542 1543
f 1406 1543 1407
f 1407 1543 1544
f 1407 1544 1545
f 1407 1545 1546
f 1407 1546 1408
f 1408 1547 1410
f 1408 1410 1409
f 1408 1546 1548
f 1408 1548 1549
f 1408 1549 1550
f 1408 1550 1551
f 1408 1551 1552
f 1408 1552 1547
f 1410 1547 1411
f 1411 1547 1553
f 1411 1553 1554
f 1411 1554 1555
f 1411 1555 1556
f 1411 1556 1412
f 1412 1556 1557
f 1412 1557 1558
f 1412 1558 1413
f 1413 1558 1485
f 1415 1559 1560
f 1415 1560 1416
f 1415 1498 1559
f 1416 1560 1417
f 1417 1560 1561
f 1417 1561 1562
f 1417 1562 1420
f 1418 1563 1419
f 1418 1423 1564
f 1418 1564 1507
f 1418 1507 1563
f 1419 1563 1533
f 1420 1562 1565
f 1420 1565 1421
f 1421 1565 1566
f 1421 1566 1422
f 1422 1566 1567
f 1422 1567 1423
f 1423 1567 1568
f 1423 1568 1569
f 1423 1569 1481
f 1423 1481 1564
f 1426 1461 1570
f 1426 1570 1427
f 1427 1571 1428
f 1427 1570 1572
f 1427 1572 1571
f 1428 1571 1430
f 1430 1571 1431
f 1431 1571 1573
f 1431 1573 1574
f 1431 1574 1432
f 1432 1574 1573
f 1432 1573 1433
f 1433 1573 1575
f 1433 1575 1576
f 1433 1576 1517
f 1438 1454 1577
f 1438 1577 1439
f 1439 1577 1578
f 1439 1578 1440
f 1440 1455 1443
f 1440 1443 1441
f 1440 1578 1577
f 1440 1577 1455
f 1444 1513 1445
f 1445 1513 1579
f 1445 1579 1580
f 1445 1580 1448
f 1445 1448 1447
f 1445 1447 1446
f 1448 1580 1581
f 1448 1581 1449
f 1449 1582 1583
f 1449 1583 1584
f 1449 1584 1585
f 1449 1585 1450
f 1449 1581 1580
f 1449 1580 1582
f 1450 1586 1451
f 1450 1585 1586
f 1451 1587 1588
f 1451 1588 1589
f 1451 1589 1590
f 1451 1590 1591
f 1451 1591 1592
f 1451 1592 1593
f 1451 1593 1594
f 1451 1594 1595
f 1451 1595 1452
f 1451 1586 1587
f 1452 1595 1596
f 1452 1596 1597
f 1452 1597 1453
f 1453 1598 1454
f 1453 1597 1456
f 1453 1456 1598
f 1454 1598 1599
f 1454 1599 1455
f 1454 1455 1577
f 1455 1599 1598
f 1455 1598 1456
f 1456 1600 1601
f 1456 1601 1602
f 1456 1602 1457
f 1456 1597 1600
f 1457 1602 1458
f 1458 1602 1603
f 1458 1603 1604
f 1458 1604 1459
f 1459 1604 1605
f 1459 1605 1606
f 1459 1606 1462
f 1461 1462 1606
f 1461 1606 1605
f 1461 1605 1607
f 1461 1607 1570
f 1465 1608 1466
f 1466 1608 1609
f 1466 1609 1467
f 1467 1609 1610
f 1467 1610 1611
f 1467 1611 1468
f 1468 1611 1499
f 1469 1473 1612
f 1469 1612 1613
f 1469 1613 1614
f 1469 1614 1615
f 1469 1615 1471
f 1469 1471 1470
f 1471 1615 1474
f 1472 1491 1473
f 1473 1491 1490
f 1473 1490 1612
f 1474 1615 1616
f 1474 1616 1617
f 1474 1617 1509
f 1475 1507 1477
f 1475 1477 1476
f 1477 1507 1564
f 1477 1564 1478
f 1478 1480 1479
f 1478 1564 1480
f 1480 1564 1481
f 1481 1569 1618
f 1481 1618 1619
f 1481 1619 1482
f 1482 1619 1483
f 1483 1619 1620
f 1483 1620 1621
f 1483 1621 1484
f 1484 1621 1561
f 1484 1561 1622
f 1484 1622 1560
f 1484 1560 1559
f 1484 1559 1498
f 1485 1558 1623
f 1485 1623 1486
f 1486 1488 1487
f 1486 1623 1557
f 1486 1557 1488
f 1488 1624 1495
f 1488 1557 1624
f 1489 1494 1625
f 1489 1625 1626
f 1489 1626 1627
f 1489 1627 1490
f 1490 1628 1612
f 1490 1627 1628
f 1492 1629 1630
f 1492 1630 1631
f 1492 1631 1493
f 1492 1497 1552
f 1492 1552 1551
f 1492 1551 1550
f 1492 1550 1629
f 1493 1631 1632
f 1493 1632 1494
f 1494 1632 1633
f 1494 1633 1634
f 1494 1634 1635
f 1494 1635 1625
f 1495 1624 1555
f 1495 1555 1554
f 1495 1554 1497
f 1495 1497 1496
f 1497 1554 1553
f 1497 1553 1547
f 1497 1547 1552
f 1499 1611 1500
f 1500 1611 1636
f 1500 1636 1637
f 1500 1637 1501
f 1501 1637 1506
f 1501 1504 1502
f 1502 1504 1503
f 1506 1637 1507
f 1507 1637 1638
f 1507 1638 1609
f 1507 1609 1639
f 1507 1639 1563
f 1508 1640 1641
f 1508 1641 1642
f 1508 1642 1643
f 1509 1617 1644
f 1509 1644 1645
f 1509 1645 1640
f 1510 1643 1646
f 1512 1646 1514
f 1513 1514 1579
f 1514 1646 1647
f 1514 1647 1579
f 1516 1519 1648
f 1516 1648 1649
f 1516 1649 1521
f 1517 1576 1518
f 1518 1650 1519
f 1518 1576 1651
f 1518 1651 1652
f 1518 1652 1650
f 1519 1650 1652
f 1519 1652 1653
f 1519 1653 1654
f 1519 1654 1648
f 1520 1521 1649
f 1520 1649 1655
f 1520 1655 1656
f 1520 1656 1522
f 1522 1656 1657
f 1522 1657 1658
f 1522 1658 1523
f 1523 1658 1659
f 1523 1659 1524
f 1524 1659 1660
f 1524 1660 1661
f 1524 1661 1525
f 1525 1662 1663
f 1525 1663 1664
f 1525 1664 1665
f 1525 1665 1526
f 1525 1661 1662
f 1526 1665 1528
f 1526 1528 1527
f 1528 1665 1666
f 1528 1666 1667
f 1528 1667 1668
f 1528 1668 1669
f 1528 1669 1529
f 1529 1669 1670
f 1529 1670 1671
f 1529 1671 1530
f 1530 1671 1672
f 1530 1672 1673
f 1530 1673 1531
f 1531 1673 1674
f 1531 1674 1675
f 1531 1675 1676
f 1531 1676 1535
f 1531 1535 1532
f 1532 1535 1534
f 1533 1563 1639
f 1533 1639 1609
f 1533 1609 1677
f 1535 1676 1678
f 1535 1678 1679
f 1535 1679 1680
f 1535 1680 1681
f 1535 1681 1682
f 1535 1682 1536
f 1536 1682 1537
f 1537 1682 1683
f 1537 1683 1684
f 1537 1684 1685
f 1537 1685 1538
f 1538 1685 1686
f 1538 1686 1687
f 1538 1687 1539
f 1539 1541 1540
f 1539 1687 1688
f 1539 1688 1541
f 1541 1688 1689
f 1541 1689 1690
f 1541 1690 1691
f 1541 1691 1692
f 1541 1692 1542
f 1542 1692 1693
f 1542 1693 1694
f 1542 1694 1544
f 1542 1544 1543
f 1544 1695 1545
f 1544 1694 1696
f 1544 1696 1697
f 1544 1697 1698
f 1544 1698 1695
f 1545 1695 1699
f 1545 1699 1546
f 1546 1699 1548
f 1548 1699 1700
f 1548 1700 1549
f 1549 1700 1701
f 1549 1701 1702
f 1549 1702 1703
f 1549 1703 1630
f 1549 1630 1704
f 1549 1704 1550
f 1550 1704 1630
f 1550 1630 1629
f 1555 1557 1556
f 1555 1624 1557
f 1557 1623 1558
f 1560 1622 1561
f 1561 1621 1620
f 1561 1620 1705
f 1561 1705 1565
f 1561 1565 1562
f 1565 1567 1566
f 1565 1705 1618
f 1565 1618 1567
f 1567 1618 1568
f 1568 1618 1569
f 1570 1607 1706
f 1570 1706 1572
f 1571 1572 1707
f 1571 1707 1573
f 1572 1706 1708
f 1572 1708 1709
f 1572 1709 1707
f 1573 1707 1710
f 1573 1710 1711
f 1573 1711 1712
f 1573 1712 1713
f 1573 1713 1714
f 1573 1714 1575
f 1575 1714 1576
f 1576 1715 1652
f 1576 1652 1651
f 1576 1714 1713
f 1576 1713 1715
f 1579 1647 1583
f 1579 1583 1580
f 1580 1583 1582
f 1583 1647 1716
f 1583 1716 1584
f 1584 1717 1585
f 1584 1716 1718
f 1584 1718 1719
f 1584 1719 1720
f 1584 1720 1721
f 1584 1721 1717
f 1585 1717 1722
f 1585 1722 1586
f 1586 1722 1723
f 1586 1723 1724
f 1586 1724 1587
f 1587 1725 1726
f 1587 1726 1727
f 1587 1727 1589
f 1587 1589 1588
f 1587 1724 1725
f 1589 1727 1728
f 1589 1728 1729
f 1589 1729 1730
f 1589 1730 1590
f 1590 1730 1591
f 1591 1730 1731
f 1591 1731 1732
f 1591 1732 1592
f 1592 1732 1593
f 1593 1733 1594
f 1593 1732 1734
f 1593 1734 1733
f 1594 1733 1596
f 1594 1596 1595
f 1596 1733 1600
f 1596 1600 1597
f 1600 1734 1601
f 1600 1733 1734
f 1601 1734 1602
f 1602 1735 1603
f 1602 1734 1735
f 1603 1735 1736
f 1603 1736 1737
f 1603 1737 1604
f 1604 1737 1738
f 1604 1738 1739
f 1604 1739 1605
f 1605 1739 1738
f 1605 1738 1607
f 1607 1738 1740
f 1607 1740 1706
f 1608 1677 1609
f 1609 1638 1741
f 1609 1741 1610
f 1610 1741 1636
f 1610 1636 1611
f 1612 1628 1613
f 1613 1628 1742
f 1613 1742 1743
f 1613 1743 1744
f 1613 1744 1614
f 1614 1744 1616
f 1614 1616 1615
f 1616 1744 1617
f 1617 1744 1745
f 1617 1745 1644
f 1618 1705 1620
f 1618 1620 1619
f 1625 1635 1626
f 1626 1635 1627
f 1627 1746 1628
f 1627 1635 1747
f 1627 1747 1748
f 1627 1748 1749
f 1627 1749 1746
f 1628 1746 1742
f 1630 1703 1750
f 1630 1750 1751
f 1630 1751 1631
f 1631 1751 1632
f 1632 1751 1633
f 1633 1751 1752
f 1633 1752 1634
f 1634 1752 1753
f 1634 1753 1635
f 1635 1753 1747
f 1636 1741 1638
f 1636 1638 1637
f 1640 1645 1754
f 1640 1754 1755
f 1640 1755 1641
f 1641 1720 1642
f 1641 1755 1756
f 1641 1756 1757
f 1641 1757 1720
f 1642 1720 1643
f 1643 1720 1716
f 1643 1716 1647
f 1643 1647 1646
f 1644 1745 1645
f 1645 1745 1758
f 1645 1758 1759
f 1645 1759 1760
f 1645 1760 1754
f 1648 1654 1761
f 1648 1761 1649
f 1649 1761 1655
f 1652 1715 1713
f 1652 1713 1653
f 1653 1713 1762
f 1653 1762 1763
f 1653 1763 1764
f 1653 1764 1765
f 1653 1765 1654
f 1654 1765 1761
f 1655 1761 1656
f 1656 1761 1766
f 1656 1766 1767
f 1656 1767 1768
f 1656 1768 1657
f 1657 1659 1658
f 1657 1768 1769
f 1657 1769 1770
f 1657 1770 1771
f 1657 1771 1772
f 1657 1772 1659
f 1659 1772 1660
f 1660 1772 1773
f 1660 1773 1661
f 1661 1773 1662
f 1662 1773 1771
f 1662 1771 1774
f 1662 1774 1663
f 1663 1667 1664
f 1663 1774 1667
f 1664 1667 1665
f 1665 1667 1666
f 1667 1774 1775
f 1667 1775 1776
f 1667 1776 1668
f 1668 1670 1669
f 1668 1776 1670
f 1670 1777 1671
f 1670 1776 1778
f 1670 1778 1779
f 1670 1779 1780
f 1670 1780 1777
f 1671 1777 1781
f 1671 1781 1672
f 1672 1781 1782
f 1672 1782 1783
f 1672 1783 1673
f 1673 1783 1674
f 1674 1783 1784
f 1674 1784 1675
f 1675 1784 1785
f 1675 1785 1786
f 1675 1786 1787
f 1675 1787 1788
f 1675 1788 1676
f 1676 1788 1680
f 1676 1680 1678
f 1678 1680 1679
f 1680 1789 1681
f 1680 1788 1790
f 1680 1790 1787
f 1680 1787 1791
f 1680 1791 1792
f 1680 1792 1789
f 1681 1683 1682
f 1681 1789 1683
f 1683 1789 1793
f 1683 1793 1794
f 1683 1794 1684
f 1684 1795 1796
f 1684 1796 1797
f 1684 1797 1685
f 1684 1794 1798
f 1684 1798 1799
f 1684 1799 1800
f 1684 1800 1795
f 1685 1797 1796
f 1685 1796 1801
f 1685 1801 1686
f 1686 1801 1687
f 1687 1801 1796
f 1687 1796 1802
f 1687 1802 1688
f 1688 1802 1689
f 1689 1802 1803
f 1689 1803 1804
f 1689 1804 1690
f 1690 1804 1805
f 1690 1805 1691
f 1691 1805 1806
f 1691 1806 1807
f 1691 1807 1808
f 1691 1808 1809
f 1691 1809 1810
f 1691 1810 1693
f 1691 1693 1692
f 1693 1810 1697
f 1693 1697 1696
f 1693 1696 1694
f 1695 1698 1811
f 1695 1811 1812
f 1695 1812 1813
f 1695 1813 1814
f 1695 1814 1699
f 1697 1815 1816
f 1697 1816 1811
f 1697 1811 1698
f 1697 1810 1809
f 1697 1809 1817
f 1697 1817 1818
f 1697 1818 1815
f 1699 1814 1819
f 1699 1819 1702
f 1699 1702 1700
f 1700 1702 1701
f 1702 1819 1820
f 1702 1820 1750
f 1702 1750 1703
f 1706 1740 1821
f 1706 1821 1708
f 1707 1709 1822
f 1707 1822 1710
f 1708 1821 1823
f 1708 1823 1709
f 1709 1824 1822
f 1709 1823 1824
f 1710 1822 1711
f 1711 1822 1825
f 1711 1825 1826
f 1711 1826 1827
f 1711 1827 1828
f 1711 1828 1762
f 1711 1762 1712
f 1712 1762 1829
f 1712 1829 1713
f 1713 1829 1762
f 1716 1720 1718
f 1717 1830 1831
f 1717 1831 1722
f 1717 1721 1830
f 1718 1720 1719
f 1720 1757 1721
f 1721 1757 1830
f 1722 1831 1723
f 1723 1832 1724
f 1723 1831 1832
f 1724 1833 1725
f 1724 1832 1834
f 1724 1834 1835
f 1724 1835 1836
f 1724 1836 1837
f 1724 1837 1833
f 1725 1833 1726
f 1726 1833 1838
f 1726 1838 1727
f 1727 1838 1839
f 1727 1839 1728
f 1728 1839 1729
f 1729 1839 1840
f 1729 1840 1731
f 1729 1731 1730
f 1731 1840 1732
f 1732 1840 1841
f 1732 1841 1735
f 1732 1735 1734
f 1735 1841 1736
f 1736 1841 1842
f 1736 1842 1843
f 1736 1843 1844
f 1736 1844 1737
f 1737 1844 1738
f 1738 1844 1821
f 1738 1821 1740
f 1742 1845 1743
f 1742 1746 1846
f 1742 1846 1845
f 1743 1847 1744
f 1743 1845 1847
f 1744 1847 1848
f 1744 1848 1745
f 1745 1848 1849
f 1745 1849 1758
f 1746 1749 1850
f 1746 1850 1851
f 1746 1851 1846
f 1747 1753 1852
f 1747 1852 1850
f 1747 1850 1748
f 1748 1850 1749
f 1750 1820 1751
f 1751 1820 1853
f 1751 1853 1854
f 1751 1854 1855
f 1751 1855 1752
f 1752 1855 1856
f 1752 1856 1857
f 1752 1857 1753
f 1753 1857 1858
f 1753 1858 1859
f 1753 1859 1852
f 1754 1760 1860
f 1754 1860 1755
f 1755 1860 1760
f 1755 1760 1861
f 1755 1861 1862
f 1755 1862 1756
f 1756 1862 1863
f 1756 1863 1757
f 1757 1863 1830
f 1758 1849 1864
f 1758 1864 1759
f 1759 1864 1760
f 1760 1864 1865
f 1760 1865 1861
f 1761 1765 1764
f 1761 1764 1767
f 1761 1767 1766
f 1762 1828 1763
f 1763 1866 1867
f 1763 1867 1764
f 1763 1828 1866
f 1764 1867 1767
f 1767 1867 1768
f 1768 1867 1868
f 1768 1868 1869
f 1768 1869 1769
f 1769 1869 1870
f 1769 1870 1770
f 1770 1870 1771
f 1771 1773 1772
f 1771 1870 1871
f 1771 1871 1774
f 1774 1871 1872
f 1774 1872 1873
f 1774 1873 1775
f 1775 1873 1874
f 1775 1874 1776
f 1776 1874 1778
f 1777 1780 1781
f 1778 1874 1875
f 1778 1875 1779
f 1779 1875 1876
f 1779 1876 1877
f 1779 1877 1780
f 1780 1877 1781
f 1781 1877 1782
f 1782 1877 1878
f 1782 1878 1879
f 1782 1879 1880
f 1782 1880 1783
f 1783 1880 1784
f 1784 1880 1785
f 1785 1880 1786
f 1786 1880 1881
f 1786 1881 1787
f 1787 1881 1882
f 1787 1882 1883
f 1787 1883 1884
f 1787 1884 1791
f 1787 1790 1788
f 1789 1792 1793
f 1791 1884 1885
f 1791 1885 1886
f 1791 1886 1792
f 1792 1886 1793
f 1793 1886 1887
f 1793 1887 1799
f 1793 1799 1798
f 1793 1798 1794
f 1795 1888 1889
f 1795 1889 1796
f 1795 1800 1890
f 1795 1890 1891
f 1795 1891 1892
f 1795 1892 1893
f 1795 1893 1894
f 1795 1894 1895
f 1795 1895 1888
f 1796 1889 1888
f 1796 1888 1896
f 1796 1896 1897
f 1796 1897 1803
f 1796 1803 1802
f 1799 1887 1898
f 1799 1898 1899
f 1799 1899 1800
f 1800 1899 1890
f 1803 1897 1896
f 1803 1896 1900
f 1803 1900 1805
f 1803 1805 1804
f 1805 1900 1806
f 1806 1901 1807
f 1806 1900 1901
f 1807 1902 1808
f 1807 1901 1903
f 1807 1903 1904
f 1807 1904 1905
f 1807 1905 1906
f 1807 1906 1907
f 1807 1907 1908
f 1807 1908 1909
f 1807 1909 1902
f 1808 1902 1910
f 1808 1910 1809
f 1809 1910 1817
f 1811 1813 1812
f 1811 1816 1911
f 1811 1911 1813
f 1813 1911 1814
f 1814 1911 1912
f 1814 1912 1913
f 1814 1913 1914
f 1814 1914 1915
f 1814 1915 1916
f 1814 1916 1819
f 1815 1818 1911
f 1815 1911 1816
f 1817 1910 1917
f 1817 1917 1918
f 1817 1918 1818
f 1818 1918 1919
f 1818 1919 1920
f 1818 1920 1921
f 1818 1921 1922
f 1818 1922 1914
f 1818 1914 1911
f 1819 1916 1820
f 1820 1916 1853
f 1821 1844 1923
f 1821 1923 1823
f 1822 1924 1825
f 1822 1824 1924
f 1823 1925 1926
f 1823 1926 1824
f 1823 1923 1844
f 1823 1844 1927
f 1823 1927 1928
f 1823 1928 1925
f 1824 1929 1924
f 1824 1926 1929
f 1825 1930 1826
f 1825 1924 1930
f 1826 1930 1931
f 1826 1931 1932
f 1826 1932 1933
f 1826 1933 1934
f 1826 1934 1935
f 1826 1935 1827
f 1827 1935 1936
f 1827 1936 1828
f 1828 1936 1937
f 1828 1937 1938
f 1828 1938 1939
f 1828 1939 1866
f 1830 1863 1940
f 1830 1940 1831
f 1831 1940 1832
f 1832 1940 1834
f 1833 1837 1838
f 1834 1940 1941
f 1834 1941 1942
f 1834 1942 1835
f 1835 1942 1943
f 1835 1943 1836
f 1836 1944 1837
f 1836 1943 1945
f 1836 1945 1946
f 1836 1946 1944
f 1837 1947 1838
f 1837 1944 1947
f 1838 1947 1948
f 1838 1948 1839
f 1839 1948 1949
f 1839 1949 1950
f 1839 1950 1951
f 1839 1951 1840
f 1840 1951 1952
f 1840 1952 1841
f 1841 1952 1953
f 1841 1953 1842
f 1842 1953 1927
f 1842 1927 1843
f 1843 1927 1844
f 1845 1846 1954
f 1845 1954 1955
f 1845 1955 1847
f 1846 1956 1954
f 1846 1851 1957
f 1846 1957 1956
f 1847 1955 1958
f 1847 1958 1848
f 1848 1958 1959
f 1848 1959 1849
f 1849 1959 1960
f 1849 1960 1961
f 1849 1961 1962
f 1849 1962 1978
f 1849 1978 1864
f 1850 1963 1964
f 1850 1964 1965
f 1850 1965 1957
f 1850 1957 1851
f 1850 1852 1966
f 1850 1966 1967
f 1850 1967 1968
f 1850 1968 1963
f 1852 1859 1969
f 1852 1969 1966
f 1853 1916 1854
f 1854 1916 1855
f 1855 1916 1915
f 1855 1915 1856
f 1856 1915 1914
f 1856 1914 1922
f 1856 1922 1857
f 1857 1922 1858
f 1858 1970 1859
f 1858 1922 1920
f 1858 1920 1971
f 1858 1971 1970
f 1859 1970 1972
f 1859 1972 1969
f 1861 1865 1973
f 1861 1973 1974
f 1861 1974 1975
f 1861 1975 1976
f 1861 1976 1862
f 1862 1976 1863
f 1863 1976 1977
f 1863 1977 1940
f 1864 1978 1865
f 1865 1978 1979
f 1865 1979 1980
f 1865 1980 1973
f 1866 1868 1867
f 1866 1939 1868
f 1868 1939 1869
f 1869 1939 1870
f 1870 1939 1938
f 1870 1938 1937
f 1870 1937 1871
f 1871 1937 1981
f 1871 1981 1872
f 1872 1981 1933
f 1872 1933 1932
f 1872 1932 1982
f 1872 1982 1983
f 1872 1983 1873
f 1873 1983 1984
f 1873 1984 1874
f 1874 1984 1985
f 1874 1985 1986
f 1874 1986 1875
f 1875 1986 1987
f 1875 1987 1988
f 1875 1988 1876
f 1876 1988 1989
f 1876 1989 1877
f 1877 1989 1878
f 1878 1989 1990
f 1878 1990 1880
f 1878 1880 1879
f 1880 1990 1991
f 1880 1991 1992
f 1880 1992 1993
f 1880 1993 1994
f 1880 1994 1995
f 1880 1995 1881
f 1881 1995 1882
f 1882 1995 1996
f 1882 1996 1883
f 1883 1997 1884
f 1883 1996 1998
f 1883 1998 1999
f 1883 1999 1997
f 1884 1997 2000
f 1884 2000 1885
f 1885 2000 2001
f 1885 2001 1886
f 1886 2001 1898
f 1886 1898 1887
f 1888 2002 2003
f 1888 2003 1896
f 1888 1895 2002
f 1890 2004 2005
f 1890 2005 1891
f 1890 1899 2004
f 1891 2005 2006
f 1891 2006 1892
f 1892 2006 2007
f 1892 2007 2008
f 1892 2008 2009
f 1892 2009 1893
f 1893 2009 1895
f 1893 1895 1894
f 1895 2009 2010
f 1895 2010 2002
f 1896 2003 2011
f 1896 2011 1900
f 1898 2001 2012
f 1898 2012 2013
f 1898 2013 2005
f 1898 2005 1899
f 1899 2005 2004
f 1900 2011 1901
f 1901 2011 2014
f 1901 2014 2015
f 1901 2015 1904
f 1901 1904 1903
f 1902 1909 2016
f 1902 2016 1910
f 1904 2015 2017
f 1904 2017 1905
f 1905 2017 2018
f 1905 2018 2019
f 1905 2019 2020
f 1905 2020 1906
f 1906 2020 2021
f 1906 2021 2022
f 1906 2022 2023
f 1906 2023 2024
f 1906 2024 1907
f 1907 2024 2025
f 1907 2025 2026
f 1907 2026 1908
f 1908 2026 1909
f 1909 2026 2027
f 1909 2027 2028
f 1909 2028 2016
f 1910 2016 2029
f 1910 2029 1917
f 1911 1914 1913
f 1911 1913 1912
f 1917 2029 2030
f 1917 2030 1919
f 1917 1919 1918
f 1919 2030 1971
f 1919 1971 1920
f 1920 1922 1921
f 1924 2031 1930
f 1924 1929 2031
f 1925 1928 1926
f 1926 1928 2032
f 1926 2032 2033
f 1926 2033 1929
f 1927 2034 2035
f 1927 2035 2036
f 1927 2036 1928
f 1927 1953 2037
f 1927 2037 2034
f 1928 2036 2035
f 1928 2035 2038
f 1928 2038 2032
f 1929 2039 2031
f 1929 2033 2039
f 1930 2031 1931
f 1931 2040 1982
f 1931 1982 1932
f 1931 2031 2041
f 1931 2041 2040
f 1933 1981 1934
f 1934 1981 1937
f 1934 1937 1935
f 1935 1937 1936
f 1940 1977 1941
f 1941 2042 2043
f 1941 2043 2044
f 1941 2044 2045
f 1941 2045 1942
f 1941 1977 2042
f 1942 1945 1943
f 1942 2045 2046
f 1942 2046 1946
f 1942 1946 1945
f 1944 1946 1947
f 1946 2047 2048
f 1946 2048 2049
f 1946 2049 2050
f 1946 2050 1948
f 1946 1948 1947
f 1946 2046 2051
f 1946 2051 2052
f 1946 2052 2053
f 1946 2053 2047
f 1948 2050 2054
f 1948 2054 1949
f 1949 2054 1950
f 1950 2054 2055
f 1950 2055 2037
f 1950 2037 1951
f 1951 2037 1952
f 1952 2037 1953
f 1954 1956 2056
f 1954 2056 2057
f 1954 2057 2058
f 1954 2058 1955
f 1955 2059 1958
f 1955 2058 2060
f 1955 2060 2061
f 1955 2061 2059
f 1956 1957 1964
f 1956 1964 2056
f 1957 1965 1964
f 1958 2059 2062
f 1958 2062 1961
f 1958 1961 1959
f 1959 1961 1960
f 1961 2062 2063
f 1961 2063 2064
f 1961 2064 2065
f 1961 2065 2066
f 1961 2066 1962
f 1962 2066 2067
f 1962 2067 1978
f 1963 2056 1964
f 1963 1968 2068
f 1963 2068 2069
f 1963 2069 2070
f 1963 2070 2056
f 1966 1969 2071
f 1966 2071 1967
f 1967 2071 2072
f 1967 2072 1968
f 1968 2072 2068
f 1969 1972 2073
f 1969 2073 2074
f 1969 2074 2075
f 1969 2075 2076
f 1969 2076 2071
f 1970 1971 1972
f 1971 2030 2077
f 1971 2077 1972
f 1972 2077 2073
f 1973 1980 1974
f 1974 1980 2078
f 1974 2078 1975
f 1975 2078 2079
f 1975 2079 1976
f 1976 2079 1977
f 1977 2079 2042
f 1978 2067 2080
f 1978 2080 1979
f 1979 2080 2081
f 1979 2081 1980
f 1980 2081 2082
f 1980 2082 2083
f 1980 2083 2084
f 1980 2084 2085
f 1980 2085 2086
f 1980 2086 2087
f 1980 2087 2078
f 1982 2040 2088
f 1982 2088 2089
f 1982 2089 1983
f 1983 2089 2090
f 1983 2090 2091
f 1983 2091 1984
f 1984 2091 1985
f 1985 2091 2092
f 1985 2092 2093
f 1985 2093 1986
f 1986 2093 2094
f 1986 2094 1987
f 1987 2095 1988
f 1987 2094 2096
f 1987 2096 2095
f 1988 2095 1989
f 1989 2095 1991
f 1989 1991 1990
f 1991 2095 2097
f 1991 2097 1992
f 1992 2097 2098
f 1992 2098 1993
f 1993 2098 1996
f 1993 1996 1995
f 1993 1995 1994
f 1996 2098 2099
f 1996 2099 2100
f 1996 2100 2101
f 1996 2101 1998
f 1997 1999 2000
f 1998 2101 1999
f 1999 2101 2102
f 1999 2102 2103
f 1999 2103 2000
f 2000 2103 2001
f 2001 2103 2012
f 2002 2104 2003
f 2002 2010 2105
f 2002 2105 2104
f 2003 2104 2014
f 2003 2014 2011
f 2005 2013 2106
f 2005 2106 2107
f 2005 2107 2108
f 2005 2108 2109
f 2005 2109 2008
f 2005 2008 2007
f 2005 2007 2006
f 2008 2109 2108
f 2008 2108 2110
f 2008 2110 2111
f 2008 2111 2009
f 2009 2111 2112
f 2009 2112 2010
f 2010 2113 2114
f 2010 2114 2105
f 2010 2112 2115
f 2010 2115 2116
f 2010 2116 2113
f 2012 2117 2106
f 2012 2106 2013
f 2012 2103 2117
f 2014 2105 2113
f 2014 2113 2118
f 2014 2118 2015
f 2014 2104 2105
f 2015 2018 2017
f 2015 2118 2018
f 2016 2028 2027
f 2016 2027 2119
f 2016 2119 2073
f 2016 2073 2029
f 2018 2118 2019
f 2019 2118 2021
f 2019 2021 2020
f 2021 2118 2120
f 2021 2120 2022
f 2022 2120 2121
f 2022 2121 2023
f 2023 2025 2024
f 2023 2121 2122
f 2023 2122 2123
f 2023 2123 2124
f 2023 2124 2125
f 2023 2125 2126
f 2023 2126 2127
f 2023 2127 2025
f 2025 2127 2128
f 2025 2128 2072
f 2025 2072 2071
f 2025 2071 2076
f 2025 2076 2026
f 2026 2129 2027
f 2026 2076 2129
f 2027 2129 2130
f 2027 2130 2075
f 2027 2075 2074
f 2027 2074 2119
f 2029 2073 2077
f 2029 2077 2030
f 2031 2039 2041
f 2032 2131 2132
f 2032 2132 2033
f 2032 2038 2131
f 2033 2132 2039
f 2034 2037 2035
f 2035 2037 2133
f 2035 2133 2038
f 2037 2055 2133
f 2038 2133 2134
f 2038 2134 2131
f 2039 2135 2136
f 2039 2136 2041
f 2039 2132 2135
f 2040 2137 2088
f 2040 2041 2136
f 2040 2136 2138
f 2040 2138 2137
f 2042 2079 2139
f 2042 2139 2140
f 2042 2140 2141
f 2042 2141 2142
f 2042 2142 2143
f 2042 2143 2043
f 2043 2143 2142
f 2043 2142 2144
f 2043 2144 2044
f 2044 2144 2145
f 2044 2145 2052
f 2044 2052 2051
f 2044 2051 2046
f 2044 2046 2045
f 2047 2146 2147
f 2047 2147 2048
f 2047 2053 2148
f 2047 2148 2146
f 2048 2147 2149
f 2048 2149 2049
f 2049 2149 2050
f 2050 2150 2054
f 2050 2149 2150
f 2052 2145 2142
f 2052 2142 2053
f 2053 2142 2141
f 2053 2141 2151
f 2053 2151 2139
f 2053 2139 2152
f 2053 2152 2146
f 2053 2146 2148
f 2054 2150 2153
f 2054 2153 2154
f 2054 2154 2155
f 2054 2155 2055
f 2055 2155 2134
f 2055 2134 2133
f 2056 2070 2069
f 2056 2069 2156
f 2056 2156 2126
f 2056 2126 2125
f 2056 2125 2057
f 2057 2125 2157
f 2057 2157 2158
f 2057 2158 2058
f 2058 2159 2060
f 2058 2158 2159
f 2059 2061 2160
f 2059 2160 2161
f 2059 2161 2162
f 2059 2162 2163
f 2059 2163 2063
f 2059 2063 2062
f 2060 2159 2160
f 2060 2160 2061
f 2063 2163 2164
f 2063 2164 2064
f 2064 2164 2163
f 2064 2163 2165
f 2064 2165 2166
f 2064 2166 2167
f 2064 2167 2168
f 2064 2168 2169
f 2064 2169 2170
f 2064 2170 2065
f 2065 2170 2171
f 2065 2171 2172
f 2065 2172 2173
f 2065 2173 2066
f 2066 2173 2174
f 2066 2174 2175
f 2066 2175 2067
f 2067 2175 2080
f 2068 2128 2126
f 2068 2126 2156
f 2068 2156 2069
f 2068 2072 2128
f 2073 2119 2074
f 2075 2130 2129
f 2075 2129 2176
f 2075 2176 2076
f 2076 2176 2129
f 2078 2087 2177
f 2078 2177 2139
f 2078 2139 2079
f 2080 2175 2178
f 2080 2178 2081
f 2081 2178 2179
f 2081 2179 2180
f 2081 2180 2181
f 2081 2181 2082
f 2082 2084 2083
f 2082 2181 2182
f 2082 2182 2084
f 2084 2182 2183
f 2084 2183 2184
f 2084 2184 2185
f 2084 2185 2085
f 2085 2186 2086
f 2085 2185 2186
f 2086 2186 2087
f 2087 2186 2187
f 2087 2187 2188
f 2087 2188 2177
f 2088 2137 2189
f 2088 2189 2090
f 2088 2090 2089
f 2090 2189 2091
f 2091 2189 2092
f 2092 2190 2093
f 2092 2189 2191
f 2092 2191 2190
f 2093 2190 2192
f 2093 2192 2094
f 2094 2192 2193
f 2094 2193 2194
f 2094 2194 2195
f 2094 2195 2096
f 2095 2096 2097
f 2096 2195 2196
f 2096 2196 2097
f 2097 2196 2098
f 2098 2196 2099
f 2099 2196 2197
f 2099 2197 2198
f 2099 2198 2199
f 2099 2199 2100
f 2100 2199 2200
f 2100 2200 2101
f 2101 2200 2102
f 2102 2200 2201
f 2102 2201 2202
f 2102 2202 2203
f 2102 2203 2103
f 2103 2203 2117
f 2105 2114 2113
f 2106 2117 2204
f 2106 2204 2107
f 2107 2204 2205
f 2107 2205 2108
f 2108 2205 2206
f 2108 2206 2111
f 2108 2111 2110
f 2111 2207 2208
f 2111 2208 2209
f 2111 2209 2210
f 2111 2210 2211
f 2111 2211 2212
f 2111 2212 2213
f 2111 2213 2112
f 2111 2206 2214
f 2111 2214 2207
f 2112 2213 2215
f 2112 2215 2115
f 2113 2116 2216
f 2113 2216 2118
f 2115 2215 2116
f 2116 2212 2216
f 2116 2215 2213
f 2116 2213 2212
f 2117 2217 2218
f 2117 2218 2204
f 2117 2203 2217
f 2118 2216 2219
f 2118 2219 2120
f 2120 2219 2220
f 2120 2220 2221
f 2120 2221 2121
f 2121 2221 2222
f 2121 2222 2122
f 2122 2222 2123
f 2123 2222 2223
f 2123 2223 2158
f 2123 2158 2124
f 2124 2158 2125
f 2125 2158 2157
f 2126 2128 2127
f 2131 2224 2225
f 2131 2225 2132
f 2131 2134 2226
f 2131 2226 2227
f 2131 2227 2224
f 2132 2228 2135
f 2132 2225 2229
f 2132 2229 2228
f 2134 2155 2230
f 2134 2230 2226
f 2135 2231 2138
f 2135 2138 2136
f 2135 2228 2231
f 2137 2191 2189
f 2137 2138 2232
f 2137 2232 2191
f 2138 2231 2232
f 2139 2177 2233
f 2139 2233 2234
f 2139 2234 2235
f 2139 2235 2152
f 2139 2151 2140
f 2140 2151 2141
f 2142 2145 2144
f 2146 2236 2237
f 2146 2237 2147
f 2146 2152 2238
f 2146 2238 2236
f 2147 2237 2236
f 2147 2236 2239
f 2147 2239 2149
f 2149 2240 2241
f 2149 2241 2242
f 2149 2242 2150
f 2149 2239 2240
f 2150 2242 2153
f 2152 2235 2243
f 2152 2243 2238
f 2153 2242 2244
f 2153 2244 2245
f 2153 2245 2246
f 2153 2246 2247
f 2153 2247 2154
f 2154 2247 2230
f 2154 2230 2155
f 2158 2223 2248
f 2158 2248 2249
f 2158 2249 2250
f 2158 2250 2251
f 2158 2251 2252
f 2158 2252 2160
f 2158 2160 2253
f 2158 2253 2159
f 2159 2253 2160
f 2160 2252 2251
f 2160 2251 2254
f 2160 2254 2162
f 2160 2162 2161
f 2162 2254 2163
f 2163 2254 2255
f 2163 2255 2166
f 2163 2166 2165
f 2166 2255 2256
f 2166 2256 2257
f 2166 2257 2258
f 2166 2258 2167
f 2167 2258 2259
f 2167 2259 2168
f 2168 2259 2260
f 2168 2260 2169
f 2169 2260 2170
f 2170 2260 2171
f 2171 2260 2261
f 2171 2261 2172
f 2172 2262 2173
f 2172 2261 2262
f 2173 2262 2180
f 2173 2180 2174
f 2174 2180 2179
f 2174 2179 2175
f 2175 2179 2178
f 2177 2188 2263
f 2177 2263 2233
f 2180 2262 2181
f 2181 2262 2264
f 2181 2264 2182
f 2182 2265 2266
f 2182 2266 2184
f 2182 2184 2183
f 2182 2264 2262
f 2182 2262 2265
f 2184 2266 2267
f 2184 2267 2185
f 2185 2267 2268
f 2185 2268 2269
f 2185 2269 2270
f 2185 2270 2186
f 2186 2270 2271
f 2186 2271 2187
f 2187 2271 2272
f 2187 2272 2188
f 2188 2272 2273
f 2188 2273 2263
f 2190 2193 2192
f 2190 2191 2274
f 2190 2274 2193
f 2191 2232 2275
f 2191 2275 2274
f 2193 2274 2194
f 2194 2274 2276
f 2194 2276 2277
f 2194 2277 2196
f 2194 2196 2195
f 2196 2277 2197
f 2197 2277 2278
f 2197 2278 2198
f 2198 2278 2279
f 2198 2279 2280
f 2198 2280 2199
f 2199 2280 2281
f 2199 2281 2200
f 2200 2281 2282
f 2200 2282 2201
f 2201 2282 2283
f 2201 2283 2202
f 2202 2283 2217
f 2202 2217 2203
f 2204 2218 2205
f 2205 2284 2285
f 2205 2285 2206
f 2205 2218 2284
f 2206 2285 2294
f 2206 2294 2214
f 2207 2286 2287
f 2207 2287 2208
f 2207 2214 2294
f 2207 2294 2286
f 2208 2287 2288
f 2208 2288 2209
f 2209 2288 2289
f 2209 2289 2210
f 2210 2289 2340
f 2210 2340 2290
f 2210 2290 2291
f 2210 2291 2211
f 2211 2292 2220
f 2211 2220 2219
f 2211 2219 2216
f 2211 2216 2212
f 2211 2291 2293
f 2211 2293 2292
f 2217 2283 2284
f 2217 2284 2218
f 2220 2292 2221
f 2221 2293 2295
f 2221 2295 2223
f 2221 2223 2222
f 2221 2292 2293
f 2223 2296 2248
f 2223 2295 2296
f 2224 2297 2228
f 2224 2228 2229
f 2224 2229 2225
f 2224 2227 2298
f 2224 2298 2299
f 2224 2299 2300
f 2224 2300 2297
f 2226 2230 2301
f 2226 2301 2227
f 2227 2301 2298
f 2228 2297 2300
f 2228 2300 2302
f 2228 2302 2303
f 2228 2303 2231
f 2230 2247 2301
f 2231 2303 2304
f 2231 2304 2232
f 2232 2305 2275
f 2232 2304 2305
f 2233 2263 2234
f 2234 2263 2273
f 2234 2273 2272
f 2234 2272 2306
f 2234 2306 2307
f 2234 2307 2308
f 2234 2308 2235
f 2235 2308 2243
f 2236 2238 2243
f 2236 2243 2240
f 2236 2240 2239
f 2240 2309 2241
f 2240 2243 2310
f 2240 2310 2311
f 2240 2311 2312
f 2240 2312 2313
f 2240 2313 2309
f 2241 2309 2242
f 2242 2309 2244
f 2243 2314 2310
f 2243 2308 2314
f 2244 2315 2245
f 2244 2309 2315
f 2245 2316 2317
f 2245 2317 2246
f 2245 2315 2316
f 2246 2317 2318
f 2246 2318 2298
f 2246 2298 2247
f 2247 2298 2301
f 2248 2296 2249
f 2249 2255 2250
f 2249 2296 2255
f 2250 2255 2251
f 2251 2255 2254
f 2255 2296 2319
f 2255 2319 2256
f 2256 2319 2320
f 2256 2320 2257
f 2257 2321 2259
f 2257 2259 2258
f 2257 2320 2322
f 2257 2322 2321
f 2259 2321 2261
f 2259 2261 2260
f 2261 2321 2323
f 2261 2323 2262
f 2262 2323 2265
f 2265 2323 2324
f 2265 2324 2266
f 2266 2324 2325
f 2266 2325 2267
f 2267 2325 2326
f 2267 2326 2327
f 2267 2327 2328
f 2267 2328 2268
f 2268 2329 2269
f 2268 2328 2329
f 2269 2330 2270
f 2269 2329 2330
f 2270 2330 2271
f 2271 2306 2272
f 2271 2330 2329
f 2271 2329 2306
f 2274 2275 2276
f 2275 2305 2331
f 2275 2331 2276
f 2276 2331 2279
f 2276 2279 2277
f 2277 2279 2278
f 2279 2331 2280
f 2280 2331 2332
f 2280 2332 2333
f 2280 2333 2283
f 2280 2283 2282
f 2280 2282 2281
f 2283 2333 2284
f 2284 2333 2334
f 2284 2334 2285
f 2285 2334 2335
f 2285 2335 2336
f 2285 2336 2337
f 2285 2337 2294
f 2286 2294 2338
f 2286 2338 2287
f 2287 2338 2339
f 2287 2339 2288
f 2288 2339 2289
f 2289 2339 2340
f 2290 2340 2341
f 2290 2341 2291
f 2291 2341 2293
f 2293 2342 2343
f 2293 2343 2322
f 2293 2322 2295
f 2293 2341 2342
f 2294 2337 2338
f 2295 2322 2320
f 2295 2320 2344
f 2295 2344 2296
f 2296 2344 2320
f 2296 2320 2319
f 2298 2318 2299
f 2299 2318 2345
f 2299 2345 2300
f 2300 2346 2302
f 2300 2345 2346
f 2302 2347 2348
f 2302 2348 2349
f 2302 2349 2303
f 2302 2346 2347
f 2303 2348 2350
f 2303 2350 2304
f 2303 2349 2348
f 2304 2350 2305
f 2305 2332 2331
f 2305 2350 2348
f 2305 2348 2351
f 2305 2351 2332
f 2306 2329 2352
f 2306 2352 2307
f 2307 2352 2314
f 2307 2314 2308
f 2309 2313 2315
f 2310 2314 2311
f 2311 2353 2312
f 2311 2314 2352
f 2311 2352 2353
f 2312 2354 2355
f 2312 2355 2313
f 2312 2353 2327
f 2312 2327 2354
f 2313 2355 2315
f 2315 2355 2316
f 2316 2356 2317
f 2316 2355 2356
f 2317 2357 2318
f 2317 2356 2357
f 2318 2357 2345
f 2321 2322 2323
f 2322 2343 2323
f 2323 2343 2358
f 2323 2358 2359
f 2323 2359 2324
f 2324 2359 2360
f 2324 2360 2325
f 2325 2360 2361
f 2325 2361 2362
f 2325 2362 2326
f 2326 2362 2327
f 2327 2353 2352
f 2327 2352 2363
f 2327 2363 2328
f 2327 2362 2364
f 2327 2364 2365
f 2327 2365 2354
f 2328 2363 2329
f 2329 2363 2352
f 2332 2351 2366
f 2332 2366 2333
f 2333 2366 2334
f 2334 2366 2367
f 2334 2367 2368
f 2334 2368 2335
f 2335 2368 2369
f 2335 2369 2336
f 2336 2369 2370
f 2336 2370 2337
f 2337 2370 2338
f 2338 2370 2339
f 2339 2370 2340
f 2340 2370 2371
f 2340 2371 2372
f 2340 2372 2373
f 2340 2373 2374
f 2340 2374 2341
f 2341 2374 2342
f 2342 2373 2358
f 2342 2358 2343
f 2342 2374 2373
f 2345 2375 2346
f 2345 2357 2375
f 2346 2375 2376
f 2346 2376 2347
f 2347 2376 2377
f 2347 2377 2378
f 2347 2378 2348
f 2348 2379 2351
f 2348 2378 2379
f 2351 2379 2366
f 2354 2365 2380
f 2354 2380 2355
f 2355 2380 2356
f 2356 2380 2365
f 2356 2365 2381
f 2356 2381 2357
f 2357 2381 2375
f 2358 2373 2372
f 2358 2372 2382
f 2358 2382 2359
f 2359 2382 2383
f 2359 2383 2384
f 2359 2384 2360
f 2360 2384 2361
f 2361 2364 2362
f 2361 2384 2383
f 2361 2383 2385
f 2361 2385 2364
f 2364 2385 2365
f 2365 2385 2386
f 2365 2386 2381
f 2366 2379 2378
f 2366 2378 2387
f 2366 2387 2367
f 2367 2387 2368
f 2368 2387 2369
f 2369 2387 2370
f 2370 2387 2376
f 2370 2376 2371
f 2371 2386 2383
f 2371 2383 2372
f 2371 2376 2386
f 2372 2383 2382
f 2375 2381 2386
f 2375 2386 2376
f 2376 2387 2388
f 2376 2388 2377
f 2377 2388 2387
f 2377 2387 2378
f 2383 2386 2385

