# https://github.com/mikedh/trimesh
v 0.04221231 -0.01141125 0.07680374
v 0.04193764 -0.01510992 0.07680374
v 0.04213153 -0.01141125 0.07495169
v 0.04202651 -0.00955119 0.07124759
v 0.04208305 -0.00955119 0.07309964
v 0.04213153 -0.00955119 0.07495169
v 0.04217192 -0.00955119 0.07680374
v 0.04207498 -0.01141125 0.07865578
v 0.04204266 -0.01326059 0.07865578
v 0.04193764 -0.01510992 0.07865578
v 0.04175184 -0.01658939 0.07680374
v 0.04170337 -0.01625705 0.07532747
v 0.04179223 -0.01526537 0.07480854
v 0.04169529 -0.01440771 0.07168600
v 0.04167106 -0.01060719 0.06445675
v 0.04186494 -0.01141125 0.06939555
v 0.04176800 -0.01708791 0.07859316
v 0.04167914 -0.01800989 0.07915682
v 0.04178416 -0.00955119 0.06570935
v 0.04194572 -0.00955119 0.06939555
v 0.04166298 -0.00891331 0.06253313
v 0.04167106 -0.00770186 0.06247945
v 0.04172761 -0.00770186 0.06385730
v 0.04180031 -0.00770186 0.06570935
v 0.04185686 -0.00770186 0.06755245
v 0.04189725 -0.00770186 0.06939555
v 0.04193764 -0.00770186 0.07124759
v 0.04196996 -0.00770186 0.07495169
v 0.04195380 -0.00770186 0.07680374
v 0.04179223 -0.00770186 0.07835158
v 0.04189725 -0.00938502 0.07884367
v 0.04177608 -0.01141125 0.07990838
v 0.04180839 -0.01326059 0.08006943
v 0.04176800 -0.01510992 0.08007837
v 0.04172761 -0.01695926 0.07993522
v 0.04167914 -0.01800989 0.07974733
v 0.04163067 -0.01778476 0.07792212
v 0.04163875 -0.01598367 0.07410171
v 0.04163067 -0.01218315 0.06682773
v 0.04148525 -0.01129332 0.06384835
v 0.04121059 -0.00955119 0.05830116
v 0.04162259 -0.01014620 0.06322206
v 0.04169529 -0.00954047 0.06384835
v 0.04070165 -0.02064721 0.08049888
v 0.04139639 -0.01869603 0.07859316
v 0.04157412 -0.00954047 0.06195157
v 0.04139639 -0.00770186 0.05830116
v 0.04153372 -0.00770186 0.06015320
v 0.04162259 -0.00770186 0.06155790
v 0.04166298 -0.00659762 0.06271207
v 0.04171953 -0.00621167 0.06570935
v 0.04173568 -0.00615270 0.06755245
v 0.04174376 -0.00613126 0.06939555
v 0.04160643 -0.00520391 0.06939555
v 0.04175184 -0.00639928 0.07495169
v 0.04173568 -0.00651185 0.07680374
v 0.04168721 -0.00665122 0.07794896
v 0.04158219 -0.00770186 0.07928208
v 0.04164682 -0.00865065 0.07957734
v 0.04171145 -0.00988354 0.07972944
v 0.04149333 -0.01093953 0.08049888
v 0.04162259 -0.01240828 0.08049888
v 0.04166298 -0.01326059 0.08049888
v 0.04167914 -0.01410217 0.08049888
v 0.04166298 -0.01510992 0.08049888
v 0.04163067 -0.01609623 0.08049888
v 0.04159835 -0.01695926 0.08049888
v 0.04134792 -0.01870139 0.08049888
v 0.04133176 -0.01877107 0.08049888
v 0.04110557 -0.01880859 0.07680374
v 0.04068549 -0.01695926 0.06939555
v 0.03986957 -0.01253157 0.05316553
v 0.03980495 -0.01051070 0.04804779
v 0.04127522 -0.01326059 0.06570935
v 0.04125906 -0.01141125 0.06200525
v 0.04140447 -0.00955119 0.06015320
v 0.04079051 -0.00955119 0.05459706
v 0.04087130 -0.00770186 0.05274501
v 0.04069357 -0.02066329 0.08049888
v 0.04036236 -0.02080802 0.07858421
v 0.00439729 -0.02964195 0.09038542
v 0.04106518 -0.00770186 0.05459706
v 0.04123482 -0.00770186 0.05644911
v 0.04083090 -0.00585252 0.05089297
v 0.04098439 -0.00585252 0.05274501
v 0.04086322 -0.00400319 0.05089297
v 0.04125906 -0.00585252 0.05644911
v 0.04137216 -0.00585252 0.05830116
v 0.04108941 -0.00400319 0.05459706
v 0.04118635 -0.00400319 0.05644911
v 0.04158219 -0.00592757 0.06205893
v 0.04159835 -0.00545585 0.06385730
v 0.04167914 -0.00638320 0.06385730
v 0.04138831 -0.00400319 0.06200525
v 0.04140447 -0.00400319 0.06385730
v 0.04159027 -0.00525752 0.07124759
v 0.04108133 -0.00216457 0.06015320
v 0.04074204 -0.00030987 0.05644911
v 0.04071781 -0.00030987 0.05830116
v 0.04066126 -0.00030987 0.06015320
v 0.04095208 -0.00216457 0.06570935
v 0.04113788 -0.00400319 0.07309964
v 0.04101671 -0.00400319 0.07495169
v 0.04142063 -0.00558450 0.07680374
v 0.04070165 -0.00400319 0.07865578
v 0.04136408 -0.00595973 0.07860210
v 0.04087937 -0.00400319 0.07680374
v 0.04083090 -0.00583644 0.08049888
v 0.04113788 -0.00770186 0.08049888
v 0.04133984 -0.00939038 0.08049888
v 0.00439729 -0.00372444 0.09038542
v 0.04012808 -0.02018085 0.07495169
v 0.04082282 -0.01880859 0.07495169
v 0.03978071 -0.01600511 0.06114633
v 0.03973224 -0.01402176 0.05591228
v 0.03907789 -0.01141125 0.04533682
v 0.03944950 -0.01123972 0.04733202
v 0.04012808 -0.00955119 0.04904092
v 0.04057239 -0.00955119 0.05274501
v 0.04082282 -0.01141125 0.05830116
v 0.03972416 -0.01014084 0.04681309
v 0.04066126 -0.00770186 0.05089297
v 0.04045122 -0.00585252 0.04718887
v 0.04065318 -0.00585252 0.04904092
v 0.04004730 -0.02182650 0.08049888
v 0.03990996 -0.02169248 0.07915682
v 0.00185259 -0.02989925 0.09038542
v 0.00439729 -0.02977596 0.08976807
v 0.03204160 -0.02521962 0.08049888
v 0.03330183 -0.02491408 0.08049888
v 0.03516794 -0.02438876 0.08049888
v 0.03705829 -0.02371871 0.08049888
v 0.03784189 -0.02338637 0.08049888
v 0.03873052 -0.02280209 0.08049888
v 0.04054816 -0.00400319 0.04718887
v 0.04071781 -0.00400319 0.04904092
v 0.04066934 -0.00216457 0.04904092
v 0.04078243 -0.00216457 0.05089297
v 0.04126714 -0.00400319 0.05830116
v 0.04087937 -0.00216457 0.05274501
v 0.04133984 -0.00400319 0.06015320
v 0.04106518 -0.00216457 0.05830116
v 0.04073396 -0.00030987 0.05459706
v 0.04033812 0.00153946 0.05274501
v 0.04030581 0.00153946 0.05459706
v 0.03990996 0.00268123 0.05459706
v 0.04014424 0.00144298 0.05830116
v 0.04055624 -0.00030987 0.06200525
v 0.04043506 -0.00030987 0.06385730
v 0.04017655 -0.00232002 0.07680374
v 0.04006345 -0.00258268 0.07865578
v 0.03993420 -0.00284534 0.07988154
v 0.04020887 -0.00397102 0.08049888
v 0.04021694 -0.00399246 0.08049888
v 0.04045122 -0.00216457 0.07309964
v 0.04020079 -0.00199304 0.07507695
v 0.03978879 -0.00309728 0.08049888
v 0.03923946 -0.00221281 0.08049888
v 0.03827005 -0.00087272 0.08049888
v 0.03709060 0.00016184 0.08049888
v 0.03631508 0.00075148 0.08049888
v 0.03530527 0.00128216 0.08049888
v 0.03338261 0.00215055 0.08049888
v 0.03246168 0.00249361 0.08049888
v 0.00439729 -0.00258804 0.08941913
v -0.00612887 -0.00173038 0.09038542
v 0.03984534 -0.01978955 0.07197231
v 0.03982110 -0.01793485 0.06646985
v 0.03816503 -0.01270846 0.04350267
v 0.03802770 -0.01247797 0.04216955
v 0.03873860 -0.01141125 0.04350267
v 0.03793883 -0.01046782 0.03706077
v 0.03805193 -0.00891867 0.03459137
v 0.03873052 -0.00955119 0.03979857
v 0.04044314 -0.00770186 0.04904092
v 0.03985342 -0.00890795 0.04585575
v 0.03793883 -0.00860776 0.03336562
v 0.03801154 -0.00701037 0.03106622
v 0.03864165 -0.00770186 0.03610343
v 0.03894056 -0.00770186 0.03795547
v 0.03923138 -0.00770186 0.03979857
v 0.03977263 -0.00847911 0.04463000
v 0.03979687 -0.00680131 0.04253638
v 0.04002306 -0.00585252 0.04350267
v 0.03979687 -0.00494125 0.04070223
v 0.03973224 -0.00400319 0.03944964
v 0.04036236 -0.00400319 0.04533682
v 0.03901326 -0.02219636 0.07858421
v 0.03861742 -0.02205699 0.07680374
v 0.03973224 -0.02152095 0.07792212
v 0.03802770 -0.01796701 0.05890956
v 0.00000264 -0.03007614 0.09038542
v 0.00370255 -0.02984028 0.08976807
v 0.00439729 -0.02975452 0.08791602
v 0.01666031 -0.02791590 0.08049888
v 0.01851027 -0.02764252 0.08049888
v 0.02056218 -0.02729946 0.08049888
v 0.02377739 -0.02673126 0.08049888
v 0.02591009 -0.02635067 0.08049888
v 0.02775196 -0.02601832 0.08049888
v 0.02960192 -0.02568062 0.08049888
v 0.03111258 -0.02539652 0.08049888
v 0.03146803 -0.02491408 0.07680374
v 0.02591009 -0.02603977 0.07680374
v 0.02973925 -0.02547692 0.07858421
v 0.03014317 -0.02521426 0.07680374
v 0.00991484 -0.02338637 0.02088442
v 0.01396212 -0.02346141 0.02947363
v 0.03331798 -0.02467286 0.07865578
v 0.03146803 -0.02444237 0.07309964
v 0.02961807 -0.02421187 0.06755245
v 0.03516794 -0.02412610 0.07865578
v 0.03655743 -0.02363831 0.07865578
v 0.03628276 -0.02352574 0.07727793
v 0.03775303 -0.02334885 0.08005153
v 0.03986957 -0.00216457 0.03997752
v 0.04003114 -0.00216457 0.04165062
v 0.04037044 -0.00216457 0.04533682
v 0.04052392 -0.00216457 0.04718887
v 0.04053200 -0.00030987 0.04904092
v 0.03999883 -0.00030987 0.04165062
v 0.03982110 0.00093374 0.04031751
v 0.04041083 -0.00030987 0.04718887
v 0.04096016 -0.00216457 0.05459706
v 0.04062086 -0.00030987 0.05089297
v 0.04101671 -0.00216457 0.05644911
v 0.04068549 -0.00030987 0.05274501
v 0.04031389 0.00153946 0.05089297
v 0.03995036 0.00280452 0.05274501
v 0.03994228 0.00288492 0.04904092
v 0.03995036 0.00286884 0.05089297
v 0.03955451 0.00379619 0.05089297
v 0.03947373 0.00372650 0.05274501
v 0.03979687 0.00246145 0.05736171
v 0.04008769 0.00126072 0.06015320
v 0.04028965 -0.00030987 0.06570935
v 0.03985342 -0.00113001 0.07453118
v 0.03978071 -0.00126402 0.07576587
v 0.03952220 -0.00166069 0.07865578
v 0.03969992 -0.00139803 0.07680374
v 0.04010385 -0.00019195 0.06741824
v 0.04010385 -0.00058861 0.06939555
v 0.04002306 -0.00079231 0.07124759
v 0.03860126 -0.00047605 0.07865578
v 0.03793883 0.00060675 0.07771634
v 0.03772879 0.00044594 0.07865578
v 0.03642817 0.00082117 0.08012311
v 0.03610504 0.00247217 0.07590008
v 0.03563649 0.00226848 0.07714373
v 0.03507908 0.00266515 0.07663374
v 0.03516794 0.00315294 0.07495169
v 0.03146803 0.00261690 0.08049888
v -0.02590481 0.00106775 0.09038542
v 0.03421469 0.00431079 0.07216020
v 0.03297869 0.00442335 0.07257176
v 0.03075713 0.00620837 0.06679194
v 0.02498915 0.00986951 0.05551861
v 0.02141849 0.01174565 0.05005194
v 0.01549702 0.01540680 0.03879650
v 0.03791460 -0.01599975 0.05191293
v 0.03791460 -0.01414505 0.04638363
v 0.03789844 -0.01223139 0.04093485
v 0.03645241 -0.01281567 0.03610343
v 0.03622621 -0.01249941 0.03425138
v 0.03727640 -0.01141125 0.03610343
v 0.03784997 -0.01022660 0.03610343
v 0.03986149 -0.00714974 0.04350267
v 0.03772072 -0.00954047 0.03409033
v 0.03736527 -0.00955119 0.03239933
v 0.03784997 -0.00832366 0.03239933
v 0.03790652 -0.00662442 0.02984046
v 0.03849624 -0.00585252 0.03239933
v 0.03955451 -0.00753568 0.04180272
v 0.03906173 -0.00585252 0.03610343
v 0.03969185 -0.00807172 0.04350267
v 0.03932024 -0.00585252 0.03795547
v 0.03910212 -0.00400319 0.03425138
v 0.03933640 -0.00400319 0.03610343
v 0.03956259 -0.00400319 0.03795547
v 0.03904558 -0.00216457 0.03239933
v 0.03925562 -0.00216457 0.03425138
v 0.03965953 -0.00216457 0.03795547
v 0.03829428 -0.02183722 0.07495169
v 0.03807617 -0.02167640 0.07365436
v 0.03785805 -0.01967162 0.06502042
v 0.03617774 -0.01610695 0.04598996
v 0.03609696 -0.01418257 0.03886808
v -0.00184732 -0.03023695 0.09038542
v 0.00185259 -0.03000110 0.08976807
v 0.00000264 -0.03015119 0.08976807
v -0.00184732 -0.03029592 0.08976807
v 0.00370255 -0.02980812 0.08791602
v 0.00185259 -0.02982420 0.08606397
v 0.00439729 -0.02962587 0.08606397
v 0.01111045 -0.02858595 0.08049888
v 0.01296040 -0.02839298 0.08049888
v 0.01481036 -0.02816784 0.08049888
v 0.01666031 -0.02758892 0.07680374
v 0.01851027 -0.02749779 0.07865578
v 0.02008556 -0.02725121 0.07865578
v 0.02101457 -0.02709576 0.07865578
v 0.02123269 -0.02713328 0.07972944
v 0.02221826 -0.02688135 0.07865578
v 0.02406013 -0.02654900 0.07865578
v 0.02591009 -0.02621130 0.07865578
v 0.02406013 -0.02638819 0.07680374
v 0.02406013 -0.02620594 0.07495169
v 0.02591009 -0.02585215 0.07495169
v 0.02786506 -0.02546620 0.07492485
v 0.02036022 -0.02444773 0.05089297
v 0.00860614 -0.02349358 0.01944394
v 0.00801642 -0.02338101 0.01724296
v 0.00555250 -0.02289857 0.00834061
v 0.00555250 -0.02267344 0.00648856
v 0.01177288 -0.02338637 0.02453484
v 0.00555250 -0.02243758 0.00463651
v 0.01111045 -0.02237326 0.01573985
v 0.01920501 -0.02337565 0.03979857
v 0.02009363 -0.02363295 0.04350267
v 0.02283221 -0.02334885 0.04718887
v 0.03427124 -0.02345069 0.07211546
v 0.02700875 -0.02349358 0.05701277
v 0.03035321 -0.02338637 0.06332047
v 0.03747836 -0.02319876 0.07865578
v 0.02323613 -0.02163888 0.03679235
v 0.02498107 -0.02158528 0.04073802
v 0.03347955 -0.02209451 0.06372309
v 0.03932024 -0.00030987 0.03425138
v 0.03967569 -0.00030987 0.03795547
v 0.03986149 -0.00030987 0.04002225
v 0.03976455 0.00217199 0.04123906
v 0.03980495 0.00248825 0.04247375
v 0.04017655 0.00153946 0.04718887
v 0.03944950 0.00153946 0.03610343
v 0.03972416 0.00155018 0.03974489
v 0.03959491 0.00153946 0.03795547
v 0.04025734 0.00153946 0.04904092
v 0.03990996 0.00284204 0.04718887
v 0.03960299 0.00380691 0.04904092
v 0.03962722 0.00368362 0.04533682
v 0.03961914 0.00376939 0.04718887
v 0.03833468 0.00687305 0.03979857
v 0.03831852 0.00676049 0.04165062
v 0.03828621 0.00665328 0.04350267
v 0.03879514 0.00524349 0.04904092
v 0.03936871 0.00360857 0.05459706
v 0.03852048 0.00539359 0.05087507
v 0.03974840 0.00237032 0.05830116
v 0.03980495 0.00062820 0.06671142
v 0.03994228 0.00089085 0.06385730
v 0.03973224 0.00049955 0.06793717
v 0.03965146 0.00033337 0.06939555
v 0.03932024 -0.00043316 0.07507695
v 0.03953028 0.00013504 0.07124759
v 0.03938487 -0.00006330 0.07309964
v 0.03828621 0.00099270 0.07495169
v 0.03870628 -0.00012762 0.07698268
v 0.03846393 0.00124464 0.07309964
v 0.03810040 0.00078365 0.07648164
v 0.03782574 0.00235424 0.07170390
v 0.03761570 0.00217735 0.07309964
v 0.03668668 0.00289028 0.07309964
v 0.03632315 0.00262226 0.07495169
v 0.03680786 0.00108383 0.07865578
v 0.03516794 0.00368362 0.07309964
v -0.00830196 0.01727758 0.03703392
v -0.01294705 0.01456522 0.04719782
v -0.01294705 0.01401846 0.04904986
v -0.01294705 0.01365931 0.05025772
v -0.01480508 0.01410423 0.04904986
v -0.01480508 0.01342346 0.05132243
v -0.01665504 0.00992312 0.06308785
v -0.01849691 0.00790761 0.06995921
v -0.01665504 0.00741445 0.07125654
v 0.02962615 0.00268123 0.08049888
v -0.02775477 0.00123392 0.09038542
v 0.00483352 0.02287919 0.01500619
v 0.00555250 0.02162486 0.01944394
v 0.00370255 0.02228419 0.01760085
v 0.00000264 0.02033300 0.02500009
v 0.03263132 0.00622445 0.06504726
v 0.03199312 0.00609044 0.06627301
v 0.03348763 0.00461633 0.07142654
v 0.03519218 0.00409101 0.07142654
v 0.03459437 0.00445016 0.07092550
v 0.03431971 0.00619765 0.06308785
v 0.03244552 0.00989096 0.04820884
v 0.03230011 0.00799874 0.05729013
v 0.01413985 0.01732582 0.03171041
v 0.03687249 -0.01141125 0.03425138
v 0.03609696 -0.01233324 0.03332088
v 0.03591115 -0.01398960 0.03764233
v 0.03693711 -0.00955119 0.03054728
v 0.03614543 -0.00688172 0.02202071
v 0.03730872 -0.00770186 0.02869524
v 0.03769648 -0.00765897 0.03049360
v 0.03714715 -0.00585252 0.02500009
v 0.03779342 -0.00621703 0.02869524
v 0.03795499 -0.00495197 0.02773790
v 0.03798731 -0.00324737 0.02568007
v 0.03883554 -0.00400319 0.03239933
v 0.03881130 -0.00216457 0.03054728
v 0.03911828 -0.00030987 0.03239933
v 0.03889209 -0.00030987 0.03054728
v 0.03785805 -0.02152631 0.07242861
v 0.03432779 -0.01609087 0.04049645
v 0.03619390 -0.01796165 0.05336236
v 0.03636354 -0.02175681 0.06939555
v 0.03597578 -0.01593542 0.04474632
v 0.03472363 -0.01456852 0.03610343
v -0.00308331 -0.03032272 0.09038542
v -0.00368919 -0.03041921 0.08976807
v -0.00368919 -0.03034952 0.08791602
v -0.00184732 -0.03022087 0.08791602
v 0.00000264 -0.03008686 0.08791602
v 0.00000264 -0.02996357 0.08606397
v 0.00000264 -0.02982420 0.08421193
v 0.00185259 -0.02967947 0.08421193
v 0.00439729 -0.02947578 0.08421193
v 0.00651383 -0.02899870 0.08049888
v 0.00743477 -0.02891830 0.08048994
v 0.00925241 -0.02875748 0.08049888
v 0.00925241 -0.02814104 0.07309964
v 0.00742669 -0.02706896 0.05825642
v 0.00740246 -0.02614161 0.04718887
v 0.01111045 -0.02780870 0.07124759
v 0.01034300 -0.02716009 0.06269418
v 0.01296040 -0.02775509 0.07309964
v 0.01296040 -0.02743347 0.06939555
v 0.00973712 -0.02523034 0.03979857
v 0.01939081 -0.02713328 0.07595376
v 0.01973818 -0.02718689 0.07718846
v 0.02036022 -0.02703680 0.07666058
v 0.02221826 -0.02673126 0.07680374
v 0.01727427 -0.02523570 0.05274501
v 0.01969779 -0.02534291 0.05830116
v 0.00644921 -0.02343461 0.01486303
v 0.00555250 -0.02310763 0.01019265
v 0.00370255 -0.02265200 0.00278446
v 0.00439729 -0.02257159 0.00347339
v 0.00439729 -0.02247510 0.00278446
v 0.00555250 -0.02217492 0.00278446
v 0.00753171 -0.02185330 0.00458283
v 0.00918778 -0.02136550 0.00458283
v 0.01285538 -0.02132798 0.01205365
v 0.02221826 -0.02247510 0.03979857
v 0.03217085 -0.02337029 0.06708720
v 0.01733082 -0.02151023 0.02276331
v 0.01943928 -0.02158528 0.02777369
v 0.02120845 -0.02155848 0.03162093
v 0.03419853 -0.02156384 0.06303417
v 0.01242723 -0.01993964 0.00278446
v 0.03220316 -0.02148879 0.05782696
v 0.02697644 -0.02166032 0.04592733
v 0.01366322 -0.01961801 0.00425179
v 0.03927177 0.00153946 0.03425138
v 0.03938487 0.00339416 0.03795547
v 0.03948989 0.00339416 0.03979857
v 0.03982918 0.00260082 0.04350267
v 0.03924754 0.00339416 0.03610343
v 0.03907789 0.00339416 0.03425138
v 0.03986957 0.00275627 0.04533682
v 0.03961106 0.00352817 0.04350267
v 0.03903750 0.00524349 0.04165062
v 0.03902942 0.00524349 0.04350267
v 0.03897287 0.00524349 0.03795547
v 0.03902942 0.00524349 0.03979857
v 0.03831852 0.00692666 0.03795547
v 0.03785805 0.00785401 0.03610343
v 0.03784189 0.00784865 0.03795547
v 0.03778535 0.00780040 0.03979857
v 0.03822965 0.00654607 0.04533682
v 0.03814887 0.00642278 0.04718887
v 0.03855279 0.00506660 0.05274501
v 0.03844777 0.00489507 0.05459706
v 0.03905365 0.00339416 0.05830116
v 0.03954644 0.00200046 0.06200525
v 0.03965146 0.00218271 0.06015320
v 0.03805193 0.00629413 0.04904092
v 0.03798731 0.00620837 0.05024878
v 0.03942526 0.00181820 0.06385730
v 0.03928793 0.00164667 0.06570935
v 0.03884362 0.00153946 0.06939555
v 0.03848817 0.00166275 0.07115812
v 0.03797115 0.00249361 0.07046920
v 0.03713099 0.00300285 0.07115812
v 0.03610504 0.00432151 0.06850979
v 0.03583037 0.00419822 0.06974448
v -0.00924714 0.01728830 0.03706971
v -0.01294705 0.01539072 0.04431685
v 0.00000264 0.02105130 0.02248596
v -0.01480508 0.01464026 0.04719782
v -0.01665504 0.01415247 0.04904986
v -0.01665504 0.01372900 0.05049929
v -0.01665504 0.01345562 0.05142084
v -0.01665504 0.01197079 0.05634174
v -0.01665504 0.01169205 0.05726329
v -0.01849691 0.00863662 0.06755245
v -0.02034687 0.00792905 0.07003079
v -0.01849691 0.00747878 0.07125654
v -0.02953202 0.00091766 0.09038542
v -0.02034687 0.00752166 0.07125654
v -0.02219682 0.00751094 0.07125654
v -0.02219682 0.00791833 0.06998605
v -0.02405486 0.00744662 0.07125654
v -0.02590481 0.00729653 0.07125654
v -0.02775477 0.00703387 0.07125654
v 0.01022990 0.02098697 0.01856713
v 0.01149821 0.02084760 0.01759190
v 0.01188597 0.02093873 0.01641088
v 0.00925241 0.02168382 0.01573985
v 0.01221719 0.02102449 0.01516724
v 0.00512435 0.02295424 0.01389675
v 0.00370255 0.02341523 0.01203576
v 0.00370255 0.02317401 0.01388780
v 0.00439729 0.02289527 0.01508671
v 0.00370255 0.02269158 0.01611563
v 0.00909892 0.02067607 0.02113495
v 0.01111045 0.02022580 0.02129599
v 0.01666031 0.01827997 0.02500009
v 0.01977858 0.01735262 0.02627952
v 0.02517495 0.01546577 0.02982257
v 0.00185259 0.02183391 0.01944394
v 0.03146803 0.00714107 0.06200525
v 0.03432779 0.00805770 0.05389024
v 0.03251014 0.01177245 0.03911860
v 0.03210623 0.01164381 0.04034435
v 0.03052285 0.01356819 0.03331193
v 0.03087023 0.01180998 0.04113169
v 0.02961807 0.01278557 0.03795547
v 0.02961807 0.01238354 0.03979857
v 0.03644433 -0.01142197 0.03258722
v 0.03629084 -0.01078408 0.03054728
v 0.03565264 -0.01374302 0.03610343
v 0.03420661 -0.01230107 0.02785421
v 0.03413391 -0.01034453 0.02253069
v 0.03393195 -0.01008723 0.02129599
v 0.03440049 -0.00885434 0.01991814
v 0.03595963 -0.01025876 0.02823894
v 0.03613735 -0.01054287 0.02947363
v 0.03445704 -0.01435947 0.03460926
v 0.03629892 -0.00899907 0.02684319
v 0.03557186 -0.00757857 0.02135863
v 0.03597578 -0.00649041 0.02078601
v 0.03634739 -0.00586324 0.02135863
v 0.03675131 -0.00585252 0.02314804
v 0.03614543 -0.00872569 0.02571586
v 0.03578998 -0.00808244 0.02314804
v 0.03769648 -0.00392278 0.02504483
v 0.03760762 -0.00568099 0.02701318
v 0.03728448 -0.00400319 0.02314804
v 0.03688056 -0.00400319 0.02129599
v 0.03760762 -0.00216457 0.02314804
v 0.03787421 -0.00216457 0.02445432
v 0.03803577 -0.00216457 0.02537587
v 0.03827005 -0.00216457 0.02684319
v 0.03854471 -0.00216457 0.02869524
v 0.03905365 0.00153946 0.03239933
v 0.03862550 -0.00030987 0.02869524
v 0.03807617 0.00153946 0.02503588
v 0.03833468 0.00153946 0.02684319
v 0.03881938 0.00153946 0.03054728
v 0.03596770 -0.01965018 0.05955375
v 0.03619390 -0.01980027 0.06078845
v 0.03331798 -0.01700214 0.04165062
v 0.03340685 -0.01650898 0.03984331
v 0.03238089 -0.01602655 0.03521766
v 0.03408543 -0.01593006 0.03927070
v 0.03405312 -0.01777404 0.04674152
v 0.03591115 -0.02148343 0.06707825
v -0.00368919 -0.03036024 0.09038542
v -0.00554723 -0.03046209 0.08976807
v -0.00554723 -0.03040849 0.08791602
v -0.00368919 -0.03021551 0.08606397
v -0.00184732 -0.03009758 0.08606397
v -0.00184732 -0.02995285 0.08421193
v 0.00000264 -0.02951866 0.08051678
v 0.00124671 -0.02717081 0.05336236
v 0.00439729 -0.02784622 0.06454622
v 0.00439729 -0.02870924 0.07496064
v 0.00439729 -0.02702072 0.05458811
v 0.00439729 -0.02661869 0.04973879
v 0.00623109 -0.02712256 0.05761223
v 0.00370255 -0.02431372 0.02128705
v 0.00555250 -0.02507489 0.03239933
v 0.00555250 -0.02460854 0.02684319
v 0.00439729 -0.02341853 0.01146314
v 0.00845265 -0.02530539 0.03869808
v 0.00439729 -0.02341317 0.01140051
v 0.00482545 -0.02346677 0.01262626
v 0.00740246 -0.02422259 0.02500009
v 0.02036022 -0.02669909 0.07309964
v 0.01211217 -0.02530003 0.04429001
v 0.01407522 -0.02532147 0.04777043
v 0.00370255 -0.02304330 0.00648856
v 0.00370255 -0.02285569 0.00462756
v 0.00185259 -0.02280209 0.00278446
v 0.00370255 -0.02206771 0.00127241
v 0.00439729 -0.02197123 0.00135293
v 0.00555250 -0.02181577 0.00150503
v 0.00669156 -0.02164424 0.00173766
v 0.00794371 -0.02147271 0.00278446
v 0.00925241 -0.02107604 0.00278446
v 0.01111045 -0.02105460 0.00648856
v 0.01111045 -0.02077586 0.00463651
v 0.01111045 -0.02047568 0.00278446
v 0.03057941 -0.01976274 0.04616890
v 0.02153967 -0.01802061 0.01606195
v 0.02302610 -0.01782228 0.01879976
v 0.02499723 -0.01789197 0.02405170
v 0.01216872 -0.01980563 0.00173766
v 0.01335624 -0.01943040 0.00278446
v 0.01639372 -0.01824039 0.00463651
v 0.01754086 -0.01786516 0.00566543
v 0.01464879 -0.01921062 0.00477966
v 0.03888401 0.00339416 0.03239933
v 0.03886785 0.00524349 0.03610343
v 0.03873052 0.00524349 0.03425138
v 0.03855279 0.00524349 0.03239933
v 0.03822965 0.00687305 0.03425138
v 0.03828621 0.00692666 0.03610343
v 0.03784997 0.00780040 0.03425138
v 0.03708252 0.00894217 0.03239933
v 0.03712291 0.00894217 0.03425138
v 0.03630700 0.01012145 0.03239933
v 0.03629084 0.01008393 0.03425138
v 0.03768032 0.00768247 0.04165062
v 0.03622621 0.01000889 0.03610343
v 0.03831852 0.00472354 0.05644911
v 0.03849624 0.00313150 0.06385730
v 0.03881130 0.00339416 0.06015320
v 0.03788228 0.00611188 0.05147453
v 0.03795499 0.00432151 0.06111949
v 0.03818119 0.00455736 0.05830116
v 0.03615351 0.00992312 0.03740075
v 0.03836699 0.00295461 0.06570935
v 0.03822158 0.00277771 0.06755245
v 0.03806809 0.00260082 0.06939555
v 0.03764801 0.00405349 0.06385730
v 0.03742182 0.00388195 0.06570935
v 0.03624237 0.00441799 0.06755245
v 0.03605656 0.00614404 0.05910639
v 0.03425508 0.01172957 0.03522661
v 0.03428739 0.00989632 0.04455843
v -0.01046698 0.01728830 0.03707866
v -0.01480508 0.01540144 0.04434370
v -0.01480508 0.01513878 0.04534577
v -0.01294705 0.01564266 0.04338636
v 0.00185259 0.02233243 0.01760085
v -0.00554723 0.01917516 0.02980468
v -0.01665504 0.01465099 0.04719782
v -0.01849691 0.01412567 0.04904986
v -0.01849691 0.01372364 0.05049035
v -0.01849691 0.01345562 0.05141190
v -0.01849691 0.01306431 0.05274501
v -0.01849691 0.01198687 0.05640437
v -0.01849691 0.01086655 0.06015320
v -0.01849691 0.00919410 0.06570935
v -0.02034687 0.00820779 0.06910924
v -0.03013790 0.00069252 0.09038542
v -0.02960472 0.00629413 0.07248229
v -0.03056605 0.00618156 0.07221388
v -0.02034687 0.00922091 0.06570935
v -0.02219682 0.00819171 0.06905556
v -0.02405486 0.00788081 0.06983395
v -0.02546858 0.00808450 0.06870662
v -0.02600983 0.00783256 0.06935976
v -0.02670458 0.00800410 0.06842031
v -0.02775477 0.00753774 0.06940449
v -0.02960472 0.00665864 0.07125654
v 0.01561820 0.01910011 0.02207439
v 0.02406013 0.01626982 0.02684319
v 0.01851027 0.01822637 0.02314804
v 0.02687142 0.01542824 0.02782737
v 0.02238790 0.01756168 0.02145704
v 0.02036022 0.01838182 0.01944394
v 0.01898689 0.01901435 0.01759190
v 0.02036022 0.01865520 0.01759190
v 0.01934234 0.01910011 0.01573985
v 0.01111045 0.02139972 0.01389675
v 0.00740246 0.02236995 0.01389675
v 0.00605336 0.02271838 0.01389675
v 0.00535862 0.02301856 0.01204470
v 0.00439729 0.02324906 0.01204470
v 0.00370255 0.02350100 0.01019265
v 0.00185259 0.02394055 0.00834061
v 0.00185259 0.02384942 0.01019265
v 0.00185259 0.02358140 0.01203576
v 0.00370255 0.02292207 0.01519408
v 0.01111045 0.01982377 0.02314804
v 0.01916462 0.01721861 0.02751422
v 0.02591009 0.01476355 0.03239933
v 0.02776004 0.01473675 0.03054728
v 0.02776004 0.01437225 0.03239933
v 0.03402081 0.01160628 0.03646131
v 0.03336646 0.01201367 0.03594238
v 0.03277673 0.01189574 0.03795547
v 0.03146803 0.01308575 0.03425138
v 0.03146803 0.01271052 0.03610343
v 0.03145995 0.01338057 0.03256933
v 0.03083792 0.01367003 0.03206829
v 0.02961807 0.01427040 0.03054728
v 0.03007855 0.01347170 0.03425138
v 0.02944035 0.01325728 0.03593343
v 0.02871329 0.01357355 0.03519977
v 0.03226779 -0.01222603 0.02253069
v 0.03202544 -0.01202233 0.02129599
v 0.03266364 -0.01075728 0.01944394
v 0.03422277 -0.01416113 0.03338351
v 0.03368151 -0.00950831 0.01936342
v 0.03418237 -0.00851664 0.01868344
v 0.03478825 -0.00781979 0.01936342
v 0.03382692 -0.01575317 0.03795547
v 0.03326144 -0.01559772 0.03594238
v 0.03274442 -0.01445595 0.03054728
v 0.03251014 -0.01427906 0.02932153
v 0.03621005 -0.00525752 0.01994498
v 0.03576574 -0.00586324 0.01937237
v 0.03603233 -0.00473220 0.01871028
v 0.03717138 -0.00216457 0.02129599
v 0.03638778 -0.00406751 0.01937237
v 0.03621005 -0.00349931 0.01820030
v 0.03730872 -0.00030987 0.02129599
v 0.03742182 0.00153946 0.02129599
v 0.03772072 -0.00030987 0.02314804
v 0.03792268 -0.00030987 0.02418590
v 0.03807617 -0.00030987 0.02511640
v 0.03835083 -0.00030987 0.02684319
v 0.03843969 0.00339416 0.02869524
v 0.03866589 0.00339416 0.03054728
v 0.03793883 0.00153946 0.02410538
v 0.03770456 0.00339416 0.02314804
v 0.03789036 0.00339416 0.02449010
v 0.02847902 -0.01775796 0.03239933
v 0.02961807 -0.01705574 0.03239933
v 0.02776004 -0.01686277 0.02684319
v 0.03218701 -0.01589790 0.03425138
v 0.02698452 -0.01613376 0.02185071
v 0.02248484 -0.01558700 0.00834061
v -0.00493327 -0.03038704 0.09038542
v -0.00739718 -0.03039240 0.08976807
v -0.00739718 -0.03034952 0.08791602
v -0.00554723 -0.03039777 0.09038542
v -0.00678322 -0.03035488 0.09038542
v -0.00739718 -0.03033344 0.09038542
v -0.00554723 -0.03025839 0.08606397
v -0.00368919 -0.03006006 0.08421193
v -0.00151610 -0.02896118 0.07259860
v 0.00052773 -0.02711720 0.05212766
v -0.00069211 -0.02900942 0.07383330
v 0.00312898 -0.02347750 0.01070264
v 0.00185259 -0.02645788 0.04534577
v 0.00370255 -0.02569670 0.03795547
v 0.00370255 -0.02369191 0.01388780
v 0.00373486 -0.02353110 0.01202681
v 0.00370255 -0.02321484 0.00834061
v 0.00185259 -0.02296826 0.00462756
v 0.00000264 -0.02446381 0.02128705
v 0.00000264 -0.02338637 0.00987056
v 0.00000264 -0.02271632 0.00278446
v -0.00368919 -0.02201947 0.00127241
v 0.00000264 -0.02211060 0.00122767
v 0.00185259 -0.02215348 0.00120978
v 0.00370255 -0.02066329 0.00057453
v 0.00555250 -0.02065793 0.00082505
v 0.00925241 -0.02033630 0.00121873
v 0.01111045 -0.02002004 0.00146924
v 0.01901921 -0.01766147 0.00834061
v 0.01845372 -0.01752746 0.00637225
v 0.02023904 -0.01741489 0.01021950
v 0.02036022 -0.01691637 0.00834061
v 0.02156390 -0.01621416 0.00834061
v 0.02573236 -0.01726480 0.02331804
v 0.01285538 -0.01882467 0.00128135
v 0.01443067 -0.01821359 0.00148714
v 0.01792054 -0.01623560 0.00158555
v 0.01566667 -0.01784372 0.00197923
v 0.01604635 -0.01805278 0.00320498
v 0.01732274 -0.01773115 0.00463651
v 0.03801962 0.00469137 0.02684319
v 0.03813272 0.00532390 0.02868629
v 0.03835891 0.00524349 0.03054728
v 0.03798731 0.00628341 0.02930364
v 0.03805193 0.00646566 0.03054728
v 0.03814079 0.00670688 0.03239933
v 0.03779342 0.00763423 0.03239933
v 0.03697750 0.00894217 0.03054728
v 0.03628276 0.01011073 0.03054728
v 0.03539414 0.01104344 0.03239933
v 0.03543453 0.01103808 0.03054728
v 0.03446512 0.01190110 0.03239933
v 0.03434394 0.01179390 0.03425138
v 0.03604041 0.00982663 0.03863545
v 0.03629084 0.00817027 0.04718887
v 0.03616158 0.00806842 0.04841462
v 0.03775303 0.00599395 0.05274501
v 0.03641201 0.00639598 0.05644911
v 0.03672707 0.00476642 0.06385730
v 0.03650088 0.00458953 0.06570935
v 0.03623429 0.00626197 0.05788064
v 0.03600002 0.00796121 0.04964037
v 0.03331798 0.01258724 0.03239933
v 0.03331798 0.01233530 0.03425138
v -0.01294705 0.01654857 0.03980752
v -0.01480508 0.01562658 0.04341320
v -0.00184732 0.02105130 0.02251280
v 0.00185259 0.02270230 0.01611563
v -0.00694479 0.01915372 0.02974205
v -0.01849691 0.01458130 0.04719782
v -0.01665504 0.01509590 0.04534577
v -0.02034687 0.01401846 0.04904986
v -0.02034687 0.01368611 0.05035614
v -0.02034687 0.01299999 0.05274501
v -0.02034687 0.01196007 0.05634174
v -0.02034687 0.01169205 0.05726329
v -0.02219682 0.00863126 0.06755245
v -0.03042064 0.00057459 0.09038542
v -0.03184244 0.00597251 0.07125654
v -0.02872418 0.00803090 0.06667563
v -0.02677728 0.01170813 0.05362183
v -0.03092150 0.00630485 0.07125654
v -0.02219682 0.00916730 0.06570935
v -0.02219682 0.00965510 0.06401835
v -0.02328741 0.00989096 0.06298943
v -0.02161518 0.01362715 0.05016825
v -0.02405486 0.01059853 0.06015320
v -0.02775477 0.00790225 0.06800875
v -0.02361054 0.01181534 0.05585860
v -0.02415988 0.01201367 0.05473127
v -0.02607446 0.01020722 0.06033214
v 0.02710569 0.01550865 0.02684319
v 0.02342194 0.01736871 0.02094706
v 0.02311496 0.01726686 0.02217281
v 0.02221826 0.01790475 0.01944394
v 0.02221826 0.01811380 0.01759190
v 0.02036022 0.01878385 0.01573985
v 0.01936658 0.01910011 0.01389675
v 0.01843756 0.01937885 0.01389675
v 0.01666031 0.01989345 0.01389675
v 0.01481036 0.02040269 0.01389675
v 0.01329162 0.02081544 0.01389675
v 0.00628764 0.02277198 0.01204470
v 0.00439729 0.02331338 0.01019265
v 0.00644113 0.02281487 0.00463651
v 0.00646536 0.02282023 0.00319603
v 0.00648152 0.02282559 0.00195238
v 0.00370255 0.02351172 0.00834061
v 0.00370255 0.02350636 0.00648856
v 0.00648152 0.02282559 0.00186292
v 0.00439729 0.02331338 0.00395653
v 0.00370255 0.02347419 0.00462756
v 0.00185259 0.02390303 0.00648856
v 0.00000264 0.02419249 0.00648856
v 0.00000264 0.02418177 0.00834061
v 0.00185259 0.02320617 0.01388780
v 0.00000264 0.02390303 0.01019265
v 0.02915761 0.01367539 0.03425138
v 0.03202544 0.01342346 0.03054728
v 0.03109642 0.01378796 0.03054728
v 0.02961807 0.01452234 0.02869524
v 0.03074097 -0.01250477 0.01944394
v 0.03055517 -0.01234396 0.01848661
v 0.03166999 -0.01167927 0.01944394
v 0.03031282 -0.01211882 0.01725191
v 0.02882639 -0.01245653 0.01450515
v 0.03244552 -0.01053751 0.01839713
v 0.03423084 -0.00674771 0.01670614
v 0.03449743 -0.00728375 0.01794083
v 0.03291406 -0.00956727 0.01770821
v 0.03265556 -0.00895619 0.01613352
v 0.03234858 -0.00856488 0.01489882
v 0.03266364 -0.00723550 0.01389675
v 0.02981196 -0.01552803 0.02684319
v 0.02515880 -0.01432194 0.01066685
v 0.02687950 -0.01421474 0.01471093
v 0.02966655 -0.01285856 0.01775295
v 0.03490135 -0.00602405 0.01743085
v 0.03453782 -0.00551482 0.01608879
v 0.03578998 -0.00406751 0.01759190
v 0.03671899 -0.00216457 0.01944394
v 0.03629084 -0.00216457 0.01792294
v 0.03542645 -0.00216457 0.01573985
v 0.03596770 -0.00216457 0.01700139
v 0.03682401 -0.00030987 0.01944394
v 0.03633123 -0.00030987 0.01775295
v 0.03688056 0.00153946 0.01944394
v 0.03730872 0.00339416 0.02129599
v 0.03778535 0.00153946 0.02314804
v 0.03795499 0.00436439 0.02585006
v 0.03736527 0.00524349 0.02314804
v 0.02134579 -0.01607479 0.00725801
v 0.02109536 -0.01589790 0.00603226
v 0.02376123 -0.01465965 0.00834061
v -0.00924714 -0.03026912 0.08976807
v -0.00924714 -0.03023159 0.08791602
v -0.00863318 -0.03025303 0.09038542
v -0.01109709 -0.02996357 0.08606397
v -0.00739718 -0.03018871 0.08606397
v -0.00554723 -0.02993141 0.08236883
v -0.00368919 -0.02943289 0.07681268
v -0.00368919 -0.02959371 0.07866473
v 0.00000264 -0.02627562 0.04165957
v 0.00000264 -0.02643107 0.04351162
v 0.00126287 -0.02531611 0.03118253
v 0.00185259 -0.02444773 0.02128705
v 0.00185259 -0.02379376 0.01388780
v 0.00185259 -0.02341317 0.00960215
v 0.00185259 -0.02330060 0.00834061
v 0.00000264 -0.02479615 0.02500009
v -0.00368919 -0.02811424 0.06200525
v -0.00368919 -0.02794806 0.06015320
v -0.00490096 -0.02900942 0.07201704
v -0.00368919 -0.02777653 0.05830116
v -0.00368919 -0.02742811 0.05459706
v -0.00184732 -0.02315051 0.00834061
v -0.00184732 -0.02262519 0.00278446
v -0.00465860 -0.02344533 0.01293047
v -0.00554723 -0.02066329 0.00074453
v -0.00368919 -0.02066329 0.00059243
v -0.00184732 -0.02206235 0.00124556
v -0.00368919 -0.02253407 0.00278446
v -0.00554723 -0.02186938 0.00143345
v 0.00000264 -0.02066329 0.00053875
v 0.00185259 -0.02066329 0.00052980
v 0.00925241 -0.01880859 0.00053875
v 0.01111045 -0.01880859 0.00078032
v 0.00185259 -0.01836368 -0.00032017
v 0.00185259 -0.01696462 -0.00083016
v 0.00370255 -0.01696462 -0.00070490
v 0.02043293 -0.01646074 0.00658698
v 0.01666031 -0.01661619 0.00130820
v 0.01852642 -0.01517425 0.00118294
v 0.01990783 -0.01460604 0.00146030
v 0.01915654 -0.01583893 0.00231027
v 0.01852642 -0.01645002 0.00287394
v 0.01952815 -0.01609623 0.00355392
v 0.01666031 -0.01750066 0.00267710
v 0.01982705 -0.01627849 0.00463651
v 0.01851027 -0.01705038 0.00463651
v 0.03782574 0.00561872 0.02684319
v 0.03790652 0.00599931 0.02806894
v 0.03771264 0.00739301 0.03054728
v 0.03738142 0.00709283 0.02684319
v 0.03765609 0.00697490 0.02868629
v 0.03679978 0.00894217 0.02869524
v 0.03620197 0.01001425 0.02869524
v 0.03541029 0.01093623 0.02869524
v 0.03450551 0.01193863 0.03054728
v 0.03448128 0.01193327 0.02869524
v 0.03331798 0.01272124 0.03054728
v 0.03218701 0.01347706 0.02869524
v -0.01665504 0.01536928 0.04418265
v 0.00000264 0.02227347 0.01760085
v -0.01665504 0.01557297 0.04325215
v -0.01665504 0.01592140 0.04165957
v -0.01849691 0.01498333 0.04534577
v -0.02034687 0.01442585 0.04719782
v -0.03140621 -0.00015978 0.09038542
v -0.03330463 0.00529174 0.07125654
v -0.03331271 0.00471282 0.07306386
v -0.03436290 0.00441263 0.07241072
v -0.03224636 0.00611724 0.07006658
v -0.02775477 0.00849189 0.06570935
v -0.02680959 0.00986951 0.06106581
v -0.02605830 0.01160628 0.05473127
v -0.02405486 0.01301071 0.05090191
v -0.02590481 0.01257115 0.05090191
v -0.02716504 0.01185286 0.05238713
v -0.02861108 0.00985343 0.05914218
v -0.02590481 0.01122033 0.05644911
v -0.03043680 0.00798802 0.06463570
v -0.02222106 0.01377188 0.04909460
v -0.02285118 0.01353066 0.04973879
v -0.02222106 0.01335377 0.05083034
v -0.02405486 0.01254435 0.05274501
v 0.02368045 0.01746519 0.01944394
v 0.02591009 0.01633415 0.02314804
v 0.02381778 0.01754560 0.01759190
v 0.02221826 0.01816204 0.01573985
v 0.02460139 0.01714357 0.01944394
v 0.02036022 0.01874633 0.01389675
v 0.01829215 0.01937349 0.01204470
v 0.01241915 0.02110490 0.00648856
v 0.01341279 0.02083688 0.00834061
v 0.01340471 0.02084224 0.01019265
v 0.01248377 0.02110490 0.01019265
v 0.01111045 0.02145869 0.01204470
v 0.00740246 0.02249860 0.01019265
v 0.00740246 0.02255221 0.00463651
v 0.00925241 0.02199473 0.01019265
v 0.00722473 0.02261653 0.00265921
v 0.00925241 0.02199473 0.00278446
v 0.01191021 0.02091193 0.00225659
v 0.01067421 0.02118531 0.00154082
v 0.00925241 0.02146405 0.00128135
v 0.00555250 0.02292207 0.00168397
v 0.00439729 0.02322226 0.00236395
v 0.00370255 0.02339915 0.00278446
v 0.00185259 0.02380118 0.00462756
v 0.00185259 0.02363501 0.00278446
v 0.00000264 0.02401023 0.00462756
v -0.00184732 0.02429970 0.00648856
v -0.00184732 0.02415496 0.00834061
v 0.00000264 0.02350100 0.01203576
v -0.00092638 0.02283095 0.01482725
v -0.00184732 0.02377974 0.01019265
v -0.00184732 0.02338307 0.01203576
v 0.03126607 0.01390053 0.02869524
v 0.02961807 0.01469387 0.02684319
v 0.02837400 0.01531568 0.02500009
v 0.02744498 0.01563194 0.02500009
v 0.02908490 -0.01267094 0.01573985
v 0.02491644 -0.01411825 0.00943215
v 0.02855173 -0.01217779 0.01327045
v 0.02702491 -0.01253157 0.01072948
v 0.02826898 -0.01182936 0.01204470
v 0.03061980 -0.01056967 0.01465725
v 0.03215469 -0.01018908 0.01716244
v 0.03242128 -0.00683347 0.01291257
v 0.03109642 -0.00957263 0.01397728
v 0.02509417 -0.01060719 0.00350023
v 0.03080560 -0.00896691 0.01242048
v 0.03049862 -0.00856488 0.01118578
v 0.03209815 -0.00816821 0.01389675
v 0.03422277 -0.00488229 0.01485409
v 0.03333414 -0.00585252 0.01389675
v 0.03482865 -0.00415864 0.01557880
v 0.03604041 -0.00030987 0.01683140
v 0.03443281 -0.00364940 0.01444252
v 0.03462669 -0.00216457 0.01411148
v 0.03465092 -0.00030987 0.01373570
v 0.03562033 -0.00030987 0.01573985
v 0.03669476 0.00339416 0.01944394
v 0.03633123 0.00153946 0.01782452
v 0.03690480 0.00524349 0.02129599
v 0.03770456 0.00508804 0.02513430
v 0.03676746 0.00709283 0.02314804
v 0.03711483 0.00709283 0.02500009
v 0.02074799 -0.01561916 0.00463651
v 0.02341386 -0.01441843 0.00685539
v -0.01294705 -0.03001182 0.08976807
v -0.01234117 -0.02999574 0.09038542
v -0.01294705 -0.02997429 0.08791602
v -0.01294705 -0.02984564 0.08606397
v -0.01174337 -0.02897726 0.07607008
v -0.01109709 -0.02838762 0.06940449
v -0.00940063 -0.02709040 0.05456127
v -0.00671052 -0.02716009 0.05351446
v -0.00739718 -0.02966875 0.08051678
v -0.00739718 -0.03001718 0.08421193
v -0.00554723 -0.02959907 0.07866473
v -0.00368919 -0.02877357 0.06940449
v -0.00184732 -0.02761036 0.05644911
v 0.00000264 -0.02611481 0.03980752
v 0.00000264 -0.02525179 0.03009993
v -0.00184732 -0.02695103 0.04904986
v -0.00554723 -0.02942753 0.07681268
v -0.00553107 -0.02907375 0.07304596
v -0.00368919 -0.02305939 0.00834061
v -0.00554723 -0.02365439 0.01573985
v -0.00538566 -0.02349358 0.01395043
v -0.00613695 -0.02897726 0.07238388
v -0.00739718 -0.02581999 0.03980752
v -0.00739718 -0.02533755 0.03471663
v -0.00924714 -0.01881395 0.00054769
v -0.00368919 -0.01696462 -0.00070490
v -0.00924714 -0.02032022 0.00123662
v -0.01109709 -0.01881395 0.00085189
v -0.00184732 -0.01696462 -0.00082121
v 0.00000264 -0.01839048 -0.00034702
v -0.00554723 -0.02226605 0.00278446
v -0.00658126 -0.02346141 0.01461252
v -0.00554723 -0.02270560 0.00648856
v -0.00554723 -0.02249654 0.00462756
v -0.00675899 -0.02169248 0.00168397
v 0.00740246 -0.01510992 -0.00088385
v 0.01296040 -0.01695926 0.00054769
v 0.01666031 -0.01510992 0.00062822
v 0.00000264 -0.01696462 -0.00084805
v 0.00555250 -0.01510992 -0.00100910
v 0.02045716 -0.01335171 0.00111136
v 0.02174163 -0.01279423 0.00146924
v 0.02113575 -0.01403248 0.00211343
v 0.02033599 -0.01511528 0.00282920
v 0.02189512 -0.01469181 0.00463651
v 0.03642817 0.00866879 0.02500009
v 0.03649280 0.00908154 0.02687898
v 0.03604849 0.00978911 0.02628847
v 0.03612927 0.00991776 0.02751422
v 0.03545876 0.01063605 0.02687898
v 0.03440857 0.01187966 0.02684319
v 0.03225971 0.01350386 0.02684319
v 0.03331798 0.01273732 0.02684319
v 0.03133878 0.01395950 0.02684319
v -0.01294705 0.01722933 0.03681025
v -0.01294705 0.01743303 0.03588870
v -0.01480508 0.01735798 0.03555765
v -0.01665504 0.01630735 0.03980752
v -0.01849691 0.01530495 0.04381582
v -0.01294705 0.01778682 0.03426033
v -0.00554723 0.02191432 0.01760085
v -0.00924714 0.02004890 0.02500009
v -0.01849691 0.01549257 0.04288532
v -0.01945824 0.01543360 0.04262585
v -0.02219682 0.01413639 0.04719782
v -0.03257758 -0.00107641 0.09038542
v -0.03319961 0.00574201 0.06943134
v -0.03457294 0.00456272 0.07125654
v -0.03550196 0.00382835 0.07125654
v -0.03627749 0.00268123 0.07272387
v -0.03605129 0.00243465 0.07395856
v -0.02840104 0.01161700 0.05131348
v -0.02872418 0.01174565 0.05007878
v -0.03251295 0.00623517 0.06883188
v -0.02407101 0.01340738 0.04909460
v -0.02590481 0.01293566 0.04904986
v -0.02777093 0.01197079 0.05077665
v -0.02897461 0.00999280 0.05790748
v -0.02347321 0.01364859 0.04850409
v 0.02474680 0.01717573 0.01759190
v 0.02376123 0.01754560 0.01573985
v 0.02221826 0.01801731 0.01389675
v 0.02855173 0.01536928 0.02314804
v 0.02591009 0.01661825 0.01944394
v 0.01921309 0.01904115 0.01204470
v 0.01224950 0.02105666 0.00463651
v 0.01334816 0.02078328 0.00648856
v 0.01111045 0.02150157 0.00834061
v 0.01111045 0.02148549 0.01019265
v 0.01121547 0.02127107 0.00283815
v 0.01210409 0.02100841 0.00349128
v 0.01776705 0.01920196 0.00834061
v 0.01759741 0.01913228 0.00739222
v 0.01606251 0.01929845 0.00463651
v 0.01485075 0.01951286 0.00288288
v 0.01549702 0.01897146 0.00232816
v 0.01426102 0.01935205 0.00154977
v 0.01296040 0.01971120 0.00128135
v 0.00925241 0.02004890 0.00061032
v 0.00370255 0.02190360 0.00074453
v 0.00555250 0.02189824 0.00099505
v 0.00370255 0.02308825 0.00143345
v 0.00439729 0.02302392 0.00152293
v 0.00185259 0.02317937 0.00133504
v 0.00000264 0.02374757 0.00278446
v -0.00184732 0.02410672 0.00462756
v -0.00368919 0.02410136 0.00462756
v -0.00368919 0.02420857 0.00648856
v -0.00368919 0.02396199 0.00834061
v -0.00368919 0.02360820 0.01019265
v -0.00368919 0.02323298 0.01203576
v -0.00368919 0.02293816 0.01346729
v 0.02468217 -0.01385023 0.00834061
v 0.02310688 -0.01415577 0.00562069
v 0.02414899 -0.01336243 0.00630962
v 0.02672601 -0.01219387 0.00949478
v 0.02693604 -0.01059647 0.00722222
v 0.02847094 -0.01021052 0.00970057
v 0.03263132 -0.00585252 0.01250995
v 0.02862443 -0.00850056 0.00754432
v 0.02892333 -0.00726766 0.00698960
v 0.03049862 -0.00668874 0.00933373
v 0.03120952 -0.00598653 0.01004950
v 0.03212238 -0.00585252 0.01158840
v 0.02488413 -0.01220459 0.00578174
v 0.02459331 -0.01186688 0.00463651
v 0.02406013 -0.01138981 0.00282025
v 0.02477911 -0.01013012 0.00226553
v 0.03234858 -0.00479652 0.01118578
v 0.03396426 -0.00415864 0.01385201
v 0.03600809 0.00153946 0.01690297
v 0.03295446 -0.00411039 0.01190155
v 0.03413391 -0.00216457 0.01318098
v 0.03421469 -0.00092096 0.01301099
v 0.03426316 0.00031193 0.01292152
v 0.03555570 0.00153946 0.01573985
v 0.03426316 0.00084797 0.01292152
v 0.03463477 0.00149658 0.01375360
v 0.03631508 0.00510948 0.01947079
v 0.03621813 0.00339416 0.01819135
v 0.03611311 0.00440727 0.01846871
v 0.03619390 0.00640670 0.02009708
v 0.03633931 0.00704995 0.02143020
v 0.03612119 0.00807378 0.02212807
v 0.03624237 0.00830428 0.02314804
v -0.01480508 -0.02985100 0.08976807
v -0.01294705 -0.02995285 0.09038542
v -0.01480508 -0.02975452 0.08791602
v -0.01480508 -0.02960443 0.08606397
v -0.01360140 -0.02896118 0.07805633
v -0.01294705 -0.02947578 0.08236883
v -0.01011961 -0.02713865 0.05556335
v -0.00838275 -0.02530003 0.03507451
v -0.01294705 -0.01696462 0.00057453
v -0.00739718 -0.01510992 -0.00089279
v -0.01109709 -0.01996644 0.00154082
v -0.01278548 -0.01878179 0.00135293
v -0.01486163 -0.01706647 0.00112031
v -0.00554723 -0.01510992 -0.00100015
v -0.00710636 -0.02181577 0.00278446
v -0.00739718 -0.02276456 0.01019265
v -0.00739718 -0.02252335 0.00834061
v -0.00739718 -0.02227141 0.00648856
v -0.00847161 -0.02347214 0.01822714
v -0.00814040 -0.02340245 0.01698350
v -0.00727601 -0.02324164 0.01395043
v -0.00739718 -0.02299506 0.01203576
v -0.01404571 -0.02902550 0.07928208
v -0.01438500 -0.02909519 0.08051678
v -0.01109709 -0.02612017 0.04719782
v -0.01569371 -0.02713865 0.06483253
v -0.01192917 -0.02527323 0.04091696
v -0.01206650 -0.01976274 0.00181818
v -0.00924714 -0.02104388 0.00278446
v 0.00925241 -0.01326059 -0.00099120
v 0.01111045 -0.01326059 -0.00074964
v 0.01851027 -0.01326059 0.00053875
v -0.00368919 -0.01510992 -0.00101805
v 0.00370255 -0.01510992 -0.00101805
v 0.00740246 -0.01326059 -0.00101805
v 0.02036022 -0.01141125 0.00053875
v 0.02221826 -0.00955119 0.00053875
v 0.02230712 -0.01149166 0.00112031
v 0.02354311 -0.01093417 0.00146924
v 0.02297762 -0.01216707 0.00213133
v 0.02281606 -0.01385559 0.00463651
v 0.02150735 -0.01438627 0.00333918
v 0.03592731 0.00959077 0.02500009
v 0.03479633 0.01059853 0.02314804
v 0.03490135 0.01095231 0.02493746
v 0.03431971 0.01179390 0.02551902
v 0.03214662 0.01338593 0.02314804
v 0.03223548 0.01347170 0.02500009
v 0.02861635 0.01539072 0.01944394
v 0.02861635 0.01539072 0.02129599
v 0.02961807 0.01487076 0.02314804
v -0.01584720 0.01729902 0.03528924
v -0.00554723 0.02230027 0.01573985
v -0.00498174 0.02287383 0.01318993
v -0.01221999 0.01915908 0.02793473
v -0.00621774 0.02279878 0.01277836
v -0.00683977 0.02290599 0.01155261
v -0.01041851 0.02103522 0.01884449
v -0.01757597 0.01727758 0.03332983
v -0.02219682 0.01442585 0.04534577
v -0.03319153 -0.00159101 0.09038542
v -0.03272299 0.00635846 0.06755245
v -0.03223020 0.00793441 0.06057372
v -0.03364393 0.00581706 0.06755245
v -0.03479106 0.00474498 0.06940449
v -0.03647137 0.00290100 0.07125654
v -0.03571200 0.00398380 0.06940449
v -0.03750541 0.00146978 0.07144443
v -0.03793356 0.00061747 0.07218704
v -0.03684297 0.00170563 0.07325174
v -0.03614823 0.00068716 0.07791318
v -0.03450024 -0.00279174 0.09038542
v -0.03349852 -0.00186439 0.09038542
v -0.02775477 0.01225489 0.04904986
v -0.02881304 0.01179390 0.04904986
v -0.02974206 0.01126322 0.04904986
v -0.03105884 0.01025546 0.05090191
v -0.02944316 0.01122570 0.05077665
v -0.03067915 0.00996600 0.05417655
v -0.03048527 0.00985343 0.05541125
v -0.02470921 0.01351458 0.04756465
v -0.02500003 0.01357891 0.04632995
v -0.02572709 0.01324120 0.04704572
v 0.02591009 0.01664505 0.01759190
v 0.02469025 0.01713285 0.01573985
v 0.02769541 0.01579275 0.02129599
v 0.02769541 0.01582491 0.01944394
v 0.02350272 0.01744911 0.01389675
v 0.01898689 0.01892322 0.01019265
v 0.01805788 0.01931453 0.01019265
v 0.01733082 0.01898218 0.00614857
v 0.02326845 0.01734190 0.01268889
v 0.01581208 0.01916444 0.00356286
v 0.01792862 0.01751344 0.00278446
v 0.01763780 0.01731510 0.00179134
v 0.02145081 0.01737407 0.00894901
v 0.02113575 0.01716501 0.00771431
v 0.01956046 0.01735798 0.00533439
v 0.01666031 0.01765281 0.00149608
v 0.01485075 0.01829069 0.00113820
v 0.01296040 0.01819957 0.00061032
v 0.00925241 0.01449553 -0.00078542
v 0.00555250 0.01635023 -0.00073174
v 0.00439729 0.01635023 -0.00084805
v 0.00370255 0.01635023 -0.00091068
v 0.00185259 0.02190360 0.00064611
v 0.00000264 0.02321154 0.00131714
v -0.00184732 0.02376902 0.00278446
v -0.00554723 0.02392447 0.00462756
v -0.00368919 0.02370469 0.00278446
v -0.00554723 0.02395663 0.00648856
v -0.00554723 0.02367253 0.00834061
v -0.00554723 0.02335627 0.01019265
v 0.02333308 -0.01254229 0.00336603
v 0.02518303 -0.01256909 0.00700749
v 0.02670177 -0.00835046 0.00394759
v 0.02700067 -0.00711757 0.00342865
v 0.03077329 -0.00545585 0.00887743
v 0.02512648 -0.00889722 0.00167503
v 0.03200120 -0.00411039 0.01022844
v 0.03253438 -0.00356363 0.01087263
v 0.03040976 -0.00439449 0.00763379
v 0.03586268 0.00339416 0.01726980
v 0.03348763 -0.00216457 0.01204470
v 0.03267171 -0.00216457 0.01064896
v 0.03379461 -0.00030987 0.01219680
v 0.03276865 -0.00030987 0.01050580
v 0.03456206 0.00339416 0.01420990
v 0.03525680 0.00339416 0.01573985
v 0.03141956 -0.00030987 0.00834061
v 0.03069250 -0.00030987 0.00717749
v 0.03066827 0.00153946 0.00721327
v 0.03275250 0.00153946 0.01054159
v 0.03376230 0.00149658 0.01219680
v 0.03419853 0.00208086 0.01303783
v 0.03595963 0.00564016 0.01886238
v 0.03565264 0.00510948 0.01774400
v 0.03446512 0.00666400 0.01624089
v 0.03478825 0.00720540 0.01749348
v 0.03566072 0.00704995 0.01947079
v 0.03592731 0.00763959 0.02089337
v 0.03549108 0.00879208 0.02143020
v 0.03572535 0.00923163 0.02314804
v -0.01665504 -0.02953474 0.08976807
v -0.01419112 -0.02984028 0.09038542
v -0.01480508 -0.02977596 0.09038542
v -0.01604108 -0.02956690 0.09038542
v -0.01665504 -0.02941681 0.08791602
v -0.01681661 -0.02920240 0.08592082
v -0.01480508 -0.02941145 0.08421193
v -0.01680045 -0.01526537 0.00107557
v -0.01480508 -0.01510992 0.00050296
v -0.01109709 -0.01326059 -0.00075858
v -0.00924714 -0.01326059 -0.00100015
v -0.01428806 -0.01814390 0.00153187
v -0.01629151 -0.01651434 0.00142451
v -0.00739718 -0.01326059 -0.00101805
v -0.00826157 -0.02156920 0.00384022
v -0.01756790 -0.02343461 0.03706077
v -0.01480508 -0.02253943 0.02500009
v -0.01109709 -0.02212668 0.01388780
v -0.01003074 -0.02340781 0.02063391
v -0.00924714 -0.02298434 0.01573985
v -0.01100823 -0.02322556 0.02126915
v -0.01368218 -0.02338637 0.02818525
v -0.01577449 -0.02345605 0.03320457
v -0.00935216 -0.02362759 0.02126915
v -0.01596837 -0.02904159 0.08286092
v -0.01480508 -0.02861275 0.07681268
v -0.01726900 -0.02893438 0.08421193
v -0.01849691 -0.02869316 0.08421193
v -0.02034687 -0.02831257 0.08421193
v -0.02034687 -0.02790518 0.08051678
v -0.01849691 -0.02747099 0.07310859
v -0.01784256 -0.02719761 0.06940449
v -0.01450618 -0.02542868 0.04719782
v -0.01109709 -0.02035775 0.00278446
v -0.01226038 -0.01986995 0.00278446
v -0.01376297 -0.01967698 0.00582647
v -0.01318940 -0.01931247 0.00278446
v -0.01486163 -0.01829936 0.00290973
v -0.01552406 -0.01774724 0.00238185
v -0.01109709 -0.02066865 0.00462756
v 0.01296040 -0.00955119 -0.00100015
v 0.01296040 -0.01141125 -0.00077647
v 0.01481036 -0.00585252 -0.00101805
v 0.02406013 -0.00770186 0.00071769
v 0.02412476 -0.00952975 0.00123662
v 0.01481036 -0.00770186 -0.00091963
v 0.02406013 -0.00585252 0.00052085
v 0.03407736 0.01152588 0.02314804
v 0.03453782 0.01028763 0.02129599
v 0.03385924 0.01120961 0.02129599
v 0.03419853 0.01167061 0.02428432
v 0.03202544 0.01323048 0.02129599
v 0.03091062 0.01387373 0.01944394
v 0.03109642 0.01397022 0.02129599
v 0.03121760 0.01400238 0.02314804
v 0.02961807 0.01476892 0.01944394
v 0.02851133 0.01531032 0.01759190
v 0.02758232 0.01581419 0.01759190
v -0.00742950 0.02300248 0.01015687
v -0.00806769 0.02277734 0.01074738
v -0.02113855 0.01539608 0.04053224
v -0.00739718 0.02328658 0.00834061
v -0.00845545 0.02286847 0.00952162
v -0.03240793 0.00804162 0.05933902
v -0.03412055 0.00609044 0.06385730
v -0.03421749 0.00616012 0.06284628
v -0.03657639 0.00305645 0.06940449
v -0.03750541 0.00180748 0.06940449
v -0.03583317 0.00405885 0.06755245
v -0.03429828 0.00623517 0.06161158
v -0.03804666 0.00079973 0.07095234
v -0.03840211 -0.00012226 0.07144443
v -0.03825670 -0.00053501 0.07310859
v -0.03794972 -0.00120506 0.07594482
v -0.03761042 -0.00188047 0.07866473
v -0.03647945 -0.00250227 0.08421193
v -0.03621286 -0.00107105 0.08184095
v -0.03661678 0.00129288 0.07496064
v -0.03600282 -0.00132835 0.08307565
v -0.03525961 -0.00376733 0.09038542
v -0.02775477 0.01241034 0.04719782
v -0.02533125 0.01372364 0.04351162
v -0.02890190 0.01185822 0.04719782
v -0.03113154 0.01034123 0.04904986
v -0.02983092 0.01126322 0.04719782
v -0.03197977 0.00953181 0.05090191
v -0.03265836 0.00825068 0.05644911
v -0.03250487 0.00811667 0.05830116
v -0.03086495 0.01009465 0.05274501
v -0.02145361 0.01548185 0.03929754
v -0.01558061 0.01908939 0.02374749
v -0.01582296 0.01915908 0.02251280
v -0.01017616 0.02283095 0.00556701
v -0.01935323 0.01725078 0.02936627
v -0.02512121 0.01363251 0.04534577
v 0.02591009 0.01650568 0.01573985
v 0.02442366 0.01697204 0.01389675
v 0.02704914 0.01556761 0.01441568
v 0.02298570 0.01718109 0.01146314
v 0.01922117 0.01711141 0.00409969
v 0.01959277 0.01556225 0.00168397
v 0.01836486 0.01624838 0.00144240
v 0.02672601 0.01533712 0.01317203
v 0.02514264 0.01553545 0.01085474
v 0.02318766 0.01546040 0.00732959
v 0.01995630 0.01586779 0.00278446
v 0.01666031 0.01635023 0.00080716
v 0.01851027 0.01449553 0.00069979
v 0.01111045 0.01264620 -0.00087490
v 0.00740246 0.01449553 -0.00098226
v 0.00185259 0.01635023 -0.00097331
v 0.00000264 0.02190360 0.00061927
v -0.00184732 0.02320617 0.00131714
v -0.00739718 0.02355996 0.00462756
v -0.00554723 0.02350636 0.00278446
v -0.00744565 0.02313649 0.00269499
v -0.00368919 0.02315793 0.00136188
v -0.00554723 0.02304536 0.00150503
v -0.00739718 0.02353852 0.00648856
v 0.02635440 -0.00772330 0.00280236
v 0.02721879 -0.00585252 0.00307972
v 0.02880216 -0.00523608 0.00538807
v 0.02666946 -0.00585252 0.00215817
v 0.02540115 -0.00770186 0.00140661
v 0.03092678 -0.00386918 0.00828693
v 0.03056325 -0.00316160 0.00738327
v 0.02994929 -0.00386918 0.00665855
v 0.02680679 -0.00481796 0.00190765
v 0.02743691 -0.00412111 0.00263236
v 0.02840631 -0.00400319 0.00417126
v 0.02897180 -0.00400319 0.00510176
v 0.03063596 -0.00216457 0.00725801
v 0.02914145 -0.00216457 0.00484230
v 0.03437625 0.00468065 0.01455883
v 0.03406120 0.00339416 0.01328835
v 0.03469939 0.00527566 0.01566828
v 0.02785698 -0.00216457 0.00278446
v 0.03010278 -0.00030987 0.00624699
v 0.03007855 0.00153946 0.00629172
v 0.02774388 0.00339416 0.00278446
v 0.03061172 0.00288492 0.00730274
v 0.03050670 0.00411781 0.00747274
v 0.03414198 0.00591354 0.01500619
v 0.03392387 0.00720540 0.01566828
v 0.03418237 0.00789689 0.01680456
v 0.03444896 0.00839541 0.01803030
v 0.03469132 0.00898505 0.01947079
v 0.03434394 0.01002497 0.02009708
v -0.01827880 -0.02915951 0.08976807
v -0.02219682 -0.02820536 0.08791602
v -0.02034687 -0.02862884 0.08791602
v -0.01905432 -0.02891830 0.08791602
v -0.01663888 -0.02944898 0.09038542
v -0.01815762 -0.02913807 0.09038542
v -0.02034687 -0.02849482 0.08606397
v -0.01783448 -0.02904695 0.08644870
v -0.01846460 -0.02887005 0.08592082
v -0.01754366 -0.02898798 0.08521400
v -0.01865848 -0.01341604 0.00107557
v -0.01814954 -0.01475077 0.00142451
v -0.01665504 -0.01326059 0.00050296
v -0.01294705 -0.01141125 -0.00077647
v -0.01480508 -0.00585788 -0.00101805
v -0.01480508 -0.00770722 -0.00092858
v -0.01752751 -0.01598367 0.00197028
v -0.01003882 -0.02154239 0.00773221
v -0.01109709 -0.02096347 0.00648856
v -0.02999249 -0.02513922 0.07681268
v -0.02590481 -0.02404570 0.06015320
v -0.02162326 -0.02356862 0.04719782
v -0.01665504 -0.02216420 0.02684319
v -0.02314200 -0.02345069 0.04991773
v -0.01543520 -0.02523034 0.04719782
v -0.01663888 -0.02516066 0.04890671
v -0.01943401 -0.02529467 0.05550072
v -0.01215536 -0.02347750 0.02562638
v -0.01665504 -0.02406178 0.03980752
v -0.02850606 -0.02524643 0.07440592
v -0.02219682 -0.02792126 0.08421193
v -0.02540395 -0.02723513 0.08421193
v -0.02392560 -0.02694031 0.07873631
v -0.02102546 -0.02709040 0.07452223
v -0.01665504 -0.02621130 0.05830116
v -0.01764868 -0.02162280 0.02573375
v -0.01400532 -0.01981635 0.00706117
v -0.01939362 -0.02157992 0.02969731
v -0.02113855 -0.02152631 0.03366982
v -0.02312584 -0.02159064 0.03889492
v -0.02308545 -0.01785980 0.02233386
v -0.01480508 -0.01875499 0.00462756
v -0.01596029 -0.01803134 0.00462756
v -0.01575833 -0.01790805 0.00361654
v -0.01724476 -0.01767219 0.00648856
v -0.03067107 -0.01613376 0.03482399
v -0.01688931 -0.01742561 0.00462756
v -0.01961981 -0.01617664 0.00691802
v -0.01937746 -0.01599975 0.00568332
v -0.01786680 -0.01626241 0.00319603
v -0.01537057 -0.02146199 0.01944394
v 0.01481036 0.00524349 -0.00101805
v 0.01666031 -0.00030987 -0.00093753
v 0.01666031 -0.00216457 -0.00090173
v 0.02574044 -0.00585252 0.00120083
v 0.02406013 -0.00400319 0.00049401
v 0.02591009 -0.00216457 0.00087874
v 0.03293022 0.01230313 0.02129599
v 0.03246975 0.01181534 0.01832556
v 0.03265556 0.01204047 0.01944394
v 0.03183156 0.01296246 0.01944394
v 0.03070866 0.01372900 0.01802136
v 0.02977964 0.01431864 0.01747559
v 0.02825282 0.01509054 0.01573985
v 0.02732381 0.01571771 0.01573985
v -0.01204227 0.02098161 0.01670614
v -0.00873012 0.02294888 0.00834061
v -0.03591396 0.00411781 0.06570935
v -0.03597051 0.00417142 0.06385730
v -0.03660062 0.00313686 0.06755245
v -0.03808705 0.00088549 0.06940449
v -0.03600282 0.00420358 0.06200525
v -0.03601090 0.00420894 0.06015320
v -0.03436290 0.00630485 0.06015320
v -0.03286032 0.00849725 0.05274501
v -0.03865254 -0.00030987 0.06940449
v -0.03922610 -0.00215921 0.07125654
v -0.03887873 -0.00215921 0.07310859
v -0.03794972 -0.00304367 0.07967575
v -0.03763466 -0.00376733 0.08236883
v -0.03742462 -0.00419080 0.08403298
v -0.03654407 -0.00575067 0.09038542
v -0.03622902 -0.00518247 0.09038542
v -0.03590588 -0.00468396 0.09038542
v -0.03551004 -0.00411039 0.09038542
v -0.02547666 0.01379868 0.04165957
v -0.02640567 0.01337521 0.04165957
v -0.01950671 0.01730974 0.02813157
v -0.01385183 0.02096553 0.01096211
v -0.01961981 0.01736335 0.02684319
v -0.02324702 0.01548721 0.03055623
v -0.02331972 0.01553009 0.02870418
v -0.02103353 0.01714357 0.01760085
v -0.02657532 0.01343418 0.03795547
v -0.02893421 0.01188502 0.04534577
v -0.03206056 0.00955861 0.04904986
v -0.02893421 0.01190110 0.04351162
v -0.02891806 0.01190110 0.04165957
v -0.03107499 0.01034123 0.04719782
v -0.03291687 0.00860446 0.05090191
v -0.01222807 0.02104058 0.01573985
v -0.00995804 0.02276662 0.00680171
v -0.01017616 0.02283095 0.00552227
v -0.01091937 0.02253613 0.00480651
v -0.01294705 0.02172135 0.00462756
v -0.01294705 0.02165166 0.00648856
v -0.01091937 0.02248252 0.00630067
v -0.01372257 0.02092265 0.01203576
v -0.00930369 0.02301856 0.00630067
v 0.02087724 0.01503157 0.00278446
v 0.02145888 0.01374508 0.00166608
v 0.02027136 0.01441513 0.00136188
v 0.02899604 0.01386301 0.01425463
v 0.02866482 0.01353602 0.01301099
v 0.02641095 0.01504765 0.01204470
v 0.02477911 0.01524063 0.00962004
v 0.02280798 0.01511198 0.00609489
v 0.02120038 0.01534248 0.00385812
v 0.02036022 0.01264620 0.00068190
v 0.01296040 0.01079150 -0.00086595
v 0.00925241 0.01264620 -0.00101805
v 0.00555250 0.01449553 -0.00101805
v 0.00000264 0.01635023 -0.00099120
v -0.00184732 0.01635023 -0.00099120
v -0.00184732 0.02190360 0.00063716
v -0.00368919 0.02190360 0.00068190
v -0.00886745 0.02297568 0.00325866
v -0.01010345 0.02280951 0.00428758
v -0.00939255 0.02303464 0.00480651
v -0.00686401 0.02292207 0.00169292
v -0.00810001 0.02276662 0.00203291
v -0.00554723 0.02190360 0.00083400
v -0.00924714 0.02166774 0.00120978
v 0.02697644 -0.00357971 0.00167503
v 0.03245360 0.00447160 0.01101579
v 0.03380269 0.00527566 0.01391464
v 0.02705722 -0.00216457 0.00156766
v 0.02787314 -0.00030987 0.00278446
v 0.02858404 -0.00030987 0.00387601
v 0.02914953 0.00153946 0.00484230
v 0.02782467 0.00153946 0.00278446
v 0.02700067 0.00339416 0.00163029
v 0.02693604 0.00460561 0.00171976
v 0.02891525 0.00490043 0.00519123
v 0.03256669 0.00658359 0.01265311
v 0.03295446 0.00716252 0.01380728
v 0.03230011 0.00781648 0.01312730
v 0.03263940 0.00849189 0.01435305
v 0.03389155 0.00898505 0.01749348
v 0.03231626 0.00972478 0.01497935
v 0.03410967 0.00962830 0.01887133
v 0.03285752 0.01081830 0.01766348
v 0.03221932 0.01145083 0.01709086
v -0.01919974 -0.02893974 0.08976807
v -0.02405486 -0.02776581 0.08791602
v -0.02665610 -0.02710648 0.08606397
v -0.02573517 -0.02732090 0.08606397
v -0.02405486 -0.02770149 0.08606397
v -0.02219682 -0.02810352 0.08606397
v -0.02539587 -0.02725121 0.09038542
v -0.02648646 -0.02705288 0.08976807
v -0.02034687 -0.02865028 0.08976807
v -0.01995103 -0.01290680 0.00142451
v -0.02047612 -0.01150774 0.00113820
v -0.01849691 -0.01141125 0.00050296
v -0.01937746 -0.01413969 0.00193449
v -0.02034687 -0.00955655 0.00059243
v -0.01480508 0.00524349 -0.00101805
v -0.01665504 -0.00215921 -0.00091068
v -0.01665504 -0.00030987 -0.00094647
v -0.02219682 -0.00585788 0.00053875
v -0.01665504 -0.00400319 -0.00080332
v -0.02133243 -0.01424154 0.00545964
v -0.02478999 -0.01214562 0.00773221
v -0.02319047 -0.01240292 0.00544175
v -0.01322979 -0.02136014 0.01388780
v -0.02906347 -0.02539652 0.07681268
v -0.03031562 -0.02523034 0.07825317
v -0.03168895 -0.02506953 0.08051678
v -0.03145468 -0.02461926 0.07681268
v -0.02960472 -0.02443165 0.07125654
v -0.02491117 -0.02341853 0.05381866
v -0.02375596 -0.02367047 0.05274501
v -0.02632489 -0.02703144 0.08421193
v -0.02590481 -0.02646860 0.07866473
v -0.02590481 -0.02624346 0.07681268
v -0.02590481 -0.02578247 0.07310859
v -0.02668842 -0.02525715 0.07062130
v -0.02775477 -0.02598616 0.07866473
v -0.01594414 -0.01986995 0.01238469
v -0.01570986 -0.01973058 0.01115894
v -0.02714889 -0.02357398 0.06015320
v -0.03065492 -0.02349358 0.06818769
v -0.03412863 -0.02339709 0.07613270
v -0.03330463 -0.02241614 0.06940449
v -0.03337734 -0.02199803 0.06766876
v -0.02113047 -0.01780084 0.01702823
v -0.02478999 -0.01777404 0.02643162
v -0.02960472 -0.01708791 0.03610343
v -0.01924013 -0.01777404 0.01203576
v -0.03126888 -0.01649826 0.03795547
v -0.03237562 -0.01603191 0.03889492
v -0.03056605 -0.01422010 0.02765737
v -0.02966935 -0.01466501 0.02695950
v -0.02870802 -0.01605871 0.02955416
v -0.02523431 -0.01621416 0.02128705
v -0.02155863 -0.01623560 0.01203576
v -0.01990256 -0.01636961 0.00834061
v -0.02760936 -0.01353933 0.01768137
v -0.01914319 -0.01577997 0.00462756
v -0.02492733 -0.01415041 0.01310046
v -0.02874033 -0.01238684 0.01650035
v -0.02317431 -0.01422010 0.00915479
v -0.02668842 -0.01221531 0.01141841
v -0.02289157 -0.01397888 0.00792904
v -0.02515352 -0.01248333 0.00897585
v 0.01481036 0.00709283 -0.00096437
v 0.01666031 0.00153946 -0.00092858
v 0.02406013 0.00339416 0.00049401
v 0.02607973 -0.00412111 0.00120083
v 0.02591009 -0.00030987 0.00087874
v 0.03099141 0.01231921 0.01573985
v 0.03049862 0.01353066 0.01677771
v 0.02935149 0.01416319 0.01573985
v -0.00965106 0.02268086 0.00834061
v -0.03441945 0.00637990 0.05830116
v -0.03446792 0.00645494 0.05644911
v -0.03449216 0.00650855 0.05459706
v -0.03805474 0.00084261 0.06755245
v -0.03600282 0.00418214 0.05830116
v -0.03599474 0.00413925 0.05644911
v -0.03449216 0.00654607 0.05274501
v -0.03448408 0.00656215 0.05090191
v -0.03935536 -0.00215921 0.06940449
v -0.03801434 0.00077829 0.06570935
v -0.03856368 -0.00030987 0.06755245
v -0.03971889 -0.00345106 0.06940449
v -0.03966234 -0.00398174 0.07135496
v -0.03940383 -0.00400319 0.07310859
v -0.03899991 -0.00585788 0.07866473
v -0.03869293 -0.00585788 0.08051678
v -0.03836979 -0.00585788 0.08236883
v -0.03793356 -0.00493053 0.08329038
v -0.03735999 -0.00770722 0.09038542
v -0.02301274 0.01538000 0.03426033
v -0.02310161 0.01541216 0.03315089
v -0.02318239 0.01544968 0.03192514
v -0.01404571 0.02105666 0.00834061
v -0.01752751 0.01910011 0.01429937
v -0.01758405 0.01913228 0.01307362
v -0.01763253 0.01915372 0.01203576
v -0.02011260 0.01764209 0.01760085
v -0.02097698 0.01711677 0.01944394
v -0.02107393 0.01715965 0.01573985
v -0.02339243 0.01559442 0.02500009
v -0.02662379 0.01345026 0.03610343
v -0.01768907 0.01919124 0.01019265
v -0.01772139 0.01921268 0.00834061
v -0.03290071 0.00863126 0.04904986
v -0.02877265 0.01180462 0.03610343
v -0.02871610 0.01176173 0.03479715
v -0.03200401 0.00946212 0.04719782
v -0.02663995 0.01345026 0.03426033
v -0.02335204 0.01560514 0.01944394
v -0.02887767 0.01187966 0.03980752
v -0.02882112 0.01185286 0.03795547
v -0.03384589 0.00748950 0.05090191
v -0.03378934 0.00746806 0.05274501
v -0.01411034 0.02109418 0.00345550
v -0.01421536 0.02114778 0.00462756
v -0.01415881 0.02111562 0.00648856
v 0.02183049 0.01410423 0.00278446
v 0.02506185 0.01364859 0.00728485
v 0.02323613 0.01183142 0.00173766
v 0.02212939 0.01252827 0.00139767
v 0.02307457 0.01350386 0.00381338
v 0.02275951 0.01314471 0.00278446
v 0.03027243 0.01324656 0.01573985
v 0.03070058 0.01194399 0.01450515
v 0.02910914 0.01226025 0.01204470
v 0.02879408 0.01185286 0.01094421
v 0.02684718 0.01172421 0.00740116
v 0.02667753 0.01339665 0.00953952
v 0.02221826 0.01079150 0.00076242
v 0.02221826 0.00894217 0.00050296
v -0.00368919 0.01450089 -0.00101805
v -0.00554723 0.01450089 -0.00101805
v -0.00739718 0.01450089 -0.00099120
v -0.00368919 0.01635023 -0.00091068
v -0.00924714 0.02005426 0.00052980
v -0.00939255 0.02262725 0.00269499
v -0.01109709 0.02206441 0.00278446
v -0.01109709 0.02133540 0.00142451
v -0.01226038 0.02108882 0.00168397
v -0.01109709 0.02005426 0.00074453
v 0.03179117 0.00515237 0.01030897
v 0.03278481 0.00515237 0.01204470
v 0.02938380 0.00540967 0.00630962
v 0.03221124 0.00570985 0.01141841
v 0.02705722 -0.00030987 0.00156766
v 0.02591009 0.00339416 0.00095031
v 0.02602318 0.00522741 0.00123662
v 0.02553848 0.00709283 0.00130820
v 0.02522342 0.00850797 0.00156766
v 0.02671793 0.00583850 0.00206870
v 0.02733189 0.00522741 0.00272184
v 0.03061980 0.00637454 0.00911006
v 0.03096717 0.00703387 0.01018371
v 0.03036937 0.00760743 0.00956636
v 0.03071674 0.00838469 0.01080106
v 0.03109642 0.00897969 0.01199102
v 0.03040976 0.00961758 0.01133788
v 0.03204968 0.00904401 0.01380728
v 0.03260709 0.01021794 0.01621405
v 0.03074905 0.01022330 0.01257258
v 0.03108834 0.01082367 0.01389675
v 0.03196889 0.01081830 0.01565933
v -0.02669650 -0.02711184 0.08791602
v -0.02577556 -0.02734234 0.08791602
v -0.02775477 -0.02684382 0.08791602
v -0.02960472 -0.02636675 0.08791602
v -0.02775477 -0.02682238 0.08606397
v -0.02775477 -0.02666693 0.08421193
v -0.03209287 -0.02536972 0.09038542
v -0.02960472 -0.02621666 0.08976807
v -0.02775477 -0.02671517 0.08976807
v -0.03281185 -0.02540724 0.08934755
v -0.02118702 -0.01219387 0.00199712
v -0.02157479 -0.01096098 0.00154082
v -0.02219682 -0.00770722 0.00081611
v -0.02219682 -0.00944935 0.00133504
v -0.02159902 -0.01265486 0.00323182
v -0.01665504 0.00154482 -0.00092858
v -0.01480508 0.00709283 -0.00097331
v -0.01294705 0.00894753 -0.00101805
v -0.02405486 -0.00030987 0.00066401
v -0.02405486 0.00154482 0.00059243
v -0.02405486 -0.00400319 0.00098610
v -0.02405486 -0.00215921 0.00077137
v -0.02699540 -0.01065543 0.00897585
v -0.02859492 -0.01038741 0.01126631
v -0.02531509 -0.01082697 0.00648856
v -0.02775477 -0.02644716 0.08236883
v -0.02960472 -0.02570206 0.08051678
v -0.03056605 -0.02530539 0.07948786
v -0.03367624 -0.02512314 0.08606397
v -0.03330463 -0.02474791 0.08236883
v -0.03145468 -0.02431908 0.07496064
v -0.03330463 -0.02447453 0.08051678
v -0.03330463 -0.02417971 0.07866473
v -0.03145468 -0.02060433 0.05644911
v -0.03264220 -0.01989675 0.05644911
v -0.03159201 -0.01841192 0.04713519
v -0.03145468 -0.02400281 0.07310859
v -0.03343389 -0.02380448 0.07676795
v -0.03436290 -0.02350430 0.07736740
v -0.03604321 -0.02341853 0.08158148
v -0.03586549 -0.02331132 0.08051678
v -0.03427404 -0.02161744 0.06835768
v -0.02954817 -0.01751138 0.03780337
v -0.03229483 -0.01783836 0.04648205
v -0.03164048 -0.01665908 0.03962858
v -0.03412863 -0.01966626 0.05950007
v -0.03433059 -0.01981635 0.06073476
v -0.03416094 -0.01782764 0.05205609
v -0.03412055 -0.01590862 0.04485368
v -0.03307844 -0.01495983 0.03795547
v -0.03281993 -0.01465965 0.03610343
v -0.03254526 -0.01435947 0.03426033
v -0.03219789 -0.01400032 0.03205039
v -0.03059029 -0.01239756 0.02202071
v -0.03038833 -0.01218315 0.02078601
v -0.02913617 -0.01098778 0.01388780
v -0.02888575 -0.01070904 0.01249206
v -0.02848182 -0.01216170 0.01526566
v -0.02696308 -0.01244581 0.01266205
v -0.02816677 -0.01191513 0.01388780
v 0.02406013 0.00709283 0.00062822
v 0.02406013 0.00524349 0.00050296
v 0.01666031 0.00339416 -0.00083911
v 0.02591009 0.00153946 0.00090558
v -0.03597051 0.00407493 0.05459706
v -0.03527576 0.00524349 0.05274501
v -0.03521114 0.00524349 0.05090191
v -0.03382165 0.00740373 0.04904986
v -0.03441945 0.00648175 0.04904986
v -0.03925034 -0.00215921 0.06755245
v -0.03967042 -0.00361188 0.06755245
v -0.03796587 0.00068180 0.06385730
v -0.03593819 0.00397308 0.05274501
v -0.03793356 0.00062284 0.06289101
v -0.03988046 -0.00437305 0.06940449
v -0.03983199 -0.00458211 0.07079129
v -0.03986430 -0.00453386 0.06755245
v -0.04013089 -0.00585788 0.06755245
v -0.03976736 -0.00505382 0.07202599
v -0.03938767 -0.00770722 0.07866473
v -0.03912916 -0.00770722 0.08051678
v -0.03885450 -0.00770722 0.08236883
v -0.03808705 -0.00590076 0.08403298
v -0.03773160 -0.00955655 0.09038542
v -0.03851520 -0.00770722 0.08421193
v -0.01743056 0.01906259 0.01573985
v -0.01507975 0.02065999 0.00648856
v -0.02108200 0.01715429 0.01388780
v -0.02340051 0.01561050 0.02313909
v -0.01665504 0.01978624 0.00834061
v -0.01665504 0.01982377 0.00648856
v -0.01771331 0.01921268 0.00648856
v -0.03279569 0.00854014 0.04719782
v -0.02330357 0.01557833 0.01760085
v -0.02324702 0.01553545 0.01573985
v -0.02318239 0.01548185 0.01388780
v -0.02314200 0.01544432 0.01277836
v -0.02865955 0.01169741 0.03355351
v -0.03192322 0.00933348 0.04534577
v -0.02338435 0.01561050 0.02128705
v -0.02105777 0.01712213 0.01203576
v -0.01762445 0.01915908 0.00365233
v -0.01514438 0.02067071 0.00462756
v -0.01290666 0.02134076 0.00282025
v -0.01349638 0.02078864 0.00222975
v -0.01475661 0.02040805 0.00282025
v 0.02469025 0.01324656 0.00605910
v 0.02356735 0.01221737 0.00278446
v 0.02523150 0.01201367 0.00516439
v 0.02485182 0.01153660 0.00392969
v 0.02455291 0.01087191 0.00266815
v 0.02491644 0.00974087 0.00197028
v 0.02362390 0.01079150 0.00144240
v 0.03037744 0.01145619 0.01327045
v 0.02843055 0.01131682 0.00970057
v 0.02912529 0.01073790 0.01027318
v 0.02881831 0.01008393 0.00902953
v 0.02687142 0.00992312 0.00549543
v 0.02527997 0.01029835 0.00319603
v 0.02420554 0.00904937 0.00114715
v -0.01109709 0.01264620 -0.00086595
v -0.00924714 0.01450089 -0.00079437
v -0.00554723 0.01635023 -0.00074069
v -0.01480508 0.01949678 0.00148714
v -0.01290666 0.02012395 0.00122767
v -0.01582296 0.01919124 0.00177344
v -0.01480508 0.01819957 0.00078926
v -0.01294705 0.01819957 0.00052980
v 0.02867290 0.00613332 0.00558491
v 0.02652405 0.00724828 0.00272184
v 0.02708146 0.00673368 0.00329445
v 0.02901220 0.00709283 0.00685539
v 0.02847094 0.00709283 0.00592489
v 0.02877792 0.00819171 0.00726696
v 0.03007047 0.00897969 0.01018371
v 0.03005431 0.01082367 0.01199102
v -0.03145468 -0.02587359 0.08791602
v -0.03297342 -0.02546084 0.08791602
v -0.02960472 -0.02631314 0.08606397
v -0.02960472 -0.02613625 0.08421193
v -0.02960472 -0.02592184 0.08236883
v -0.03238370 -0.02528395 0.09038542
v -0.03336118 -0.02489264 0.09038542
v -0.03337734 -0.02501057 0.08988438
v -0.03515459 -0.02459246 0.08791602
v -0.03390243 -0.02519282 0.08791602
v -0.02281078 -0.00999075 0.00225659
v -0.02320663 -0.00875785 0.00177344
v -0.02500003 -0.01051070 0.00552227
v -0.02348937 -0.00770722 0.00149608
v -0.02411141 -0.00569171 0.00134398
v -0.01665504 0.00339416 -0.00083911
v -0.02405486 0.00339416 0.00061927
v -0.01294705 0.01079686 -0.00086595
v -0.02219682 0.00894753 0.00057453
v -0.02034687 0.01264620 0.00064611
v -0.02559783 0.00154482 0.00127241
v -0.02515352 -0.00400319 0.00166608
v -0.02536356 -0.00215921 0.00145135
v -0.02548474 -0.00030987 0.00135293
v -0.02827986 -0.01006579 0.01019265
v -0.02663187 -0.01023732 0.00774115
v -0.02902308 -0.00913844 0.01019265
v -0.02878880 -0.00878466 0.00908322
v -0.03250487 -0.02533219 0.08480244
v -0.03274722 -0.02540188 0.08606397
v -0.03515459 -0.02451741 0.08606397
v -0.03515459 -0.02424403 0.08421193
v -0.03494455 -0.02377232 0.08051678
v -0.03460526 -0.02361687 0.07866473
v -0.03531616 -0.02386880 0.08226146
v -0.03617247 -0.02350966 0.08281618
v -0.03687529 -0.02276456 0.08226146
v -0.03794164 -0.02160672 0.08138465
v -0.03710956 -0.02223388 0.08065993
v -0.03667333 -0.02216956 0.07866473
v -0.03608360 -0.02158528 0.07405698
v -0.03433059 -0.01797773 0.05328184
v -0.03427404 -0.01608551 0.04608838
v -0.03481529 -0.01521713 0.04541735
v -0.03471028 -0.01477758 0.04351162
v -0.03448408 -0.01449348 0.04165957
v -0.03432251 -0.01429514 0.04038014
v -0.03400746 -0.01391991 0.03795547
v -0.03420134 -0.01229571 0.03345509
v -0.03285224 -0.01282639 0.03055623
v -0.03256142 -0.01252621 0.02870418
v -0.03221405 -0.01214026 0.02645846
v -0.03093766 -0.01100386 0.01944394
v -0.03050950 -0.01045710 0.01672403
v -0.03016213 -0.01193121 0.01944394
v -0.03035602 -0.01019444 0.01573985
v -0.03012174 -0.00952975 0.01381623
v -0.02934621 -0.00968520 0.01194629
v -0.03588972 0.00382835 0.05090191
v -0.03504957 0.00524349 0.04904986
v -0.03268260 0.00841149 0.04534577
v -0.03255334 0.00826140 0.04351162
v -0.03245640 0.00812739 0.04205324
v -0.02851414 0.00774680 0.01019265
v -0.03431443 0.00631557 0.04752886
v -0.03789317 0.00050491 0.06165631
v -0.03784470 0.00035482 0.06015320
v -0.03778007 0.00013504 0.05830116
v -0.03807897 -0.00078695 0.05830116
v -0.03895952 -0.00215921 0.06385730
v -0.03996124 -0.00573995 0.06569145
v -0.03848289 -0.00215921 0.05830116
v -0.03795779 -0.00300079 0.04971195
v -0.03735191 -0.00400319 0.03980752
v -0.03794972 -0.00485549 0.04420054
v -0.03625325 0.00290636 0.05090191
v -0.04012281 -0.00585788 0.06940449
v -0.03992893 -0.00574531 0.07135496
v -0.04031669 -0.00770722 0.06755245
v -0.03990469 -0.00622239 0.06385730
v -0.03983199 -0.00653329 0.06232735
v -0.04018743 -0.00770722 0.06570935
v -0.03978351 -0.00678523 0.07403014
v -0.03963002 -0.00783051 0.07670532
v -0.03942806 -0.00955655 0.08051678
v -0.03920995 -0.00955655 0.08236883
v -0.03790125 -0.01075728 0.09038542
v -0.01768099 0.01919124 0.00462756
v -0.01665504 0.01981305 0.00462756
v -0.03059837 0.00996064 0.03795547
v -0.03054182 0.00989096 0.03691761
v -0.02099314 0.01705780 0.01019265
v -0.02091236 0.01697740 0.00834061
v -0.02082350 0.01688091 0.00648856
v -0.02072655 0.01676834 0.00462756
v -0.02306929 0.01536928 0.01155261
v -0.02499195 0.01359499 0.01469304
v -0.02515352 0.01377188 0.01760085
v -0.02849798 0.01149907 0.03055623
v -0.01999142 0.01770105 0.00834061
v -0.01990256 0.01765817 0.00648856
v -0.01652578 0.01943246 0.00292762
v -0.01705896 0.01875705 0.00240869
v -0.01836766 0.01810844 0.00292762
v -0.01963597 0.01745447 0.00343760
v -0.01979754 0.01758848 0.00462756
v -0.01859385 0.01851583 0.00462756
v 0.02804279 0.00886712 0.00658698
v 0.02566773 0.00904937 0.00266815
v -0.01849691 0.01450089 0.00060137
v -0.01665504 0.01635023 0.00063716
v -0.01652578 0.01816740 0.00137977
v -0.01789103 0.01752416 0.00159450
v -0.01849691 0.01636631 0.00124556
v 0.02681487 0.00797194 0.00374181
v -0.03145468 -0.02578247 0.08606397
v -0.03505765 -0.02395457 0.09038542
v -0.03619670 -0.02361151 0.08907020
v -0.03634211 -0.02376696 0.08791602
v -0.03640674 -0.02376160 0.08606397
v -0.02530701 -0.00955655 0.00512860
v -0.02491925 -0.00853808 0.00378654
v -0.02700348 -0.00707469 0.00533439
v -0.02528277 -0.00729983 0.00333918
v -0.02834449 -0.00807708 0.00784852
v -0.02475768 -0.00620095 0.00210449
v -0.02499195 -0.00496806 0.00183607
v -0.02405486 0.00524349 0.00078926
v -0.02555744 0.00339416 0.00129925
v -0.02405486 0.00709283 0.00103084
v -0.02219682 0.01079686 0.00087874
v -0.02215643 0.01250683 0.00140661
v -0.02036303 0.01449017 0.00125451
v -0.02652685 0.00154482 0.00221185
v -0.02629258 -0.00215921 0.00247132
v -0.02696308 -0.00347251 0.00354497
v -0.02641375 -0.00030987 0.00231922
v -0.03046911 -0.00847375 0.01314520
v -0.02966935 -0.00770722 0.01019265
v -0.02895037 -0.00756249 0.00841219
v -0.02871610 -0.00684419 0.00735643
v -0.03630172 -0.02361687 0.08421193
v -0.03822438 -0.02073297 0.08065993
v -0.03861215 -0.01881395 0.07681268
v -0.03821630 -0.02023982 0.07866473
v -0.03809513 -0.01999324 0.07681268
v -0.03799819 -0.01983243 0.07554220
v -0.03793356 -0.01788661 0.06848294
v -0.03640674 -0.01645002 0.05644911
v -0.03601898 -0.01780620 0.05950007
v -0.03605937 -0.01971450 0.06671142
v -0.03800627 -0.02169248 0.08236883
v -0.03609168 -0.01604799 0.05363972
v -0.03543733 -0.01497591 0.04721571
v -0.03600282 -0.01408073 0.04660731
v -0.03585741 -0.01388239 0.04534577
v -0.03551812 -0.01315338 0.04158799
v -0.03475875 -0.01299257 0.03795547
v -0.03604321 -0.01226891 0.04092591
v -0.03555851 -0.01131476 0.03601396
v -0.03490416 -0.01157206 0.03414401
v -0.03474259 -0.01119147 0.03240828
v -0.03405592 -0.01211346 0.03240828
v -0.03378126 -0.01177576 0.03055623
v -0.03272299 -0.01093417 0.02500009
v -0.03432251 -0.01061255 0.02933048
v -0.03394283 -0.01007115 0.02684319
v -0.03458910 -0.00914916 0.02684319
v -0.03437098 -0.00884362 0.02547428
v -0.03417710 -0.00851128 0.02424853
v -0.03232715 -0.00852200 0.01869239
v -0.03067107 -0.00889186 0.01438884
v -0.03584125 0.00335128 0.04888882
v -0.03617247 0.00270803 0.04940775
v -0.03059029 0.00444480 0.01248311
v -0.03265836 0.00125000 0.01760085
v -0.03426596 -0.00115146 0.02192229
v -0.03046911 0.00978375 0.03568291
v -0.02684191 0.01174029 0.01842398
v -0.02470113 0.01319832 0.01019265
v -0.02444262 0.01281237 0.00648856
v -0.02500811 0.01176709 0.00537017
v -0.02490309 0.01159556 0.00413547
v -0.02834449 0.00736621 0.00834061
v -0.02903116 0.00681945 0.01019265
v -0.03017021 0.00513629 0.01193734
v -0.03672180 0.00154482 0.05090191
v -0.03799819 -0.00103889 0.05644911
v -0.03794972 -0.00118898 0.05537546
v -0.03809513 -0.00252372 0.05274501
v -0.03733576 -0.00215921 0.04534577
v -0.03685105 -0.00400319 0.03426033
v -0.03790125 -0.00533792 0.04296584
v -0.04029245 -0.00770722 0.06940449
v -0.04016320 -0.00770722 0.07125654
v -0.03979967 -0.00852736 0.07601639
v -0.04022783 -0.00955655 0.06755245
v -0.04022783 -0.00955655 0.06940449
v -0.04014704 -0.00955655 0.06570935
v -0.03765082 -0.00585788 0.03980752
v -0.03794972 -0.00657617 0.04242007
v -0.03977543 -0.00770722 0.06120001
v -0.03998547 -0.00955655 0.06385730
v -0.03939575 -0.01141125 0.08236883
v -0.03911301 -0.01141125 0.08421193
v -0.03820823 -0.01326059 0.09038542
v -0.02150208 0.01565874 0.00341076
v -0.02167981 0.01584099 0.00462756
v -0.02181714 0.01595356 0.00648856
v -0.02298043 0.01527279 0.01019265
v -0.02378019 0.01434544 0.01019265
v -0.02365094 0.01420607 0.00834061
v -0.02482231 0.01336985 0.01203576
v -0.02690654 0.01183142 0.01944394
v -0.01911087 0.01699884 0.00221185
v -0.02031455 0.01632879 0.00280236
v -0.01976522 0.01576059 0.00154977
v -0.03537270 -0.02374016 0.09038542
v -0.03665717 -0.02246974 0.09038542
v -0.03698031 -0.02206771 0.09038542
v -0.03793356 -0.02159600 0.08516032
v -0.03799819 -0.02168176 0.08421193
v -0.03761850 -0.02098491 0.09038542
v -0.02729430 -0.00585788 0.00500334
v -0.02653493 -0.00585788 0.00407285
v -0.02674497 -0.00471076 0.00380443
v -0.02773861 -0.00394422 0.00465441
v -0.02647838 0.00339416 0.00225659
v -0.02535548 0.00524349 0.00146924
v -0.02409525 0.00878671 0.00136188
v -0.02344898 0.01079686 0.00154977
v -0.02317431 0.01179390 0.00180028
v -0.02151016 0.01386837 0.00162134
v -0.02731853 0.00154482 0.00313340
v -0.02723775 -0.00030987 0.00324077
v -0.02710849 -0.00215921 0.00338392
v -0.02870802 -0.00317768 0.00551333
v -0.03289263 -0.00782515 0.01936342
v -0.03257758 -0.00718726 0.01760085
v -0.03239177 -0.00681739 0.01663456
v -0.02942700 -0.00585788 0.00834061
v -0.03046103 -0.00645289 0.01129315
v -0.02886151 -0.00585788 0.00709696
v -0.02850606 -0.00441594 0.00580858
v -0.02821524 -0.00585788 0.00616646
v -0.03838595 -0.02066329 0.08236883
v -0.03877372 -0.01881395 0.07866473
v -0.03895144 -0.01696462 0.07310859
v -0.03874948 -0.01696462 0.07125654
v -0.03849905 -0.01696462 0.06940449
v -0.03859599 -0.01510992 0.06385730
v -0.03828901 -0.01522249 0.06206788
v -0.03796587 -0.01608551 0.06272102
v -0.03786086 -0.01590862 0.06148632
v -0.03614015 -0.01426834 0.04784201
v -0.03617247 -0.01246189 0.04216061
v -0.03617247 -0.01063399 0.03656867
v -0.03605129 -0.01040350 0.03533398
v -0.03449216 -0.01085377 0.03055623
v -0.03477490 -0.00965840 0.02870418
v -0.03606745 -0.00856488 0.03156725
v -0.03524345 -0.00770722 0.02684319
v -0.03426596 -0.00686028 0.02211018
v -0.03370047 -0.00756785 0.02141230
v -0.03508996 -0.00215921 0.02500009
v -0.03608360 -0.00309728 0.02966152
v -0.03615631 -0.00292039 0.03089622
v -0.03050950 0.00421966 0.01124841
v -0.03419326 -0.00144092 0.02067865
v -0.03483145 -0.00215921 0.02313909
v -0.02351360 0.01405598 0.00648856
v -0.02337627 0.01389517 0.00462756
v -0.02439415 0.01249075 0.00471704
v -0.02324702 0.01372900 0.00354497
v -0.02524238 0.01035731 0.00336603
v -0.02680152 0.00789153 0.00377759
v -0.02701963 0.00832036 0.00501229
v -0.02721352 0.00858302 0.00648856
v -0.02882112 0.00644422 0.00834061
v -0.03666525 -0.00400319 0.03240828
v -0.03712572 -0.00030987 0.04904986
v -0.03729537 -0.00030987 0.05090191
v -0.03716611 -0.00215921 0.04351162
v -0.04017936 -0.00955655 0.07125654
v -0.04008242 -0.00955655 0.07310859
v -0.03996124 -0.00955655 0.07496064
v -0.03983199 -0.00955655 0.07640112
v -0.04003395 -0.01141125 0.06755245
v -0.04000971 -0.01141125 0.06570935
v -0.04000971 -0.01141125 0.07125654
v -0.03953309 -0.01510992 0.07866473
v -0.03981583 -0.01260126 0.07681268
v -0.03979967 -0.01246725 0.07795791
v -0.03987238 -0.01135228 0.06387519
v -0.03745693 -0.00585788 0.03795547
v -0.03932305 -0.00770722 0.05644911
v -0.03950077 -0.00770722 0.05830116
v -0.03794972 -0.00688708 0.04242007
v -0.03984006 -0.00955655 0.06237208
v -0.03980775 -0.01069832 0.06266733
v -0.03949269 -0.01326059 0.08236883
v -0.03926650 -0.01326059 0.08421193
v -0.03956540 -0.01141125 0.08051678
v -0.03860407 -0.01696462 0.09038542
v -0.03843442 -0.01510992 0.09038542
v -0.02260882 0.01481716 0.00462756
v -0.02099314 0.01510126 0.00217606
v -0.02212412 0.01441513 0.00286499
v -0.02274616 0.01498333 0.00648856
v -0.02285925 0.01513342 0.00834061
v -0.03808705 -0.02005757 0.09038542
v -0.03835364 -0.02066329 0.08421193
v -0.02726199 0.00339416 0.00318708
v -0.02628450 0.00524349 0.00247132
v -0.02512121 0.00709283 0.00170187
v -0.02500003 0.00806306 0.00183607
v -0.02474152 0.00930131 0.00212238
v -0.02354592 0.01250683 0.00286499
v -0.02274616 0.01303215 0.00231922
v -0.02874841 -0.00215921 0.00544175
v -0.02815869 -0.00030987 0.00445757
v -0.02824755 0.00154482 0.00446652
v -0.02803751 -0.00215921 0.00452020
v -0.02898268 -0.00387990 0.00644383
v -0.02976629 -0.00400319 0.00834061
v -0.02918465 -0.00215921 0.00648856
v -0.03409632 -0.00585788 0.02080390
v -0.03362777 -0.00585788 0.01944394
v -0.03294918 -0.00585788 0.01760085
v -0.03214134 -0.00585788 0.01543565
v -0.03084072 -0.00584716 0.01196418
v -0.03020253 -0.00584716 0.01028213
v -0.03059029 -0.00521999 0.01096211
v -0.03889489 -0.01881395 0.08236883
v -0.03888681 -0.01881395 0.08051678
v -0.03982391 -0.01242972 0.06451044
v -0.03908069 -0.01510992 0.06755245
v -0.03884642 -0.01510992 0.06570935
v -0.03944422 -0.01313194 0.06387519
v -0.03912916 -0.01326059 0.06200525
v -0.03821630 -0.01475614 0.06015320
v -0.03807089 -0.01444523 0.05830116
v -0.03797395 -0.01425762 0.05714698
v -0.03678643 -0.00955655 0.03795547
v -0.03642290 -0.00969592 0.03601396
v -0.03794164 -0.01234396 0.05178767
v -0.03784470 -0.01208130 0.05055298
v -0.03636635 -0.00785195 0.03227407
v -0.03620478 -0.00726230 0.03055623
v -0.03610784 -0.00687636 0.02951837
v -0.03596243 -0.00818965 0.03055623
v -0.03672988 -0.00770722 0.03426033
v -0.03576855 -0.00757857 0.02882050
v -0.03598666 -0.00624919 0.02828367
v -0.03475067 -0.00585788 0.02313909
v -0.03437098 -0.00585788 0.02172545
v -0.03524345 -0.00585788 0.02500009
v -0.03601898 -0.00347251 0.02870418
v -0.03636635 -0.00383165 0.03038624
v -0.03030754 0.00352281 0.01023739
v -0.03061452 0.00298677 0.01087263
v -0.03235946 0.00043522 0.01490777
v -0.03320769 -0.00030987 0.01760085
v -0.03252911 0.00094982 0.01613352
v -0.02868379 0.00617620 0.00740116
v -0.02879688 0.00524349 0.00709696
v -0.03431443 -0.00267381 0.02016866
v -0.03445984 -0.00209488 0.02130494
v -0.03545349 -0.00400319 0.02500009
v -0.03609976 -0.00482333 0.02772000
v -0.03585741 -0.00412647 0.02700424
v -0.03620478 -0.00439985 0.02870418
v -0.02618756 0.00720540 0.00289183
v -0.02693077 0.00665864 0.00358076
v -0.02823947 0.00334055 0.00476177
v -0.02872418 0.00268659 0.00545964
v -0.02859492 0.00392484 0.00577279
v -0.02843335 0.00524349 0.00618436
v -0.03679451 -0.00585788 0.03240828
v -0.03703686 -0.00585788 0.03426033
v -0.03724689 -0.00585788 0.03610343
v -0.03979967 -0.01189905 0.07795791
v -0.03986430 -0.01266558 0.06755245
v -0.03973504 -0.01375374 0.07125654
v -0.03973504 -0.01372694 0.07310859
v -0.03985622 -0.01253693 0.06570935
v -0.03926650 -0.01696462 0.08051678
v -0.03925034 -0.01696462 0.08236883
v -0.03950077 -0.01510992 0.08051678
v -0.03954116 -0.01510992 0.07681268
v -0.03945230 -0.01510992 0.08236883
v -0.03923418 -0.00955655 0.05644911
v -0.03895952 -0.00770722 0.05274501
v -0.03749733 -0.00770722 0.03980752
v -0.03793356 -0.00865065 0.04441527
v -0.03800627 -0.00894011 0.04534577
v -0.03943614 -0.00955655 0.05830116
v -0.03877372 -0.00770722 0.05090191
v -0.03962195 -0.00955655 0.06015320
v -0.03931497 -0.01510992 0.08421193
v -0.03845058 -0.01881395 0.09038542
v -0.03883026 -0.01881395 0.08421193
v -0.02923312 -0.00030987 0.00648856
v -0.02877265 -0.00030987 0.00539702
v -0.02875649 0.00154482 0.00539702
v -0.03033178 -0.00400319 0.00979898
v -0.03238370 -0.00307048 0.01482725
v -0.03138197 -0.00215921 0.01203576
v -0.02991978 -0.00215921 0.00834061
v -0.03043680 -0.00030987 0.00950373
v -0.03420942 -0.00479652 0.02043707
v -0.03397514 -0.00411039 0.01949763
v -0.03265836 -0.00400319 0.01593669
v -0.03118809 -0.00400319 0.01203576
v -0.03924226 -0.01696462 0.07866473
v -0.03919379 -0.01696462 0.07681268
v -0.03788509 -0.01025876 0.04664310
v -0.03796587 -0.01058575 0.04787780
v -0.03885450 -0.01326059 0.06015320
v -0.03706109 -0.00955655 0.03980752
v -0.03649560 -0.00585788 0.03055623
v -0.03618862 -0.00572387 0.02882050
v -0.03699646 -0.00770722 0.03610343
v -0.03609976 -0.00501630 0.02772000
v -0.03578470 -0.00572387 0.02700424
v -0.03453255 -0.00411039 0.02115284
v -0.02965319 0.00339416 0.00834061
v -0.03122848 0.00154482 0.01203576
v -0.03244024 -0.00079767 0.01467515
v -0.03266644 -0.00022947 0.01560564
v -0.03431443 -0.00356363 0.02016866
v -0.03506573 -0.00400319 0.02313909
v -0.03345005 -0.00215921 0.01760085
v -0.02918465 0.00154482 0.00648856
v -0.03038025 0.00154482 0.00967372
v -0.03071954 0.00154482 0.01061317
v -0.02895845 0.00334055 0.00642593
v -0.03725497 -0.00770722 0.03795547
v -0.03970273 -0.01370014 0.06940449
v -0.03915340 -0.01696462 0.08421193
v -0.03272299 -0.00233610 0.01556091
v -0.03244024 -0.00183759 0.01467515
f 1 2 3
f 1 3 20
f 1 20 4
f 1 4 5
f 1 5 6
f 1 6 7
f 1 7 8
f 1 8 9
f 1 9 10
f 1 10 2
f 2 11 12
f 2 12 13
f 2 13 14
f 2 14 15
f 2 15 16
f 2 16 3
f 2 10 17
f 2 17 18
f 2 18 11
f 3 16 15
f 3 15 19
f 3 19 20
f 4 20 21
f 4 21 22
f 4 22 23
f 4 23 24
f 4 24 25
f 4 25 5
f 5 25 6
f 6 25 26
f 6 26 27
f 6 27 7
f 7 27 28
f 7 28 29
f 7 29 30
f 7 30 31
f 7 31 8
f 8 31 32
f 8 32 33
f 8 33 9
f 9 33 34
f 9 34 35
f 9 35 10
f 10 35 36
f 10 36 17
f 11 18 37
f 11 37 12
f 12 38 14
f 12 14 13
f 12 37 38
f 14 38 39
f 14 39 15
f 15 39 40
f 15 40 41
f 15 41 42
f 15 42 21
f 15 21 43
f 15 43 19
f 17 36 18
f 18 36 44
f 18 44 45
f 18 45 37
f 19 43 21
f 19 21 20
f 21 42 46
f 21 46 47
f 21 47 48
f 21 48 49
f 21 49 22
f 22 49 50
f 22 50 23
f 23 50 24
f 24 50 25
f 25 51 26
f 25 50 51
f 26 51 27
f 27 51 52
f 27 52 28
f 28 52 53
f 28 53 54
f 28 54 29
f 29 54 55
f 29 55 56
f 29 56 57
f 29 57 30
f 30 57 58
f 30 58 59
f 30 59 31
f 31 59 60
f 31 60 32
f 32 60 61
f 32 61 62
f 32 62 63
f 32 63 33
f 33 63 64
f 33 64 65
f 33 65 34
f 34 65 66
f 34 66 67
f 34 67 35
f 35 67 36
f 36 67 68
f 36 68 69
f 36 69 44
f 37 45 70
f 37 70 71
f 37 71 72
f 37 72 73
f 37 73 38
f 38 74 75
f 38 75 39
f 38 73 74
f 39 75 40
f 40 75 41
f 41 76 42
f 41 75 77
f 41 77 122
f 41 122 78
f 41 78 82
f 41 82 76
f 42 76 46
f 44 79 80
f 44 80 70
f 44 70 45
f 44 69 81
f 44 81 79
f 46 76 82
f 46 82 83
f 46 83 47
f 47 83 84
f 47 84 85
f 47 85 136
f 47 136 86
f 47 86 48
f 48 86 87
f 48 87 49
f 49 87 50
f 50 87 88
f 50 88 89
f 50 89 90
f 50 90 91
f 50 91 92
f 50 92 93
f 50 93 51
f 51 93 92
f 51 92 94
f 51 94 52
f 52 95 53
f 52 94 95
f 53 95 54
f 54 96 55
f 54 95 97
f 54 97 98
f 54 98 99
f 54 99 96
f 55 96 56
f 56 96 100
f 56 100 101
f 56 101 102
f 56 102 103
f 56 103 104
f 56 104 57
f 57 105 106
f 57 106 58
f 57 104 107
f 57 107 105
f 58 106 108
f 58 108 59
f 59 108 109
f 59 109 110
f 59 110 60
f 60 110 61
f 61 110 111
f 61 111 62
f 62 111 63
f 63 111 64
f 64 111 81
f 64 81 65
f 65 81 66
f 66 81 67
f 67 81 68
f 68 81 69
f 70 112 113
f 70 113 71
f 70 80 112
f 71 113 114
f 71 114 115
f 71 115 72
f 72 115 116
f 72 116 117
f 72 117 73
f 73 118 119
f 73 119 120
f 73 120 74
f 73 117 116
f 73 116 121
f 73 121 118
f 74 120 75
f 75 120 119
f 75 119 77
f 77 119 175
f 77 175 122
f 78 122 123
f 78 123 124
f 78 124 82
f 79 125 80
f 79 81 125
f 80 125 126
f 80 126 112
f 81 111 166
f 81 166 253
f 81 253 376
f 81 376 501
f 81 501 660
f 81 660 817
f 81 817 958
f 81 958 1106
f 81 1106 1246
f 81 1246 1258
f 81 1258 1257
f 81 1257 1408
f 81 1408 1561
f 81 1561 1560
f 81 1560 1559
f 81 1559 1558
f 81 1558 1720
f 81 1720 1877
f 81 1877 2016
f 81 2016 2135
f 81 2135 2234
f 81 2234 2233
f 81 2233 2330
f 81 2330 2240
f 81 2240 2152
f 81 2152 2149
f 81 2149 2148
f 81 2148 2147
f 81 2147 2046
f 81 2046 1936
f 81 1936 1935
f 81 1935 1800
f 81 1800 1636
f 81 1636 1482
f 81 1482 1481
f 81 1481 1332
f 81 1332 1331
f 81 1331 1330
f 81 1330 1187
f 81 1187 1042
f 81 1042 896
f 81 896 745
f 81 745 744
f 81 744 743
f 81 743 740
f 81 740 571
f 81 571 411
f 81 411 288
f 81 288 192
f 81 192 127
f 81 127 128
f 81 128 129
f 81 129 130
f 81 130 131
f 81 131 132
f 81 132 133
f 81 133 134
f 81 134 125
f 82 124 84
f 82 84 83
f 84 124 135
f 84 135 136
f 84 136 85
f 86 136 219
f 86 219 137
f 86 137 138
f 86 138 89
f 86 89 88
f 86 88 87
f 89 138 140
f 89 140 90
f 90 139 91
f 90 140 224
f 90 224 139
f 91 139 141
f 91 141 92
f 92 141 94
f 94 141 226
f 94 226 142
f 94 142 97
f 94 97 95
f 96 99 100
f 97 142 143
f 97 143 98
f 98 143 144
f 98 144 99
f 99 144 145
f 99 145 100
f 100 145 146
f 100 146 147
f 100 147 148
f 100 148 102
f 100 102 101
f 102 148 149
f 102 149 103
f 103 107 104
f 103 149 107
f 105 107 150
f 105 150 151
f 105 151 152
f 105 152 153
f 105 153 154
f 105 154 108
f 105 108 106
f 107 149 155
f 107 155 156
f 107 156 150
f 108 154 111
f 108 111 109
f 109 111 110
f 111 154 153
f 111 153 157
f 111 157 158
f 111 158 159
f 111 159 160
f 111 160 161
f 111 161 162
f 111 162 163
f 111 163 164
f 111 164 165
f 111 165 166
f 112 167 113
f 112 126 167
f 113 167 168
f 113 168 114
f 114 169 116
f 114 116 115
f 114 168 169
f 116 169 170
f 116 170 171
f 116 171 172
f 116 172 173
f 116 173 174
f 116 174 121
f 118 175 119
f 118 121 176
f 118 176 175
f 121 174 173
f 121 173 177
f 121 177 178
f 121 178 179
f 121 179 180
f 121 180 181
f 121 181 182
f 121 182 176
f 122 175 183
f 122 183 184
f 122 184 123
f 123 184 185
f 123 185 186
f 123 186 124
f 124 186 187
f 124 187 135
f 125 134 126
f 126 188 189
f 126 189 190
f 126 190 191
f 126 191 167
f 126 134 188
f 127 192 128
f 128 193 194
f 128 194 195
f 128 195 196
f 128 196 197
f 128 197 198
f 128 198 199
f 128 199 200
f 128 200 201
f 128 201 202
f 128 202 129
f 128 192 193
f 129 203 130
f 129 202 204
f 129 204 205
f 129 205 206
f 129 206 207
f 129 207 208
f 129 208 203
f 130 209 131
f 130 203 208
f 130 208 209
f 131 209 210
f 131 210 211
f 131 211 212
f 131 212 213
f 131 213 132
f 132 213 133
f 133 213 214
f 133 214 215
f 133 215 134
f 134 215 188
f 135 187 216
f 135 216 217
f 135 217 218
f 135 218 136
f 136 218 219
f 137 220 138
f 137 219 221
f 137 221 222
f 137 222 223
f 137 223 220
f 138 220 140
f 139 224 141
f 140 220 225
f 140 225 224
f 141 224 226
f 142 226 227
f 142 227 143
f 143 227 228
f 143 228 144
f 144 229 145
f 144 228 230
f 144 230 231
f 144 231 229
f 145 229 146
f 146 229 232
f 146 232 233
f 146 233 234
f 146 234 235
f 146 235 147
f 147 235 149
f 147 149 148
f 149 236 155
f 149 235 236
f 150 156 237
f 150 237 238
f 150 238 151
f 151 239 152
f 151 238 240
f 151 240 239
f 152 239 159
f 152 159 158
f 152 158 157
f 152 157 153
f 155 236 241
f 155 241 242
f 155 242 156
f 156 242 243
f 156 243 237
f 159 239 244
f 159 244 245
f 159 245 246
f 159 246 160
f 160 246 161
f 161 246 247
f 161 247 248
f 161 248 162
f 162 248 249
f 162 249 163
f 163 249 248
f 163 248 250
f 163 250 251
f 163 251 164
f 164 252 253
f 164 253 166
f 164 166 165
f 164 251 254
f 164 254 255
f 164 255 256
f 164 256 257
f 164 257 258
f 164 258 259
f 164 259 252
f 167 191 260
f 167 260 261
f 167 261 168
f 168 261 170
f 168 170 169
f 170 262 172
f 170 172 171
f 170 261 263
f 170 263 264
f 170 264 262
f 172 265 266
f 172 266 173
f 172 262 265
f 173 266 177
f 175 176 267
f 175 267 183
f 176 182 267
f 177 266 268
f 177 268 269
f 177 269 270
f 177 270 178
f 178 271 272
f 178 272 180
f 178 180 179
f 178 270 271
f 180 272 181
f 181 273 182
f 181 272 274
f 181 274 273
f 182 275 183
f 182 183 267
f 182 273 275
f 183 275 273
f 183 273 274
f 183 274 276
f 183 276 277
f 183 277 278
f 183 278 185
f 183 185 184
f 185 278 279
f 185 279 186
f 186 279 280
f 186 280 281
f 186 281 282
f 186 282 187
f 187 282 216
f 188 215 189
f 189 283 190
f 189 215 283
f 190 283 284
f 190 284 285
f 190 285 286
f 190 286 191
f 191 286 287
f 191 287 260
f 192 288 289
f 192 289 193
f 193 289 194
f 194 289 290
f 194 290 291
f 194 291 292
f 194 292 293
f 194 293 294
f 194 294 295
f 194 295 296
f 194 296 297
f 194 297 195
f 195 297 298
f 195 298 299
f 195 299 196
f 196 299 300
f 196 300 197
f 197 300 301
f 197 301 302
f 197 302 198
f 198 302 199
f 199 302 303
f 199 303 304
f 199 304 200
f 200 304 305
f 200 305 201
f 201 305 202
f 202 305 204
f 204 306 307
f 204 307 308
f 204 308 205
f 204 305 306
f 205 308 206
f 206 308 309
f 206 309 310
f 206 310 207
f 207 311 312
f 207 312 313
f 207 313 314
f 207 314 315
f 207 315 208
f 207 310 308
f 207 308 311
f 208 315 314
f 208 314 316
f 208 316 317
f 208 317 318
f 208 318 319
f 208 319 211
f 208 211 210
f 208 210 209
f 211 319 318
f 211 318 320
f 211 320 212
f 212 321 213
f 212 320 322
f 212 322 323
f 212 323 321
f 213 321 214
f 214 324 215
f 214 321 325
f 214 325 326
f 214 326 327
f 214 327 324
f 215 324 284
f 215 284 283
f 216 282 328
f 216 328 217
f 217 328 329
f 217 329 218
f 218 329 330
f 218 330 221
f 218 221 219
f 220 223 331
f 220 331 332
f 220 332 333
f 220 333 225
f 221 330 334
f 221 334 222
f 222 335 223
f 222 334 336
f 222 336 335
f 223 335 331
f 224 225 227
f 224 227 226
f 225 333 337
f 225 337 227
f 227 337 228
f 228 337 338
f 228 338 230
f 229 231 339
f 229 339 232
f 230 338 340
f 230 340 341
f 230 341 231
f 231 341 339
f 232 339 342
f 232 342 343
f 232 343 344
f 232 344 345
f 232 345 233
f 233 346 234
f 233 345 347
f 233 347 346
f 234 346 348
f 234 348 349
f 234 349 350
f 234 350 235
f 235 350 241
f 235 241 236
f 237 243 349
f 237 349 351
f 237 351 352
f 237 352 238
f 238 353 240
f 238 352 354
f 238 354 355
f 238 355 353
f 239 240 356
f 239 356 357
f 239 357 244
f 240 353 358
f 240 358 356
f 241 350 242
f 242 350 349
f 242 349 243
f 244 357 356
f 244 356 359
f 244 359 245
f 245 359 360
f 245 360 361
f 245 361 362
f 245 362 363
f 245 363 248
f 245 248 246
f 246 248 364
f 246 364 247
f 247 364 248
f 248 363 365
f 248 365 251
f 248 251 250
f 251 365 254
f 252 366 367
f 252 367 368
f 252 368 369
f 252 369 370
f 252 370 371
f 252 371 372
f 252 372 373
f 252 373 374
f 252 374 500
f 252 500 375
f 252 375 376
f 252 376 253
f 252 259 377
f 252 377 378
f 252 378 379
f 252 379 380
f 252 380 366
f 254 381 382
f 254 382 256
f 254 256 383
f 254 383 255
f 254 365 384
f 254 384 385
f 254 385 386
f 254 386 387
f 254 387 388
f 254 388 381
f 255 383 256
f 256 382 257
f 257 259 258
f 257 382 389
f 257 389 377
f 257 377 259
f 260 287 263
f 260 263 261
f 262 264 390
f 262 390 265
f 263 287 264
f 264 391 390
f 264 287 392
f 264 392 391
f 265 390 266
f 266 390 269
f 266 269 268
f 269 390 393
f 269 393 394
f 269 394 395
f 269 395 270
f 270 395 396
f 270 396 271
f 271 396 395
f 271 395 397
f 271 397 398
f 271 398 399
f 271 399 272
f 272 399 400
f 272 400 274
f 274 400 401
f 274 401 277
f 274 277 276
f 277 401 400
f 277 400 402
f 277 402 280
f 277 280 278
f 278 280 279
f 280 403 281
f 280 402 404
f 280 404 403
f 281 403 328
f 281 328 282
f 284 405 406
f 284 406 407
f 284 407 285
f 284 324 408
f 284 408 405
f 285 407 286
f 286 406 409
f 286 409 287
f 286 407 406
f 287 409 410
f 287 410 392
f 288 411 291
f 288 291 290
f 288 290 289
f 291 412 413
f 291 413 414
f 291 414 415
f 291 415 292
f 291 411 412
f 292 415 416
f 292 416 293
f 293 416 417
f 293 417 294
f 294 417 418
f 294 418 419
f 294 419 420
f 294 420 421
f 294 421 422
f 294 422 295
f 295 422 423
f 295 423 424
f 295 424 425
f 295 425 426
f 295 426 296
f 296 426 427
f 296 427 428
f 296 428 297
f 297 428 429
f 297 429 298
f 298 429 430
f 298 430 431
f 298 431 299
f 299 431 432
f 299 432 300
f 300 432 301
f 301 303 302
f 301 432 433
f 301 433 434
f 301 434 303
f 303 434 304
f 304 434 305
f 305 434 306
f 306 434 307
f 307 434 435
f 307 435 436
f 307 436 308
f 308 436 311
f 308 310 309
f 311 437 312
f 311 436 435
f 311 435 437
f 312 437 438
f 312 438 313
f 313 439 314
f 313 438 439
f 314 439 440
f 314 440 316
f 316 440 441
f 316 441 442
f 316 442 443
f 316 443 317
f 317 443 444
f 317 444 320
f 317 320 318
f 320 444 445
f 320 445 446
f 320 446 323
f 320 323 322
f 321 323 447
f 321 447 448
f 321 448 449
f 321 449 450
f 321 450 325
f 323 446 448
f 323 448 447
f 324 327 451
f 324 451 408
f 325 450 452
f 325 452 326
f 326 453 454
f 326 454 327
f 326 452 455
f 326 455 453
f 327 454 453
f 327 453 451
f 328 403 456
f 328 456 334
f 328 334 329
f 329 334 330
f 331 335 336
f 331 336 457
f 331 457 332
f 332 457 458
f 332 458 459
f 332 459 337
f 332 337 333
f 334 460 336
f 334 456 461
f 334 461 460
f 336 460 457
f 337 459 462
f 337 462 338
f 338 462 463
f 338 463 340
f 339 341 464
f 339 464 465
f 339 465 342
f 340 463 466
f 340 466 467
f 340 467 341
f 341 467 464
f 342 465 464
f 342 464 468
f 342 468 469
f 342 469 470
f 342 470 343
f 343 470 471
f 343 471 344
f 344 471 472
f 344 472 345
f 345 472 473
f 345 473 347
f 346 347 474
f 346 474 475
f 346 475 476
f 346 476 477
f 346 477 478
f 346 478 348
f 347 473 479
f 347 479 480
f 347 480 474
f 348 478 349
f 349 478 477
f 349 477 351
f 351 477 352
f 352 477 481
f 352 481 482
f 352 482 354
f 353 355 358
f 354 482 483
f 354 483 355
f 355 483 484
f 355 484 358
f 356 358 485
f 356 485 360
f 356 360 359
f 358 484 485
f 360 362 361
f 360 485 486
f 360 486 362
f 362 486 487
f 362 487 488
f 362 488 363
f 363 488 365
f 365 488 384
f 366 489 490
f 366 490 367
f 366 380 379
f 366 379 491
f 366 491 489
f 367 490 492
f 367 492 370
f 367 370 368
f 368 370 369
f 370 492 493
f 370 493 494
f 370 494 495
f 370 495 371
f 371 495 496
f 371 496 497
f 371 497 372
f 372 497 373
f 373 498 499
f 373 499 500
f 373 500 374
f 373 497 498
f 375 500 376
f 376 500 502
f 376 502 499
f 376 499 503
f 376 503 504
f 376 504 505
f 376 505 506
f 376 506 507
f 376 507 501
f 377 508 509
f 377 509 510
f 377 510 511
f 377 511 512
f 377 512 513
f 377 513 514
f 377 514 515
f 377 515 516
f 377 516 517
f 377 517 378
f 377 389 518
f 377 518 519
f 377 519 520
f 377 520 521
f 377 521 522
f 377 522 508
f 378 517 379
f 379 517 523
f 379 523 491
f 381 388 524
f 381 524 382
f 382 524 389
f 384 488 385
f 385 488 386
f 386 525 526
f 386 526 527
f 386 527 387
f 386 488 525
f 387 527 528
f 387 528 388
f 388 528 529
f 388 529 530
f 388 530 531
f 388 531 524
f 389 524 518
f 390 391 532
f 390 532 533
f 390 533 393
f 391 392 534
f 391 534 535
f 391 535 536
f 391 536 537
f 391 537 538
f 391 538 539
f 391 539 540
f 391 540 533
f 391 533 532
f 392 410 541
f 392 541 534
f 393 533 542
f 393 542 394
f 394 543 544
f 394 544 545
f 394 545 546
f 394 546 395
f 394 542 547
f 394 547 548
f 394 548 543
f 395 546 397
f 397 549 550
f 397 550 398
f 397 546 551
f 397 551 549
f 398 550 399
f 399 550 549
f 399 549 400
f 400 549 551
f 400 551 552
f 400 552 553
f 400 553 554
f 400 554 555
f 400 555 556
f 400 556 557
f 400 557 402
f 402 557 559
f 402 559 404
f 403 404 558
f 403 558 456
f 404 559 560
f 404 560 561
f 404 561 562
f 404 562 558
f 405 408 563
f 405 563 564
f 405 564 406
f 406 565 566
f 406 566 567
f 406 567 568
f 406 568 541
f 406 541 410
f 406 410 409
f 406 564 563
f 406 563 569
f 406 569 565
f 408 570 563
f 408 451 570
f 411 571 412
f 412 572 573
f 412 573 413
f 412 571 572
f 413 573 574
f 413 574 575
f 413 575 414
f 414 575 416
f 414 416 415
f 416 575 417
f 417 575 576
f 417 576 577
f 417 577 418
f 418 577 578
f 418 578 579
f 418 579 580
f 418 580 419
f 419 580 420
f 420 580 579
f 420 579 581
f 420 581 582
f 420 582 583
f 420 583 421
f 421 583 422
f 422 583 424
f 422 424 423
f 424 583 584
f 424 584 585
f 424 585 586
f 424 586 425
f 425 586 426
f 426 586 587
f 426 587 427
f 427 588 428
f 427 587 589
f 427 589 588
f 428 588 429
f 429 588 430
f 430 588 590
f 430 590 591
f 430 591 431
f 431 592 433
f 431 433 432
f 431 591 593
f 431 593 437
f 431 437 594
f 431 594 592
f 433 592 434
f 434 592 437
f 434 437 435
f 437 590 595
f 437 595 596
f 437 596 438
f 437 592 594
f 437 593 590
f 438 596 439
f 439 597 598
f 439 598 599
f 439 599 600
f 439 600 601
f 439 601 441
f 439 441 440
f 439 596 597
f 441 601 442
f 442 601 602
f 442 602 443
f 443 602 444
f 444 602 603
f 444 603 604
f 444 604 445
f 445 448 446
f 445 604 448
f 448 604 605
f 448 605 449
f 449 605 606
f 449 606 450
f 450 606 452
f 451 607 570
f 451 453 608
f 451 608 609
f 451 609 610
f 451 610 607
f 452 606 611
f 452 611 612
f 452 612 779
f 452 779 613
f 452 613 614
f 452 614 455
f 453 455 608
f 455 614 615
f 455 615 608
f 456 558 730
f 456 730 616
f 456 616 461
f 457 460 618
f 457 618 617
f 457 617 458
f 458 463 462
f 458 462 459
f 458 617 466
f 458 466 463
f 460 461 618
f 461 616 782
f 461 782 619
f 461 619 618
f 464 467 468
f 466 617 620
f 466 620 621
f 466 621 467
f 467 621 468
f 468 621 469
f 469 621 622
f 469 622 623
f 469 623 624
f 469 624 470
f 470 624 625
f 470 625 626
f 470 626 471
f 471 627 473
f 471 473 472
f 471 626 628
f 471 628 627
f 473 627 479
f 474 480 475
f 475 480 629
f 475 629 630
f 475 630 631
f 475 631 476
f 476 631 477
f 477 631 481
f 479 627 480
f 480 632 633
f 480 633 634
f 480 634 629
f 480 627 635
f 480 635 632
f 481 630 636
f 481 636 482
f 481 631 630
f 482 636 483
f 483 637 484
f 483 636 637
f 484 637 638
f 484 638 485
f 485 638 633
f 485 633 639
f 485 639 640
f 485 640 486
f 486 640 641
f 486 641 487
f 487 641 642
f 487 642 643
f 487 643 644
f 487 644 525
f 487 525 488
f 489 645 646
f 489 646 647
f 489 647 648
f 489 648 490
f 489 491 649
f 489 649 650
f 489 650 645
f 490 648 492
f 491 523 649
f 492 648 647
f 492 647 651
f 492 651 493
f 493 651 652
f 493 652 653
f 493 653 654
f 493 654 494
f 494 654 655
f 494 655 656
f 494 656 495
f 495 656 657
f 495 657 658
f 495 658 496
f 496 658 498
f 496 498 497
f 498 658 659
f 498 659 499
f 499 659 504
f 499 504 503
f 499 502 500
f 501 507 661
f 501 661 662
f 501 662 660
f 504 659 663
f 504 663 664
f 504 664 665
f 504 665 505
f 505 665 506
f 506 665 666
f 506 666 667
f 506 667 507
f 507 667 668
f 507 668 669
f 507 669 670
f 507 670 662
f 507 662 661
f 508 522 671
f 508 671 672
f 508 672 673
f 508 673 509
f 509 673 674
f 509 674 675
f 509 675 676
f 509 676 677
f 509 677 510
f 510 512 511
f 510 677 512
f 512 677 678
f 512 678 679
f 512 679 680
f 512 680 681
f 512 681 682
f 512 682 513
f 513 682 683
f 513 683 684
f 513 684 514
f 514 684 685
f 514 685 686
f 514 686 687
f 514 687 515
f 515 687 688
f 515 688 689
f 515 689 516
f 516 689 517
f 517 689 649
f 517 649 523
f 518 524 690
f 518 690 691
f 518 691 520
f 518 520 519
f 520 691 692
f 520 692 522
f 520 522 521
f 522 693 671
f 522 692 694
f 522 694 528
f 522 528 693
f 524 531 691
f 524 691 690
f 525 644 695
f 525 695 696
f 525 696 697
f 525 697 526
f 526 697 698
f 526 698 699
f 526 699 527
f 527 699 528
f 528 699 698
f 528 698 700
f 528 700 701
f 528 701 702
f 528 702 674
f 528 674 693
f 528 694 703
f 528 703 529
f 529 703 530
f 530 703 704
f 530 704 705
f 530 705 692
f 530 692 531
f 531 692 691
f 533 540 542
f 534 541 535
f 535 706 707
f 535 707 708
f 535 708 536
f 535 541 709
f 535 709 706
f 536 708 537
f 537 708 710
f 537 710 538
f 538 710 711
f 538 711 712
f 538 712 543
f 538 543 548
f 538 548 539
f 539 547 540
f 539 548 547
f 540 547 542
f 541 568 713
f 541 713 714
f 541 714 715
f 541 715 716
f 541 716 709
f 543 712 544
f 544 717 545
f 544 712 718
f 544 718 719
f 544 719 717
f 545 717 546
f 546 717 552
f 546 552 551
f 552 720 553
f 552 717 721
f 552 721 722
f 552 722 720
f 553 720 723
f 553 723 724
f 553 724 725
f 553 725 554
f 554 725 726
f 554 726 555
f 555 727 556
f 555 726 727
f 556 727 728
f 556 728 559
f 556 559 557
f 558 562 729
f 558 729 730
f 559 728 731
f 559 731 560
f 560 731 732
f 560 732 561
f 561 732 733
f 561 733 562
f 562 733 729
f 563 570 569
f 565 569 734
f 565 734 735
f 565 735 736
f 565 736 567
f 565 567 566
f 567 737 713
f 567 713 568
f 567 736 738
f 567 738 739
f 567 739 737
f 569 607 734
f 569 570 607
f 571 740 572
f 572 741 742
f 572 742 573
f 572 740 743
f 572 743 744
f 572 744 745
f 572 745 741
f 573 742 746
f 573 746 574
f 574 746 747
f 574 747 748
f 574 748 576
f 574 576 575
f 576 748 749
f 576 749 750
f 576 750 577
f 577 750 578
f 578 749 751
f 578 751 752
f 578 752 579
f 578 750 749
f 579 752 581
f 581 752 582
f 582 752 753
f 582 753 584
f 582 584 583
f 584 751 754
f 584 754 586
f 584 586 585
f 584 753 752
f 584 752 751
f 586 754 755
f 586 755 587
f 587 755 751
f 587 751 589
f 588 589 590
f 589 751 756
f 589 756 595
f 589 595 590
f 590 593 591
f 595 756 751
f 595 751 597
f 595 597 596
f 597 757 758
f 597 758 759
f 597 759 760
f 597 760 761
f 597 761 762
f 597 762 763
f 597 763 598
f 597 751 757
f 598 763 764
f 598 764 765
f 598 765 766
f 598 766 599
f 599 766 600
f 600 766 767
f 600 767 601
f 601 767 611
f 601 611 606
f 601 606 603
f 601 603 602
f 603 606 605
f 603 605 604
f 607 610 734
f 608 615 614
f 608 614 768
f 608 768 609
f 609 768 769
f 609 769 770
f 609 770 771
f 609 771 772
f 609 772 610
f 610 772 773
f 610 773 734
f 611 767 774
f 611 774 775
f 611 775 776
f 611 776 777
f 611 777 778
f 611 778 612
f 612 778 779
f 613 779 614
f 614 779 769
f 614 769 768
f 616 730 780
f 616 780 781
f 616 781 782
f 617 618 620
f 618 619 783
f 618 783 784
f 618 784 785
f 618 785 620
f 619 782 783
f 620 785 786
f 620 786 622
f 620 622 621
f 622 786 787
f 622 787 623
f 623 787 788
f 623 788 624
f 624 788 625
f 625 789 626
f 625 788 790
f 625 790 789
f 626 789 791
f 626 791 628
f 627 628 635
f 628 791 792
f 628 792 635
f 629 634 630
f 630 634 636
f 632 635 793
f 632 793 794
f 632 794 795
f 632 795 796
f 632 796 633
f 633 796 795
f 633 795 797
f 633 797 639
f 633 638 637
f 633 637 636
f 633 636 634
f 635 792 643
f 635 643 793
f 639 798 640
f 639 797 798
f 640 798 799
f 640 799 641
f 641 799 800
f 641 800 642
f 642 800 801
f 642 801 643
f 643 792 802
f 643 802 803
f 643 803 696
f 643 696 695
f 643 695 644
f 643 801 795
f 643 795 793
f 645 804 805
f 645 805 646
f 645 650 649
f 645 649 806
f 645 806 807
f 645 807 808
f 645 808 804
f 646 805 651
f 646 651 647
f 649 689 807
f 649 807 806
f 651 809 652
f 651 805 810
f 651 810 809
f 652 809 811
f 652 811 812
f 652 812 653
f 653 812 813
f 653 813 814
f 653 814 815
f 653 815 654
f 654 815 816
f 654 816 664
f 654 664 663
f 654 663 655
f 655 663 656
f 656 663 659
f 656 659 657
f 657 659 658
f 660 662 818
f 660 818 817
f 662 670 819
f 662 819 820
f 662 820 821
f 662 821 818
f 664 816 665
f 665 816 822
f 665 822 823
f 665 823 813
f 665 813 824
f 665 824 666
f 666 668 667
f 666 824 825
f 666 825 826
f 666 826 668
f 668 827 669
f 668 826 825
f 668 825 828
f 668 828 829
f 668 829 830
f 668 830 827
f 669 827 670
f 670 827 819
f 671 693 672
f 672 693 674
f 672 674 673
f 674 702 831
f 674 831 832
f 674 832 833
f 674 833 675
f 675 833 834
f 675 834 677
f 675 677 676
f 677 834 678
f 678 835 679
f 678 834 835
f 679 836 837
f 679 837 838
f 679 838 839
f 679 839 840
f 679 840 841
f 679 841 680
f 679 835 836
f 680 841 842
f 680 842 683
f 680 683 681
f 681 683 682
f 683 842 685
f 683 685 684
f 685 842 843
f 685 843 844
f 685 844 845
f 685 845 846
f 685 846 847
f 685 847 686
f 686 847 848
f 686 848 849
f 686 849 850
f 686 850 851
f 686 851 852
f 686 852 853
f 686 853 854
f 686 854 687
f 687 854 688
f 688 855 689
f 688 854 856
f 688 856 855
f 689 855 807
f 692 705 694
f 694 705 857
f 694 857 703
f 696 803 697
f 697 803 698
f 698 803 700
f 700 803 858
f 700 858 859
f 700 859 701
f 701 859 860
f 701 860 702
f 702 860 831
f 703 857 705
f 703 705 704
f 706 861 707
f 706 709 716
f 706 716 861
f 707 861 862
f 707 862 863
f 707 863 708
f 708 863 864
f 708 864 865
f 708 865 866
f 708 866 710
f 710 866 711
f 711 867 868
f 711 868 718
f 711 718 712
f 711 866 869
f 711 869 870
f 711 870 871
f 711 871 872
f 711 872 867
f 713 737 714
f 714 737 715
f 715 873 874
f 715 874 716
f 715 737 873
f 716 874 875
f 716 875 876
f 716 876 861
f 717 719 721
f 718 868 877
f 718 877 719
f 719 722 721
f 719 877 878
f 719 878 879
f 719 879 722
f 720 722 880
f 720 880 723
f 722 881 880
f 722 879 882
f 722 882 883
f 722 883 881
f 723 880 724
f 724 880 884
f 724 884 885
f 724 885 886
f 724 886 887
f 724 887 732
f 724 732 888
f 724 888 725
f 725 888 726
f 726 888 727
f 727 888 731
f 727 731 728
f 729 889 730
f 729 733 889
f 730 889 780
f 731 888 732
f 732 887 890
f 732 890 889
f 732 889 733
f 734 773 735
f 735 773 736
f 736 773 738
f 737 739 873
f 738 773 772
f 738 772 891
f 738 891 739
f 739 891 892
f 739 892 893
f 739 893 874
f 739 874 873
f 741 894 895
f 741 895 742
f 741 745 896
f 741 896 894
f 742 895 1044
f 742 1044 897
f 742 897 898
f 742 898 746
f 746 898 899
f 746 899 900
f 746 900 901
f 746 901 747
f 747 901 902
f 747 902 748
f 748 902 903
f 748 903 749
f 749 903 904
f 749 904 751
f 751 755 754
f 751 904 905
f 751 905 906
f 751 906 907
f 751 907 908
f 751 908 757
f 757 908 909
f 757 909 758
f 758 909 910
f 758 910 911
f 758 911 912
f 758 912 913
f 758 913 914
f 758 914 759
f 759 915 916
f 759 916 760
f 759 914 917
f 759 917 915
f 760 916 761
f 761 918 919
f 761 919 920
f 761 920 762
f 761 916 921
f 761 921 922
f 761 922 918
f 762 920 919
f 762 919 763
f 763 919 923
f 763 923 924
f 763 924 764
f 764 925 926
f 764 926 765
f 764 924 927
f 764 927 928
f 764 928 929
f 764 929 925
f 765 926 766
f 766 926 767
f 767 926 774
f 769 779 930
f 769 930 771
f 769 771 770
f 771 930 772
f 772 930 891
f 774 926 931
f 774 931 775
f 775 931 776
f 776 931 932
f 776 932 933
f 776 933 934
f 776 934 777
f 777 934 935
f 777 935 936
f 777 936 937
f 777 937 778
f 778 936 938
f 778 938 939
f 778 939 779
f 778 937 936
f 779 939 930
f 780 889 940
f 780 940 781
f 781 940 941
f 781 941 783
f 781 783 782
f 783 942 784
f 783 941 943
f 783 943 944
f 783 944 942
f 784 942 785
f 785 942 786
f 786 942 945
f 786 945 787
f 787 945 946
f 787 946 788
f 788 946 947
f 788 947 790
f 789 790 948
f 789 948 791
f 790 947 949
f 790 949 948
f 791 948 950
f 791 950 802
f 791 802 792
f 793 795 794
f 795 801 797
f 797 800 798
f 797 801 800
f 798 800 799
f 802 950 951
f 802 951 858
f 802 858 803
f 804 952 805
f 804 808 952
f 805 952 810
f 807 953 808
f 807 855 953
f 808 953 952
f 809 810 952
f 809 952 954
f 809 954 955
f 809 955 956
f 809 956 957
f 809 957 811
f 811 825 812
f 811 957 825
f 812 825 824
f 812 824 813
f 813 823 822
f 813 822 814
f 814 822 816
f 814 816 815
f 817 818 959
f 817 959 960
f 817 960 961
f 817 961 958
f 818 821 962
f 818 962 959
f 819 827 963
f 819 963 964
f 819 964 820
f 820 965 966
f 820 966 967
f 820 967 968
f 820 968 969
f 820 969 821
f 820 964 970
f 820 970 965
f 821 971 962
f 821 969 971
f 825 957 972
f 825 972 973
f 825 973 974
f 825 974 828
f 827 830 963
f 828 974 973
f 828 973 829
f 829 973 975
f 829 975 830
f 830 975 966
f 830 966 964
f 830 964 963
f 831 860 832
f 832 976 834
f 832 834 833
f 832 860 977
f 832 977 976
f 834 976 835
f 835 978 979
f 835 979 836
f 835 976 980
f 835 980 978
f 836 979 837
f 837 979 981
f 837 981 982
f 837 982 983
f 837 983 984
f 837 984 838
f 838 985 839
f 838 984 985
f 839 985 986
f 839 986 987
f 839 987 840
f 840 987 842
f 840 842 841
f 842 987 988
f 842 988 843
f 843 988 844
f 844 989 845
f 844 988 990
f 844 990 989
f 845 989 991
f 845 991 846
f 846 991 849
f 846 849 847
f 847 849 848
f 849 991 992
f 849 992 993
f 849 993 994
f 849 994 995
f 849 995 996
f 849 996 997
f 849 997 998
f 849 998 850
f 850 998 851
f 851 998 852
f 852 998 999
f 852 999 853
f 853 999 1000
f 853 1000 1001
f 853 1001 1002
f 853 1002 854
f 854 1002 1003
f 854 1003 856
f 855 856 1004
f 855 1004 1005
f 855 1005 953
f 856 1003 1006
f 856 1006 1007
f 856 1007 1004
f 858 951 1008
f 858 1008 859
f 859 1008 860
f 860 1008 1009
f 860 1009 1010
f 860 1010 1011
f 860 1011 976
f 860 976 977
f 861 876 862
f 862 1012 864
f 862 864 863
f 862 876 1013
f 862 1013 1012
f 864 1012 865
f 865 1014 866
f 865 1012 1013
f 865 1013 1014
f 866 1014 1015
f 866 1015 1016
f 866 1016 1017
f 866 1017 1018
f 866 1018 869
f 867 878 877
f 867 877 868
f 867 872 1019
f 867 1019 878
f 869 1018 870
f 870 1017 1020
f 870 1020 1021
f 870 1021 1022
f 870 1022 871
f 870 1018 1017
f 871 1022 1023
f 871 1023 1024
f 871 1024 872
f 872 1024 1019
f 874 893 1013
f 874 1013 875
f 875 1013 876
f 878 1025 879
f 878 1019 1026
f 878 1026 1025
f 879 1025 1027
f 879 1027 882
f 880 881 884
f 881 883 1028
f 881 1028 885
f 881 885 884
f 882 1027 1029
f 882 1029 1030
f 882 1030 1031
f 882 1031 1032
f 882 1032 883
f 883 1032 1028
f 885 1028 886
f 886 1033 887
f 886 1028 1034
f 886 1034 1033
f 887 1033 1035
f 887 1035 890
f 889 1036 940
f 889 890 1036
f 890 1035 1037
f 890 1037 1038
f 890 1038 941
f 890 941 940
f 890 940 1036
f 891 930 892
f 892 938 936
f 892 936 1039
f 892 1039 1040
f 892 1040 893
f 892 930 938
f 893 1040 1013
f 894 1041 1043
f 894 1043 895
f 894 896 1042
f 894 1042 1041
f 895 1043 1044
f 897 1044 1045
f 897 1045 1046
f 897 1046 1047
f 897 1047 1048
f 897 1048 1049
f 897 1049 1050
f 897 1050 898
f 898 1050 1057
f 898 1057 1051
f 898 1051 899
f 899 1051 912
f 899 912 900
f 900 912 1052
f 900 1052 1053
f 900 1053 1054
f 900 1054 902
f 900 902 901
f 902 1054 905
f 902 905 904
f 902 904 903
f 905 1054 906
f 906 1054 907
f 907 1054 1055
f 907 1055 908
f 908 1055 909
f 909 1055 1056
f 909 1056 910
f 910 1056 1053
f 910 1053 1052
f 910 1052 912
f 910 912 911
f 912 1051 1057
f 912 1057 1058
f 912 1058 917
f 912 917 914
f 912 914 913
f 915 917 1059
f 915 1059 921
f 915 921 916
f 917 1060 1061
f 917 1061 921
f 917 921 1059
f 917 1058 1062
f 917 1062 1048
f 917 1048 1063
f 917 1063 1064
f 917 1064 1060
f 918 1065 1066
f 918 1066 919
f 918 922 1067
f 918 1067 1068
f 918 1068 1065
f 919 1066 1069
f 919 1069 1070
f 919 1070 923
f 921 1071 922
f 921 1061 1072
f 921 1072 1073
f 921 1073 1074
f 921 1074 1071
f 922 1071 1075
f 922 1075 1067
f 923 1070 924
f 924 1070 927
f 925 929 1076
f 925 1076 926
f 926 1076 1077
f 926 1077 1078
f 926 1078 931
f 927 1070 928
f 928 1070 1079
f 928 1079 1080
f 928 1080 1076
f 928 1076 929
f 930 939 938
f 931 1078 932
f 932 1078 1081
f 932 1081 933
f 933 1082 1083
f 933 1083 934
f 933 1081 1082
f 934 1083 1084
f 934 1084 1085
f 934 1085 1039
f 934 1039 936
f 934 936 935
f 941 1038 943
f 942 944 943
f 942 943 945
f 943 1038 1086
f 943 1086 945
f 945 1086 1087
f 945 1087 1088
f 945 1088 1089
f 945 1089 946
f 946 1089 1090
f 946 1090 1091
f 946 1091 947
f 947 1091 949
f 948 949 1092
f 948 1092 950
f 949 1091 1093
f 949 1093 1092
f 950 1092 951
f 951 1092 1094
f 951 1094 1008
f 952 953 1095
f 952 1095 1096
f 952 1096 954
f 953 1005 1095
f 954 1096 955
f 955 1097 1098
f 955 1098 1099
f 955 1099 956
f 955 1096 1100
f 955 1100 1101
f 955 1101 1102
f 955 1102 1097
f 956 1099 957
f 957 1099 1103
f 957 1103 1104
f 957 1104 1105
f 957 1105 972
f 958 961 1106
f 959 961 960
f 959 962 1107
f 959 1107 1108
f 959 1108 961
f 961 1108 1109
f 961 1109 1110
f 961 1110 1111
f 961 1111 1106
f 962 971 1112
f 962 1112 1113
f 962 1113 1114
f 962 1114 1107
f 964 966 970
f 965 970 966
f 966 975 973
f 966 973 1115
f 966 1115 967
f 967 1115 1116
f 967 1116 1117
f 967 1117 968
f 968 1117 1118
f 968 1118 969
f 969 1118 971
f 971 1118 1112
f 972 1105 1119
f 972 1119 973
f 973 1119 1115
f 976 1011 1010
f 976 1010 980
f 978 1120 979
f 978 980 1120
f 979 1120 1121
f 979 1121 1122
f 979 1122 981
f 980 1123 1124
f 980 1124 1120
f 980 1010 1123
f 981 1122 1125
f 981 1125 982
f 982 1125 1126
f 982 1126 1127
f 982 1127 983
f 983 1127 992
f 983 992 991
f 983 991 984
f 984 991 985
f 985 991 1128
f 985 1128 986
f 986 1128 1129
f 986 1129 987
f 987 1129 990
f 987 990 988
f 989 990 1129
f 989 1129 1128
f 989 1128 991
f 992 1130 993
f 992 1127 1126
f 992 1126 1131
f 992 1131 1130
f 993 1130 1131
f 993 1131 1132
f 993 1132 1133
f 993 1133 1134
f 993 1134 1135
f 993 1135 1136
f 993 1136 1137
f 993 1137 994
f 994 1137 1138
f 994 1138 995
f 995 1138 1139
f 995 1139 1140
f 995 1140 1141
f 995 1141 1142
f 995 1142 1143
f 995 1143 996
f 996 1143 1142
f 996 1142 1000
f 996 1000 997
f 997 1000 998
f 998 1000 999
f 1000 1142 1144
f 1000 1144 1145
f 1000 1145 1001
f 1001 1146 1002
f 1001 1145 1146
f 1002 1146 1147
f 1002 1147 1148
f 1002 1148 1003
f 1003 1148 1149
f 1003 1149 1150
f 1003 1150 1006
f 1004 1007 1005
f 1005 1007 1096
f 1005 1096 1095
f 1006 1150 1151
f 1006 1151 1152
f 1006 1152 1101
f 1006 1101 1100
f 1006 1100 1007
f 1007 1100 1096
f 1008 1094 1123
f 1008 1123 1009
f 1009 1123 1010
f 1013 1040 1153
f 1013 1153 1014
f 1014 1153 1015
f 1015 1153 1154
f 1015 1154 1155
f 1015 1155 1156
f 1015 1156 1016
f 1016 1156 1017
f 1017 1156 1157
f 1017 1157 1021
f 1017 1021 1158
f 1017 1158 1020
f 1019 1159 1026
f 1019 1024 1023
f 1019 1023 1160
f 1019 1160 1161
f 1019 1161 1162
f 1019 1162 1163
f 1019 1163 1164
f 1019 1164 1159
f 1020 1158 1021
f 1021 1157 1156
f 1021 1156 1165
f 1021 1165 1166
f 1021 1166 1167
f 1021 1167 1168
f 1021 1168 1023
f 1021 1023 1022
f 1023 1168 1160
f 1025 1029 1027
f 1025 1026 1159
f 1025 1159 1169
f 1025 1169 1170
f 1025 1170 1029
f 1028 1171 1034
f 1028 1032 1171
f 1029 1170 1172
f 1029 1172 1173
f 1029 1173 1030
f 1030 1173 1174
f 1030 1174 1031
f 1031 1174 1175
f 1031 1175 1032
f 1032 1176 1171
f 1032 1175 1177
f 1032 1177 1178
f 1032 1178 1176
f 1033 1179 1035
f 1033 1034 1171
f 1033 1171 1180
f 1033 1180 1181
f 1033 1181 1179
f 1035 1179 1182
f 1035 1182 1183
f 1035 1183 1037
f 1037 1183 1184
f 1037 1184 1185
f 1037 1185 1038
f 1038 1185 1086
f 1039 1085 1154
f 1039 1154 1040
f 1040 1154 1153
f 1041 1186 1043
f 1041 1042 1187
f 1041 1187 1186
f 1043 1188 1044
f 1043 1186 1188
f 1044 1188 1189
f 1044 1189 1190
f 1044 1190 1191
f 1044 1191 1192
f 1044 1192 1046
f 1044 1046 1045
f 1046 1192 1047
f 1047 1192 1064
f 1047 1064 1063
f 1047 1063 1048
f 1048 1062 1049
f 1049 1062 1050
f 1050 1062 1057
f 1053 1056 1055
f 1053 1055 1054
f 1057 1062 1058
f 1060 1072 1061
f 1060 1064 1192
f 1060 1192 1193
f 1060 1193 1072
f 1065 1068 1194
f 1065 1194 1195
f 1065 1195 1066
f 1066 1195 1069
f 1067 1075 1196
f 1067 1196 1068
f 1068 1196 1197
f 1068 1197 1198
f 1068 1198 1194
f 1069 1195 1199
f 1069 1199 1079
f 1069 1079 1070
f 1071 1200 1075
f 1071 1074 1207
f 1071 1207 1201
f 1071 1201 1202
f 1071 1202 1203
f 1071 1203 1200
f 1072 1204 1205
f 1072 1205 1206
f 1072 1206 1207
f 1072 1207 1074
f 1072 1074 1073
f 1072 1193 1208
f 1072 1208 1209
f 1072 1209 1210
f 1072 1210 1211
f 1072 1211 1212
f 1072 1212 1204
f 1075 1213 1196
f 1075 1200 1214
f 1075 1214 1213
f 1076 1080 1215
f 1076 1215 1216
f 1076 1216 1078
f 1076 1078 1077
f 1078 1216 1217
f 1078 1217 1081
f 1079 1199 1218
f 1079 1218 1219
f 1079 1219 1080
f 1080 1219 1220
f 1080 1220 1215
f 1081 1217 1221
f 1081 1221 1222
f 1081 1222 1223
f 1081 1223 1082
f 1082 1224 1225
f 1082 1225 1083
f 1082 1223 1224
f 1083 1225 1226
f 1083 1226 1154
f 1083 1154 1227
f 1083 1227 1084
f 1084 1227 1085
f 1085 1227 1154
f 1086 1185 1228
f 1086 1228 1088
f 1086 1088 1087
f 1088 1228 1229
f 1088 1229 1230
f 1088 1230 1231
f 1088 1231 1090
f 1088 1090 1089
f 1090 1231 1091
f 1091 1231 1232
f 1091 1232 1233
f 1091 1233 1093
f 1092 1093 1233
f 1092 1233 1234
f 1092 1234 1235
f 1092 1235 1236
f 1092 1236 1094
f 1094 1236 1123
f 1097 1237 1103
f 1097 1103 1098
f 1097 1102 1238
f 1097 1238 1239
f 1097 1239 1240
f 1097 1240 1237
f 1098 1103 1099
f 1101 1152 1102
f 1102 1152 1238
f 1103 1237 1104
f 1104 1237 1241
f 1104 1241 1242
f 1104 1242 1243
f 1104 1243 1244
f 1104 1244 1245
f 1104 1245 1105
f 1105 1245 1119
f 1106 1111 1246
f 1107 1114 1247
f 1107 1247 1248
f 1107 1248 1249
f 1107 1249 1108
f 1108 1249 1250
f 1108 1250 1109
f 1109 1251 1110
f 1109 1250 1252
f 1109 1252 1251
f 1110 1251 1253
f 1110 1253 1254
f 1110 1254 1255
f 1110 1255 1256
f 1110 1256 1111
f 1111 1256 1257
f 1111 1257 1258
f 1111 1258 1246
f 1112 1117 1113
f 1112 1118 1117
f 1113 1117 1116
f 1113 1116 1259
f 1113 1259 1260
f 1113 1260 1261
f 1113 1261 1262
f 1113 1262 1263
f 1113 1263 1264
f 1113 1264 1265
f 1113 1265 1114
f 1114 1265 1248
f 1114 1248 1247
f 1115 1119 1266
f 1115 1266 1116
f 1116 1266 1267
f 1116 1267 1268
f 1116 1268 1259
f 1119 1245 1266
f 1120 1269 1270
f 1120 1270 1121
f 1120 1124 1123
f 1120 1123 1271
f 1120 1271 1235
f 1120 1235 1272
f 1120 1272 1269
f 1121 1270 1273
f 1121 1273 1122
f 1122 1273 1132
f 1122 1132 1274
f 1122 1274 1131
f 1122 1131 1275
f 1122 1275 1125
f 1123 1236 1235
f 1123 1235 1271
f 1125 1275 1131
f 1125 1131 1126
f 1131 1274 1132
f 1132 1273 1133
f 1133 1276 1134
f 1133 1273 1277
f 1133 1277 1276
f 1134 1276 1278
f 1134 1278 1135
f 1135 1278 1136
f 1136 1279 1280
f 1136 1280 1137
f 1136 1278 1281
f 1136 1281 1282
f 1136 1282 1283
f 1136 1283 1279
f 1137 1280 1284
f 1137 1284 1285
f 1137 1285 1138
f 1138 1285 1286
f 1138 1286 1139
f 1139 1286 1287
f 1139 1287 1288
f 1139 1288 1289
f 1139 1289 1290
f 1139 1290 1140
f 1140 1290 1291
f 1140 1291 1144
f 1140 1144 1142
f 1140 1142 1141
f 1144 1292 1145
f 1144 1291 1292
f 1145 1292 1293
f 1145 1293 1146
f 1146 1293 1147
f 1147 1294 1148
f 1147 1293 1295
f 1147 1295 1294
f 1148 1294 1296
f 1148 1296 1149
f 1149 1296 1297
f 1149 1297 1298
f 1149 1298 1241
f 1149 1241 1240
f 1149 1240 1150
f 1150 1240 1239
f 1150 1239 1151
f 1151 1239 1238
f 1151 1238 1152
f 1154 1226 1225
f 1154 1225 1299
f 1154 1299 1167
f 1154 1167 1166
f 1154 1166 1155
f 1155 1166 1165
f 1155 1165 1300
f 1155 1300 1156
f 1156 1300 1165
f 1159 1164 1169
f 1160 1168 1301
f 1160 1301 1161
f 1161 1301 1302
f 1161 1302 1162
f 1162 1302 1163
f 1163 1302 1303
f 1163 1303 1169
f 1163 1169 1164
f 1167 1225 1168
f 1167 1299 1225
f 1168 1225 1224
f 1168 1224 1304
f 1168 1304 1301
f 1169 1305 1306
f 1169 1306 1172
f 1169 1172 1170
f 1169 1303 1307
f 1169 1307 1305
f 1171 1308 1180
f 1171 1176 1308
f 1172 1306 1173
f 1173 1309 1174
f 1173 1306 1309
f 1174 1309 1310
f 1174 1310 1311
f 1174 1311 1175
f 1175 1311 1312
f 1175 1312 1177
f 1176 1178 1313
f 1176 1313 1314
f 1176 1314 1308
f 1177 1312 1315
f 1177 1315 1316
f 1177 1316 1317
f 1177 1317 1318
f 1177 1318 1319
f 1177 1319 1320
f 1177 1320 1178
f 1178 1320 1313
f 1179 1181 1321
f 1179 1321 1182
f 1180 1308 1181
f 1181 1308 1314
f 1181 1314 1322
f 1181 1322 1321
f 1182 1321 1323
f 1182 1323 1324
f 1182 1324 1325
f 1182 1325 1326
f 1182 1326 1183
f 1183 1326 1184
f 1184 1326 1327
f 1184 1327 1328
f 1184 1328 1185
f 1185 1328 1228
f 1186 1329 1188
f 1186 1187 1330
f 1186 1330 1331
f 1186 1331 1332
f 1186 1332 1329
f 1188 1329 1333
f 1188 1333 1189
f 1189 1333 1334
f 1189 1334 1335
f 1189 1335 1208
f 1189 1208 1190
f 1190 1208 1193
f 1190 1193 1191
f 1191 1193 1192
f 1194 1198 1336
f 1194 1336 1337
f 1194 1337 1338
f 1194 1338 1195
f 1195 1338 1339
f 1195 1339 1199
f 1196 1213 1197
f 1197 1213 1340
f 1197 1340 1198
f 1198 1340 1341
f 1198 1341 1336
f 1199 1339 1342
f 1199 1342 1218
f 1200 1343 1214
f 1200 1203 1344
f 1200 1344 1345
f 1200 1345 1346
f 1200 1346 1343
f 1201 1207 1347
f 1201 1347 1348
f 1201 1348 1202
f 1202 1348 1349
f 1202 1349 1350
f 1202 1350 1203
f 1203 1350 1351
f 1203 1351 1344
f 1204 1212 1352
f 1204 1352 1205
f 1205 1352 1347
f 1205 1347 1207
f 1205 1207 1206
f 1208 1335 1209
f 1209 1335 1353
f 1209 1353 1354
f 1209 1354 1210
f 1210 1354 1211
f 1211 1354 1355
f 1211 1355 1356
f 1211 1356 1357
f 1211 1357 1358
f 1211 1358 1359
f 1211 1359 1360
f 1211 1360 1212
f 1212 1360 1361
f 1212 1361 1352
f 1213 1214 1362
f 1213 1362 1363
f 1213 1363 1364
f 1213 1364 1365
f 1213 1365 1366
f 1213 1366 1367
f 1213 1367 1340
f 1214 1343 1368
f 1214 1368 1362
f 1215 1220 1369
f 1215 1369 1370
f 1215 1370 1216
f 1216 1370 1217
f 1217 1370 1221
f 1218 1342 1491
f 1218 1491 1644
f 1218 1644 1811
f 1218 1811 1763
f 1218 1763 1762
f 1218 1762 1598
f 1218 1598 1597
f 1218 1597 1528
f 1218 1528 1371
f 1218 1371 1220
f 1218 1220 1219
f 1220 1371 1369
f 1221 1370 1222
f 1222 1372 1373
f 1222 1373 1223
f 1222 1370 1374
f 1222 1374 1375
f 1222 1375 1372
f 1223 1373 1224
f 1224 1373 1304
f 1228 1328 1229
f 1229 1376 1230
f 1229 1328 1377
f 1229 1377 1378
f 1229 1378 1376
f 1230 1376 1379
f 1230 1379 1231
f 1231 1379 1380
f 1231 1380 1232
f 1232 1380 1381
f 1232 1381 1382
f 1232 1382 1233
f 1233 1382 1383
f 1233 1383 1234
f 1234 1383 1382
f 1234 1382 1384
f 1234 1384 1385
f 1234 1385 1386
f 1234 1386 1269
f 1234 1269 1272
f 1234 1272 1235
f 1237 1240 1241
f 1241 1298 1242
f 1242 1298 1297
f 1242 1297 1243
f 1243 1297 1387
f 1243 1387 1388
f 1243 1388 1244
f 1244 1389 1245
f 1244 1388 1390
f 1244 1390 1391
f 1244 1391 1389
f 1245 1389 1266
f 1248 1265 1264
f 1248 1264 1392
f 1248 1392 1249
f 1249 1392 1250
f 1250 1393 1394
f 1250 1394 1252
f 1250 1392 1393
f 1251 1252 1395
f 1251 1395 1396
f 1251 1396 1253
f 1252 1397 1395
f 1252 1394 1398
f 1252 1398 1397
f 1253 1396 1399
f 1253 1399 1254
f 1254 1399 1400
f 1254 1400 1401
f 1254 1401 1402
f 1254 1402 1403
f 1254 1403 1404
f 1254 1404 1405
f 1254 1405 1255
f 1255 1405 1406
f 1255 1406 1256
f 1256 1405 1407
f 1256 1407 1257
f 1256 1406 1405
f 1257 1407 1408
f 1259 1409 1260
f 1259 1268 1410
f 1259 1410 1409
f 1260 1409 1411
f 1260 1411 1261
f 1261 1412 1262
f 1261 1411 1413
f 1261 1413 1412
f 1262 1414 1415
f 1262 1415 1416
f 1262 1416 1392
f 1262 1392 1417
f 1262 1417 1263
f 1262 1412 1414
f 1263 1417 1264
f 1264 1417 1392
f 1266 1389 1418
f 1266 1418 1267
f 1267 1418 1419
f 1267 1419 1420
f 1267 1420 1421
f 1267 1421 1422
f 1267 1422 1423
f 1267 1423 1268
f 1268 1423 1410
f 1269 1386 1270
f 1270 1386 1424
f 1270 1424 1273
f 1273 1424 1425
f 1273 1425 1277
f 1276 1277 1278
f 1277 1425 1426
f 1277 1426 1427
f 1277 1427 1278
f 1278 1427 1281
f 1279 1283 1428
f 1279 1428 1280
f 1280 1429 1430
f 1280 1430 1284
f 1280 1428 1431
f 1280 1431 1432
f 1280 1432 1433
f 1280 1433 1434
f 1280 1434 1429
f 1281 1427 1426
f 1281 1426 1282
f 1282 1426 1431
f 1282 1431 1283
f 1283 1431 1428
f 1284 1430 1435
f 1284 1435 1285
f 1285 1435 1286
f 1286 1435 1436
f 1286 1436 1287
f 1287 1437 1438
f 1287 1438 1288
f 1287 1436 1437
f 1288 1438 1289
f 1289 1438 1290
f 1290 1438 1439
f 1290 1439 1291
f 1291 1439 1440
f 1291 1440 1292
f 1292 1441 1293
f 1292 1440 1441
f 1293 1441 1295
f 1294 1442 1296
f 1294 1295 1443
f 1294 1443 1444
f 1294 1444 1442
f 1295 1441 1445
f 1295 1445 1446
f 1295 1446 1443
f 1296 1442 1447
f 1296 1447 1390
f 1296 1390 1387
f 1296 1387 1297
f 1301 1304 1448
f 1301 1448 1302
f 1302 1449 1450
f 1302 1450 1303
f 1302 1448 1451
f 1302 1451 1449
f 1303 1450 1307
f 1304 1373 1452
f 1304 1452 1451
f 1304 1451 1448
f 1305 1307 1306
f 1306 1307 1453
f 1306 1453 1454
f 1306 1454 1310
f 1306 1310 1309
f 1307 1455 1454
f 1307 1454 1453
f 1307 1450 1451
f 1307 1451 1456
f 1307 1456 1457
f 1307 1457 1458
f 1307 1458 1459
f 1307 1459 1455
f 1310 1454 1460
f 1310 1460 1311
f 1311 1460 1312
f 1312 1460 1461
f 1312 1461 1315
f 1313 1462 1314
f 1313 1320 1463
f 1313 1463 1462
f 1314 1462 1464
f 1314 1464 1322
f 1315 1461 1465
f 1315 1465 1316
f 1316 1466 1317
f 1316 1465 1466
f 1317 1466 1467
f 1317 1467 1468
f 1317 1468 1318
f 1318 1320 1319
f 1318 1468 1469
f 1318 1469 1320
f 1320 1469 1470
f 1320 1470 1463
f 1321 1322 1464
f 1321 1464 1323
f 1323 1464 1471
f 1323 1471 1472
f 1323 1472 1473
f 1323 1473 1324
f 1324 1473 1474
f 1324 1474 1325
f 1325 1474 1326
f 1326 1474 1475
f 1326 1475 1327
f 1327 1475 1476
f 1327 1476 1377
f 1327 1377 1328
f 1329 1477 1478
f 1329 1478 1479
f 1329 1479 1480
f 1329 1480 1333
f 1329 1332 1481
f 1329 1481 1482
f 1329 1482 1477
f 1333 1480 1483
f 1333 1483 1484
f 1333 1484 1334
f 1334 1484 1485
f 1334 1485 1486
f 1334 1486 1335
f 1335 1486 1355
f 1335 1355 1353
f 1336 1487 1337
f 1336 1341 1488
f 1336 1488 1487
f 1337 1489 1490
f 1337 1490 1338
f 1337 1487 1489
f 1338 1490 1339
f 1339 1491 1342
f 1339 1490 1492
f 1339 1492 1491
f 1340 1367 1493
f 1340 1493 1341
f 1341 1493 1488
f 1343 1494 1495
f 1343 1495 1368
f 1343 1346 1345
f 1343 1345 1494
f 1344 1351 1496
f 1344 1496 1497
f 1344 1497 1498
f 1344 1498 1345
f 1345 1499 1494
f 1345 1498 1500
f 1345 1500 1499
f 1347 1352 1501
f 1347 1501 1502
f 1347 1502 1503
f 1347 1503 1504
f 1347 1504 1349
f 1347 1349 1348
f 1349 1504 1350
f 1350 1504 1351
f 1351 1505 1506
f 1351 1506 1496
f 1351 1504 1505
f 1352 1361 1501
f 1353 1355 1354
f 1355 1486 1356
f 1356 1486 1485
f 1356 1485 1357
f 1357 1485 1483
f 1357 1483 1635
f 1357 1635 1507
f 1357 1507 1358
f 1358 1507 1508
f 1358 1508 1509
f 1358 1509 1510
f 1358 1510 1511
f 1358 1511 1360
f 1358 1360 1359
f 1360 1511 1361
f 1361 1511 1501
f 1362 1368 1512
f 1362 1512 1363
f 1363 1513 1364
f 1363 1512 1514
f 1363 1514 1515
f 1363 1515 1516
f 1363 1516 1513
f 1364 1513 1517
f 1364 1517 1365
f 1365 1518 1366
f 1365 1517 1518
f 1366 1518 1519
f 1366 1519 1520
f 1366 1520 1367
f 1367 1520 1521
f 1367 1521 1522
f 1367 1522 1523
f 1367 1523 1524
f 1367 1524 1525
f 1367 1525 1526
f 1367 1526 1493
f 1368 1495 1527
f 1368 1527 1512
f 1369 1374 1370
f 1369 1371 1374
f 1371 1528 1529
f 1371 1529 1530
f 1371 1530 1375
f 1371 1375 1374
f 1372 1531 1452
f 1372 1452 1373
f 1372 1375 1531
f 1375 1530 1529
f 1375 1529 1532
f 1375 1532 1533
f 1375 1533 1531
f 1376 1378 1534
f 1376 1534 1379
f 1377 1476 1535
f 1377 1535 1378
f 1378 1535 1536
f 1378 1536 1534
f 1379 1534 1380
f 1380 1534 1537
f 1380 1537 1538
f 1380 1538 1381
f 1381 1538 1385
f 1381 1385 1382
f 1382 1385 1384
f 1385 1538 1539
f 1385 1539 1540
f 1385 1540 1541
f 1385 1541 1424
f 1385 1424 1386
f 1387 1390 1388
f 1389 1391 1542
f 1389 1542 1418
f 1390 1447 1391
f 1391 1447 1543
f 1391 1543 1542
f 1392 1416 1393
f 1393 1416 1394
f 1394 1416 1415
f 1394 1415 1414
f 1394 1414 1398
f 1395 1397 1544
f 1395 1544 1545
f 1395 1545 1546
f 1395 1546 1396
f 1396 1547 1399
f 1396 1546 1545
f 1396 1545 1548
f 1396 1548 1549
f 1396 1549 1547
f 1397 1398 1550
f 1397 1550 1544
f 1398 1414 1551
f 1398 1551 1550
f 1399 1547 1552
f 1399 1552 1400
f 1400 1552 1553
f 1400 1553 1401
f 1401 1553 1554
f 1401 1554 1555
f 1401 1555 1402
f 1402 1555 1403
f 1403 1555 1556
f 1403 1556 1557
f 1403 1557 1404
f 1404 1407 1405
f 1404 1557 1558
f 1404 1558 1559
f 1404 1559 1560
f 1404 1560 1561
f 1404 1561 1408
f 1404 1408 1407
f 1409 1410 1562
f 1409 1562 1563
f 1409 1563 1411
f 1410 1423 1564
f 1410 1564 1565
f 1410 1565 1566
f 1410 1566 1562
f 1411 1563 1567
f 1411 1567 1568
f 1411 1568 1569
f 1411 1569 1570
f 1411 1570 1571
f 1411 1571 1413
f 1412 1572 1414
f 1412 1413 1573
f 1412 1573 1574
f 1412 1574 1575
f 1412 1575 1572
f 1413 1571 1573
f 1414 1572 1576
f 1414 1576 1551
f 1418 1542 1419
f 1419 1542 1577
f 1419 1577 1420
f 1420 1577 1578
f 1420 1578 1421
f 1421 1579 1580
f 1421 1580 1581
f 1421 1581 1582
f 1421 1582 1583
f 1421 1583 1565
f 1421 1565 1584
f 1421 1584 1564
f 1421 1564 1422
f 1421 1578 1585
f 1421 1585 1447
f 1421 1447 1442
f 1421 1442 1579
f 1422 1564 1423
f 1424 1541 1425
f 1425 1541 1426
f 1426 1541 1540
f 1426 1540 1431
f 1429 1434 1586
f 1429 1586 1587
f 1429 1587 1588
f 1429 1588 1430
f 1430 1588 1435
f 1431 1540 1589
f 1431 1589 1590
f 1431 1590 1591
f 1431 1591 1592
f 1431 1592 1433
f 1431 1433 1432
f 1433 1593 1594
f 1433 1594 1434
f 1433 1592 1590
f 1433 1590 1593
f 1434 1594 1586
f 1435 1588 1436
f 1436 1595 1437
f 1436 1588 1595
f 1437 1596 1597
f 1437 1597 1438
f 1437 1595 1596
f 1438 1597 1598
f 1438 1598 1439
f 1439 1598 1599
f 1439 1599 1440
f 1440 1599 1600
f 1440 1600 1601
f 1440 1601 1441
f 1441 1601 1602
f 1441 1602 1445
f 1442 1444 1603
f 1442 1603 1604
f 1442 1604 1605
f 1442 1605 1579
f 1443 1446 1606
f 1443 1606 1444
f 1444 1606 1607
f 1444 1607 1603
f 1445 1602 1608
f 1445 1608 1446
f 1446 1608 1609
f 1446 1609 1606
f 1447 1585 1543
f 1449 1451 1450
f 1451 1452 1456
f 1452 1610 1456
f 1452 1531 1610
f 1454 1455 1459
f 1454 1459 1458
f 1454 1458 1610
f 1454 1610 1460
f 1456 1610 1457
f 1457 1610 1458
f 1460 1610 1461
f 1461 1610 1465
f 1462 1471 1464
f 1462 1463 1611
f 1462 1611 1612
f 1462 1612 1471
f 1463 1470 1611
f 1465 1610 1613
f 1465 1613 1614
f 1465 1614 1615
f 1465 1615 1466
f 1466 1615 1467
f 1467 1615 1616
f 1467 1616 1468
f 1468 1617 1618
f 1468 1618 1619
f 1468 1619 1469
f 1468 1616 1617
f 1469 1619 1470
f 1470 1619 1620
f 1470 1620 1611
f 1471 1612 1621
f 1471 1621 1622
f 1471 1622 1472
f 1472 1622 1623
f 1472 1623 1624
f 1472 1624 1473
f 1473 1625 1474
f 1473 1624 1626
f 1473 1626 1625
f 1474 1625 1627
f 1474 1627 1475
f 1475 1627 1476
f 1476 1627 1628
f 1476 1628 1629
f 1476 1629 1535
f 1477 1482 1630
f 1477 1630 1631
f 1477 1631 1478
f 1478 1631 1632
f 1478 1632 1633
f 1478 1633 1479
f 1479 1633 1634
f 1479 1634 1480
f 1480 1634 1635
f 1480 1635 1483
f 1482 1636 1637
f 1482 1637 1638
f 1482 1638 1630
f 1483 1485 1484
f 1487 1488 1639
f 1487 1639 1640
f 1487 1640 1641
f 1487 1641 1489
f 1488 1493 1642
f 1488 1642 1639
f 1489 1641 1490
f 1490 1641 1643
f 1490 1643 1492
f 1491 1492 1645
f 1491 1645 1646
f 1491 1646 1644
f 1492 1647 1648
f 1492 1648 1645
f 1492 1643 1647
f 1493 1526 1649
f 1493 1649 1650
f 1493 1650 1651
f 1493 1651 1642
f 1494 1499 1652
f 1494 1652 1495
f 1495 1652 1527
f 1496 1506 1653
f 1496 1653 1654
f 1496 1654 1655
f 1496 1655 1656
f 1496 1656 1657
f 1496 1657 1497
f 1497 1658 1659
f 1497 1659 1498
f 1497 1657 1658
f 1498 1659 1500
f 1499 1527 1652
f 1499 1500 1527
f 1500 1659 1658
f 1500 1658 1527
f 1501 1511 1510
f 1501 1510 1509
f 1501 1509 1502
f 1502 1509 1503
f 1503 1509 1660
f 1503 1660 1661
f 1503 1661 1662
f 1503 1662 1663
f 1503 1663 1505
f 1503 1505 1504
f 1505 1663 1664
f 1505 1664 1506
f 1506 1663 1665
f 1506 1665 1653
f 1506 1664 1663
f 1507 1635 1508
f 1508 1635 1634
f 1508 1634 1660
f 1508 1660 1509
f 1512 1527 1658
f 1512 1658 1514
f 1513 1666 1667
f 1513 1667 1674
f 1513 1674 1517
f 1513 1516 1666
f 1514 1658 1668
f 1514 1668 1669
f 1514 1669 1670
f 1514 1670 1516
f 1514 1516 1515
f 1516 1670 1671
f 1516 1671 1672
f 1516 1672 1666
f 1517 1673 1518
f 1517 1674 1675
f 1517 1675 1522
f 1517 1522 1673
f 1518 1673 1676
f 1518 1676 1519
f 1519 1521 1520
f 1519 1676 1522
f 1519 1522 1521
f 1522 1675 1677
f 1522 1677 1678
f 1522 1678 1679
f 1522 1679 1680
f 1522 1680 1681
f 1522 1681 1682
f 1522 1682 1523
f 1522 1676 1673
f 1523 1682 1683
f 1523 1683 1684
f 1523 1684 1524
f 1524 1684 1683
f 1524 1683 1685
f 1524 1685 1525
f 1525 1686 1526
f 1525 1685 1687
f 1525 1687 1688
f 1525 1688 1689
f 1525 1689 1690
f 1525 1690 1686
f 1526 1686 1691
f 1526 1691 1692
f 1526 1692 1649
f 1528 1597 1693
f 1528 1693 1694
f 1528 1694 1529
f 1529 1694 1855
f 1529 1855 1695
f 1529 1695 1532
f 1531 1533 1696
f 1531 1696 1610
f 1532 1695 1697
f 1532 1697 1533
f 1533 1697 1776
f 1533 1776 1613
f 1533 1613 1610
f 1533 1610 1696
f 1534 1536 1537
f 1535 1629 1698
f 1535 1698 1699
f 1535 1699 1536
f 1536 1699 1538
f 1536 1538 1537
f 1538 1699 1540
f 1538 1540 1539
f 1540 1700 1589
f 1540 1699 1700
f 1542 1543 1701
f 1542 1701 1577
f 1543 1585 1701
f 1544 1550 1702
f 1544 1702 1703
f 1544 1703 1545
f 1545 1703 1704
f 1545 1704 1548
f 1547 1705 1552
f 1547 1549 1706
f 1547 1706 1707
f 1547 1707 1705
f 1548 1704 1708
f 1548 1708 1549
f 1549 1708 1709
f 1549 1709 1706
f 1550 1551 1576
f 1550 1576 1702
f 1552 1710 1553
f 1552 1705 1711
f 1552 1711 1712
f 1552 1712 1710
f 1553 1710 1713
f 1553 1713 1714
f 1553 1714 1715
f 1553 1715 1716
f 1553 1716 1717
f 1553 1717 1718
f 1553 1718 1719
f 1553 1719 1554
f 1554 1719 1555
f 1555 1719 1556
f 1556 1719 1557
f 1557 1719 1558
f 1558 1719 1720
f 1562 1566 1565
f 1562 1565 1721
f 1562 1721 1722
f 1562 1722 1563
f 1563 1722 1723
f 1563 1723 1567
f 1564 1584 1565
f 1565 1583 1582
f 1565 1582 1724
f 1565 1724 1721
f 1567 1723 1725
f 1567 1725 1726
f 1567 1726 1727
f 1567 1727 1568
f 1568 1727 1728
f 1568 1728 1729
f 1568 1729 1569
f 1569 1730 1731
f 1569 1731 1732
f 1569 1732 1570
f 1569 1729 1733
f 1569 1733 1734
f 1569 1734 1730
f 1570 1732 1571
f 1571 1732 1573
f 1572 1735 1576
f 1572 1575 1736
f 1572 1736 1737
f 1572 1737 1738
f 1572 1738 1735
f 1573 1732 1739
f 1573 1739 1574
f 1574 1739 1740
f 1574 1740 1741
f 1574 1741 1575
f 1575 1741 1742
f 1575 1742 1736
f 1576 1743 1744
f 1576 1744 1703
f 1576 1703 1702
f 1576 1735 1743
f 1577 1701 1578
f 1578 1701 1585
f 1579 1605 1604
f 1579 1604 1580
f 1580 1604 1581
f 1581 1604 1745
f 1581 1745 1746
f 1581 1746 1747
f 1581 1747 1582
f 1582 1747 1724
f 1586 1748 1587
f 1586 1594 1593
f 1586 1593 1590
f 1586 1590 1749
f 1586 1749 1748
f 1587 1750 1751
f 1587 1751 1588
f 1587 1748 1752
f 1587 1752 1753
f 1587 1753 1750
f 1588 1751 1595
f 1589 1700 1699
f 1589 1699 1754
f 1589 1754 1590
f 1590 1754 1755
f 1590 1755 1756
f 1590 1756 1757
f 1590 1757 1758
f 1590 1758 1759
f 1590 1759 1749
f 1590 1592 1591
f 1595 1760 1761
f 1595 1761 1596
f 1595 1751 1760
f 1596 1761 1693
f 1596 1693 1597
f 1598 1762 1599
f 1599 1762 1763
f 1599 1763 1600
f 1600 1763 1764
f 1600 1764 1765
f 1600 1765 1602
f 1600 1602 1601
f 1602 1765 1766
f 1602 1766 1608
f 1603 1607 1767
f 1603 1767 1768
f 1603 1768 1604
f 1604 1768 1745
f 1606 1609 1769
f 1606 1769 1607
f 1607 1769 1770
f 1607 1770 1768
f 1607 1768 1767
f 1608 1766 1771
f 1608 1771 1609
f 1609 1771 1769
f 1611 1772 1773
f 1611 1773 1612
f 1611 1620 1774
f 1611 1774 1772
f 1612 1773 1775
f 1612 1775 1621
f 1613 1776 1614
f 1614 1776 1617
f 1614 1617 1615
f 1615 1617 1616
f 1617 1776 1618
f 1618 1776 1777
f 1618 1777 1619
f 1619 1777 1778
f 1619 1778 1779
f 1619 1779 1780
f 1619 1780 1781
f 1619 1781 1782
f 1619 1782 1620
f 1620 1782 1781
f 1620 1781 1774
f 1621 1623 1622
f 1621 1775 1783
f 1621 1783 1784
f 1621 1784 1785
f 1621 1785 1623
f 1623 1785 1786
f 1623 1786 1787
f 1623 1787 1624
f 1624 1787 1788
f 1624 1788 1789
f 1624 1789 1626
f 1625 1626 1790
f 1625 1790 1627
f 1626 1789 1788
f 1626 1788 1791
f 1626 1791 1792
f 1626 1792 1755
f 1626 1755 1793
f 1626 1793 1790
f 1627 1790 1628
f 1628 1790 1629
f 1629 1790 1793
f 1629 1793 1755
f 1629 1755 1698
f 1630 1638 1794
f 1630 1794 1795
f 1630 1795 1631
f 1631 1795 1632
f 1632 1795 1794
f 1632 1794 1796
f 1632 1796 1797
f 1632 1797 1798
f 1632 1798 1799
f 1632 1799 1660
f 1632 1660 1633
f 1633 1660 1634
f 1636 1800 1801
f 1636 1801 1802
f 1636 1802 1637
f 1637 1802 1803
f 1637 1803 1797
f 1637 1797 1638
f 1638 1797 1796
f 1638 1796 1794
f 1639 1642 1804
f 1639 1804 1805
f 1639 1805 1640
f 1640 1806 1643
f 1640 1643 1641
f 1640 1805 1807
f 1640 1807 1806
f 1642 1651 1808
f 1642 1808 1804
f 1643 1806 1647
f 1644 1646 1809
f 1644 1809 1810
f 1644 1810 1811
f 1645 1648 1647
f 1645 1647 1812
f 1645 1812 1813
f 1645 1813 1646
f 1646 1813 1809
f 1647 1806 1814
f 1647 1814 1815
f 1647 1815 1812
f 1649 1692 1650
f 1650 1816 1651
f 1650 1692 1817
f 1650 1817 1816
f 1651 1816 1818
f 1651 1818 1808
f 1653 1665 1819
f 1653 1819 1654
f 1654 1819 1820
f 1654 1820 1821
f 1654 1821 1655
f 1655 1821 1822
f 1655 1822 1823
f 1655 1823 1656
f 1656 1824 1658
f 1656 1658 1657
f 1656 1823 1825
f 1656 1825 1826
f 1656 1826 1824
f 1658 1824 1668
f 1660 1799 1819
f 1660 1819 1661
f 1661 1819 1662
f 1662 1819 1665
f 1662 1665 1663
f 1666 1674 1667
f 1666 1672 1827
f 1666 1827 1828
f 1666 1828 1829
f 1666 1829 1674
f 1668 1824 1830
f 1668 1830 1669
f 1669 1830 1831
f 1669 1831 1670
f 1670 1831 1832
f 1670 1832 1833
f 1670 1833 1834
f 1670 1834 1835
f 1670 1835 1672
f 1670 1672 1671
f 1672 1835 1828
f 1672 1828 1827
f 1674 1829 1836
f 1674 1836 1675
f 1675 1836 1837
f 1675 1837 1838
f 1675 1838 1677
f 1677 1838 1678
f 1678 1838 1837
f 1678 1837 1839
f 1678 1839 1840
f 1678 1840 1841
f 1678 1841 1842
f 1678 1842 1843
f 1678 1843 1844
f 1678 1844 1845
f 1678 1845 1846
f 1678 1846 1847
f 1678 1847 1679
f 1679 1847 1688
f 1679 1688 1685
f 1679 1685 1680
f 1680 1685 1683
f 1680 1683 1682
f 1680 1682 1681
f 1685 1688 1687
f 1686 1690 1691
f 1688 1847 1848
f 1688 1848 1849
f 1688 1849 1850
f 1688 1850 1851
f 1688 1851 1689
f 1689 1851 1852
f 1689 1852 1690
f 1690 1852 1853
f 1690 1853 1850
f 1690 1850 1692
f 1690 1692 1691
f 1692 1850 1817
f 1693 1761 1854
f 1693 1854 1855
f 1693 1855 1856
f 1693 1856 1694
f 1694 1856 1855
f 1695 1855 1697
f 1697 1855 1857
f 1697 1857 1776
f 1698 1755 1754
f 1698 1754 1699
f 1703 1744 1743
f 1703 1743 1704
f 1704 1743 1708
f 1705 1707 1858
f 1705 1858 1711
f 1706 1709 1707
f 1707 1709 1859
f 1707 1859 1858
f 1708 1743 1709
f 1709 1860 1859
f 1709 1743 1861
f 1709 1861 1862
f 1709 1862 1860
f 1710 1712 1863
f 1710 1863 1864
f 1710 1864 1713
f 1711 1865 1712
f 1711 1858 1866
f 1711 1866 1865
f 1712 1865 1867
f 1712 1867 1863
f 1713 1868 1869
f 1713 1869 1714
f 1713 1864 1870
f 1713 1870 1871
f 1713 1871 1868
f 1714 1869 1872
f 1714 1872 1873
f 1714 1873 1874
f 1714 1874 1716
f 1714 1716 1715
f 1716 1874 1875
f 1716 1875 1717
f 1717 1875 1718
f 1718 1875 1876
f 1718 1876 1719
f 1719 1876 1720
f 1720 1876 1878
f 1720 1878 1877
f 1721 1724 1722
f 1722 1724 1879
f 1722 1879 1723
f 1723 1879 1725
f 1724 1747 1879
f 1725 1879 1747
f 1725 1747 1726
f 1726 1747 1880
f 1726 1880 1727
f 1727 1880 1733
f 1727 1733 1728
f 1728 1733 1729
f 1730 1881 1882
f 1730 1882 1739
f 1730 1739 1732
f 1730 1732 1731
f 1730 1734 1881
f 1733 1880 1883
f 1733 1883 1734
f 1734 1883 1884
f 1734 1884 1885
f 1734 1885 1881
f 1735 1861 1743
f 1735 1738 1886
f 1735 1886 1861
f 1736 1742 1887
f 1736 1887 1888
f 1736 1888 1889
f 1736 1889 1890
f 1736 1890 1737
f 1737 1891 1738
f 1737 1890 1891
f 1738 1891 1892
f 1738 1892 1886
f 1739 1882 1881
f 1739 1881 1893
f 1739 1893 1740
f 1740 1893 1881
f 1740 1881 1894
f 1740 1894 1887
f 1740 1887 1741
f 1741 1887 1742
f 1745 1895 1896
f 1745 1896 1746
f 1745 1768 1897
f 1745 1897 1898
f 1745 1898 1899
f 1745 1899 1895
f 1746 1896 1880
f 1746 1880 1747
f 1748 1749 1752
f 1749 1759 1900
f 1749 1900 1752
f 1750 1753 1901
f 1750 1901 1902
f 1750 1902 1903
f 1750 1903 1904
f 1750 1904 1905
f 1750 1905 1906
f 1750 1906 1751
f 1751 1906 1760
f 1752 1900 1753
f 1753 1900 1902
f 1753 1902 1901
f 1755 1792 1907
f 1755 1907 1756
f 1756 1907 1757
f 1757 1907 1908
f 1757 1908 1758
f 1758 1908 1909
f 1758 1909 1910
f 1758 1910 1911
f 1758 1911 1905
f 1758 1905 1912
f 1758 1912 1904
f 1758 1904 1903
f 1758 1903 1902
f 1758 1902 1759
f 1759 1902 1900
f 1760 1854 1761
f 1760 1906 1913
f 1760 1913 1854
f 1763 1811 1764
f 1764 1811 1914
f 1764 1914 1915
f 1764 1915 1766
f 1764 1766 1916
f 1764 1916 1765
f 1765 1916 1766
f 1766 1915 1771
f 1768 1770 1897
f 1769 1917 1770
f 1769 1771 1918
f 1769 1918 1917
f 1770 1919 1898
f 1770 1898 1897
f 1770 1917 1919
f 1771 1920 1918
f 1771 1915 1921
f 1771 1921 1920
f 1772 1775 1773
f 1772 1774 1783
f 1772 1783 1775
f 1774 1781 1922
f 1774 1922 1783
f 1776 1857 1777
f 1777 1857 1855
f 1777 1855 1854
f 1777 1854 1778
f 1778 1854 1779
f 1779 1854 1913
f 1779 1913 1780
f 1780 1905 1923
f 1780 1923 1781
f 1780 1913 1906
f 1780 1906 1905
f 1781 1923 1924
f 1781 1924 1922
f 1783 1922 1925
f 1783 1925 1784
f 1784 1925 1785
f 1785 1925 1926
f 1785 1926 1927
f 1785 1927 1786
f 1786 1788 1787
f 1786 1927 1928
f 1786 1928 1788
f 1788 1928 1911
f 1788 1911 1910
f 1788 1910 1791
f 1791 1929 1907
f 1791 1907 1792
f 1791 1910 1929
f 1797 1803 1930
f 1797 1930 1798
f 1798 1930 1931
f 1798 1931 1932
f 1798 1932 1799
f 1799 1933 1934
f 1799 1934 1820
f 1799 1820 1819
f 1799 1932 2045
f 1799 2045 1933
f 1800 1935 1803
f 1800 1803 1801
f 1801 1803 1802
f 1803 1935 1936
f 1803 1936 1937
f 1803 1937 1938
f 1803 1938 1939
f 1803 1939 1931
f 1803 1931 1930
f 1804 1940 1941
f 1804 1941 1805
f 1804 1808 1942
f 1804 1942 1940
f 1805 1943 1807
f 1805 1941 1943
f 1806 1807 1943
f 1806 1943 1944
f 1806 1944 1814
f 1808 1818 1942
f 1809 1945 1810
f 1809 1813 1946
f 1809 1946 1945
f 1810 1947 1811
f 1810 1945 1948
f 1810 1948 1949
f 1810 1949 1947
f 1811 1947 1914
f 1812 1815 1950
f 1812 1950 1813
f 1813 1950 1946
f 1814 1944 1951
f 1814 1951 1952
f 1814 1952 1815
f 1815 1952 1953
f 1815 1953 1950
f 1816 1954 1955
f 1816 1955 1818
f 1816 1817 1954
f 1817 1850 1956
f 1817 1956 1957
f 1817 1957 1954
f 1818 1955 1957
f 1818 1957 1942
f 1820 1934 1821
f 1821 1934 1933
f 1821 1933 1958
f 1821 1958 1822
f 1822 1959 1939
f 1822 1939 1960
f 1822 1960 1823
f 1822 1958 1933
f 1822 1933 1959
f 1823 1960 1961
f 1823 1961 1825
f 1824 1826 1831
f 1824 1831 1830
f 1825 1961 1962
f 1825 1962 1826
f 1826 1962 1963
f 1826 1963 1832
f 1826 1832 1831
f 1828 1835 1837
f 1828 1837 1829
f 1829 1837 1836
f 1832 1963 1833
f 1833 1964 1961
f 1833 1961 1960
f 1833 1960 1965
f 1833 1965 1966
f 1833 1966 1967
f 1833 1967 1968
f 1833 1968 1969
f 1833 1969 1970
f 1833 1970 1834
f 1833 1963 1962
f 1833 1962 1964
f 1834 1970 1840
f 1834 1840 1835
f 1835 1840 1839
f 1835 1839 1837
f 1840 1970 1841
f 1841 1970 1971
f 1841 1971 1972
f 1841 1972 1842
f 1842 1972 1973
f 1842 1973 1974
f 1842 1974 1975
f 1842 1975 1976
f 1842 1976 1977
f 1842 1977 1843
f 1843 1977 1978
f 1843 1978 1844
f 1844 1978 1979
f 1844 1979 1845
f 1845 1979 1980
f 1845 1980 1846
f 1846 1980 1847
f 1847 1980 1981
f 1847 1981 1848
f 1848 1981 1982
f 1848 1982 1983
f 1848 1983 1984
f 1848 1984 1849
f 1849 1983 1850
f 1849 1984 1983
f 1850 1853 1851
f 1850 1983 1985
f 1850 1985 1986
f 1850 1986 1987
f 1850 1987 1956
f 1851 1853 1852
f 1858 1859 1860
f 1858 1860 1866
f 1860 1988 1866
f 1860 1862 1989
f 1860 1989 1988
f 1861 1886 1990
f 1861 1990 1991
f 1861 1991 1992
f 1861 1992 1862
f 1862 1992 1993
f 1862 1993 1994
f 1862 1994 1989
f 1863 1867 1995
f 1863 1995 1996
f 1863 1996 1997
f 1863 1997 1998
f 1863 1998 1999
f 1863 1999 1864
f 1864 2000 1870
f 1864 1999 2001
f 1864 2001 2002
f 1864 2002 2003
f 1864 2003 2004
f 1864 2004 2000
f 1865 1866 1867
f 1866 1988 1867
f 1867 1988 2005
f 1867 2005 1995
f 1868 2006 1869
f 1868 1871 2006
f 1869 2006 2007
f 1869 2007 1872
f 1870 2000 1871
f 1871 2008 2006
f 1871 2000 2009
f 1871 2009 2010
f 1871 2010 2011
f 1871 2011 2008
f 1872 2007 2012
f 1872 2012 2013
f 1872 2013 1873
f 1873 2014 2015
f 1873 2015 1874
f 1873 2013 2014
f 1874 2015 1875
f 1875 2015 1878
f 1875 1878 1876
f 1877 1878 2015
f 1877 2015 2016
f 1880 1896 1883
f 1881 1885 2017
f 1881 2017 1894
f 1883 1896 1884
f 1884 1896 2018
f 1884 2018 1885
f 1885 2018 2017
f 1886 1892 1891
f 1886 1891 2019
f 1886 2019 2020
f 1886 2020 1990
f 1887 1894 1888
f 1888 1894 1889
f 1889 1894 2021
f 1889 2021 1890
f 1890 2021 2022
f 1890 2022 2023
f 1890 2023 2024
f 1890 2024 2025
f 1890 2025 2026
f 1890 2026 2027
f 1890 2027 1891
f 1891 2027 2026
f 1891 2026 2028
f 1891 2028 2019
f 1894 2017 2029
f 1894 2029 2030
f 1894 2030 2021
f 1895 1899 2031
f 1895 2031 1919
f 1895 1919 2032
f 1895 2032 2033
f 1895 2033 2034
f 1895 2034 2035
f 1895 2035 2036
f 1895 2036 2017
f 1895 2017 2018
f 1895 2018 1896
f 1898 1919 1899
f 1899 1919 2031
f 1904 1912 1905
f 1905 1911 2037
f 1905 2037 1927
f 1905 1927 2038
f 1905 2038 1923
f 1907 1929 1908
f 1908 1929 1909
f 1909 1929 1910
f 1911 1928 2037
f 1914 1947 2039
f 1914 2039 2040
f 1914 2040 1915
f 1915 2040 1921
f 1917 1918 1920
f 1917 1920 2041
f 1917 2041 1919
f 1919 2041 2042
f 1919 2042 2032
f 1920 1921 2040
f 1920 2040 2043
f 1920 2043 2041
f 1922 1926 1925
f 1922 1924 1926
f 1923 2038 2044
f 1923 2044 1924
f 1924 2044 1926
f 1926 2044 1927
f 1927 2037 1928
f 1927 2044 2038
f 1931 1939 2045
f 1931 2045 1932
f 1933 2045 1959
f 1936 2046 1938
f 1936 1938 1937
f 1938 2046 2047
f 1938 2047 2048
f 1938 2048 2049
f 1938 2049 1960
f 1938 1960 1939
f 1939 1959 2045
f 1940 1942 2050
f 1940 2050 2051
f 1940 2051 1941
f 1941 2051 2052
f 1941 2052 2053
f 1941 2053 1943
f 1942 1957 2054
f 1942 2054 2050
f 1943 2053 2055
f 1943 2055 2056
f 1943 2056 1944
f 1944 2056 1951
f 1945 1946 1948
f 1946 2057 1948
f 1946 1950 2058
f 1946 2058 2057
f 1947 1949 2039
f 1948 2057 2059
f 1948 2059 2060
f 1948 2060 1949
f 1949 2060 2061
f 1949 2061 2062
f 1949 2062 2039
f 1950 2063 2058
f 1950 1953 2063
f 1951 2064 1952
f 1951 2056 2065
f 1951 2065 2064
f 1952 2064 2066
f 1952 2066 1953
f 1953 2066 2063
f 1954 1957 1955
f 1956 1987 1986
f 1956 1986 2067
f 1956 2067 1957
f 1957 2067 2068
f 1957 2068 2069
f 1957 2069 2070
f 1957 2070 2054
f 1960 2049 2071
f 1960 2071 1965
f 1961 1964 1962
f 1965 2071 1966
f 1966 2071 1967
f 1967 2072 2073
f 1967 2073 2074
f 1967 2074 2075
f 1967 2075 2076
f 1967 2076 2077
f 1967 2077 2078
f 1967 2078 2079
f 1967 2079 2080
f 1967 2080 1970
f 1967 1970 1969
f 1967 1969 1968
f 1967 2071 2081
f 1967 2081 2072
f 1970 2080 1971
f 1971 2079 1972
f 1971 2080 2079
f 1972 2079 2082
f 1972 2082 2083
f 1972 2083 1973
f 1973 2083 1974
f 1974 2083 2084
f 1974 2084 2085
f 1974 2085 1975
f 1975 2086 2087
f 1975 2087 1978
f 1975 1978 1976
f 1975 2085 2086
f 1976 1978 1977
f 1978 2087 2088
f 1978 2088 2089
f 1978 2089 2090
f 1978 2090 2091
f 1978 2091 2092
f 1978 2092 1979
f 1979 2092 1980
f 1980 2092 1981
f 1981 2092 2093
f 1981 2093 1982
f 1982 2093 2094
f 1982 2094 2095
f 1982 2095 1983
f 1983 2095 2096
f 1983 2096 2097
f 1983 2097 2098
f 1983 2098 1985
f 1985 2098 2099
f 1985 2099 1986
f 1986 2099 2100
f 1986 2100 2101
f 1986 2101 2067
f 1988 1989 2102
f 1988 2102 2103
f 1988 2103 2005
f 1989 1994 2104
f 1989 2104 2105
f 1989 2105 2106
f 1989 2106 2102
f 1990 2020 2107
f 1990 2107 1991
f 1991 2107 1992
f 1992 2107 2108
f 1992 2108 1993
f 1993 2108 2109
f 1993 2109 2110
f 1993 2110 2111
f 1993 2111 2112
f 1993 2112 2113
f 1993 2113 2114
f 1993 2114 1994
f 1994 2114 2115
f 1994 2115 2104
f 1995 2005 1996
f 1996 2005 1997
f 1997 2005 2116
f 1997 2116 1998
f 1998 2116 2117
f 1998 2117 1999
f 1999 2117 2001
f 2000 2004 2009
f 2001 2117 2118
f 2001 2118 2119
f 2001 2119 2002
f 2002 2119 2120
f 2002 2120 2003
f 2003 2120 2121
f 2003 2121 2004
f 2004 2121 2122
f 2004 2122 2010
f 2004 2010 2009
f 2005 2103 2116
f 2006 2123 2124
f 2006 2124 2007
f 2006 2008 2123
f 2007 2125 2012
f 2007 2124 2125
f 2008 2126 2127
f 2008 2127 2123
f 2008 2011 2128
f 2008 2128 2126
f 2010 2122 2129
f 2010 2129 2130
f 2010 2130 2131
f 2010 2131 2011
f 2011 2131 2132
f 2011 2132 2128
f 2012 2125 2013
f 2013 2125 2014
f 2014 2133 2015
f 2014 2125 2133
f 2015 2133 2134
f 2015 2134 2016
f 2016 2134 2135
f 2017 2036 2030
f 2017 2030 2029
f 2019 2028 2020
f 2020 2028 2026
f 2020 2026 2107
f 2021 2030 2022
f 2022 2030 2035
f 2022 2035 2023
f 2023 2035 2024
f 2024 2035 2034
f 2024 2034 2136
f 2024 2136 2137
f 2024 2137 2138
f 2024 2138 2025
f 2025 2138 2137
f 2025 2137 2139
f 2025 2139 2140
f 2025 2140 2026
f 2026 2140 2141
f 2026 2141 2142
f 2026 2142 2143
f 2026 2143 2107
f 2030 2036 2035
f 2032 2042 2033
f 2033 2042 2144
f 2033 2144 2034
f 2034 2144 2145
f 2034 2145 2136
f 2039 2062 2043
f 2039 2043 2040
f 2041 2043 2042
f 2042 2146 2144
f 2042 2043 2146
f 2043 2062 2146
f 2046 2147 2047
f 2047 2147 2148
f 2047 2148 2149
f 2047 2149 2048
f 2048 2150 2151
f 2048 2151 2049
f 2048 2149 2152
f 2048 2152 2150
f 2049 2151 2081
f 2049 2081 2071
f 2050 2054 2051
f 2051 2054 2070
f 2051 2070 2052
f 2052 2153 2053
f 2052 2070 2153
f 2053 2153 2154
f 2053 2154 2055
f 2055 2154 2155
f 2055 2155 2056
f 2056 2155 2156
f 2056 2156 2065
f 2057 2058 2059
f 2058 2063 2157
f 2058 2157 2158
f 2058 2158 2059
f 2059 2158 2159
f 2059 2159 2060
f 2060 2159 2160
f 2060 2160 2061
f 2061 2160 2161
f 2061 2161 2162
f 2061 2162 2062
f 2062 2162 2146
f 2063 2163 2157
f 2063 2066 2164
f 2063 2164 2163
f 2064 2065 2165
f 2064 2165 2164
f 2064 2164 2066
f 2065 2156 2166
f 2065 2166 2165
f 2067 2101 2100
f 2067 2100 2167
f 2067 2167 2168
f 2067 2168 2169
f 2067 2169 2068
f 2068 2170 2070
f 2068 2070 2069
f 2068 2169 2171
f 2068 2171 2170
f 2070 2170 2172
f 2070 2172 2166
f 2070 2166 2173
f 2070 2173 2174
f 2070 2174 2153
f 2072 2081 2175
f 2072 2175 2176
f 2072 2176 2073
f 2073 2177 2178
f 2073 2178 2074
f 2073 2176 2177
f 2074 2178 2075
f 2075 2178 2076
f 2076 2178 2179
f 2076 2179 2077
f 2077 2179 2180
f 2077 2180 2181
f 2077 2181 2182
f 2077 2182 2183
f 2077 2183 2184
f 2077 2184 2078
f 2078 2184 2082
f 2078 2082 2079
f 2081 2151 2175
f 2082 2184 2084
f 2082 2084 2083
f 2084 2088 2085
f 2084 2184 2088
f 2085 2088 2086
f 2086 2088 2087
f 2088 2184 2185
f 2088 2185 2186
f 2088 2186 2187
f 2088 2187 2089
f 2089 2187 2090
f 2090 2187 2091
f 2091 2187 2188
f 2091 2188 2092
f 2092 2188 2093
f 2093 2188 2095
f 2093 2095 2094
f 2095 2188 2189
f 2095 2189 2097
f 2095 2097 2096
f 2097 2190 2191
f 2097 2191 2098
f 2097 2189 2187
f 2097 2187 2190
f 2098 2191 2099
f 2099 2191 2192
f 2099 2192 2193
f 2099 2193 2100
f 2100 2193 2167
f 2102 2106 2194
f 2102 2194 2195
f 2102 2195 2103
f 2103 2195 2196
f 2103 2196 2116
f 2104 2115 2197
f 2104 2197 2105
f 2105 2197 2198
f 2105 2198 2106
f 2106 2198 2199
f 2106 2199 2194
f 2107 2143 2108
f 2108 2143 2142
f 2108 2142 2109
f 2109 2200 2201
f 2109 2201 2110
f 2109 2142 2200
f 2110 2201 2202
f 2110 2202 2111
f 2111 2202 2112
f 2112 2201 2203
f 2112 2203 2204
f 2112 2204 2205
f 2112 2205 2206
f 2112 2206 2207
f 2112 2207 2113
f 2112 2202 2201
f 2113 2207 2206
f 2113 2206 2208
f 2113 2208 2114
f 2114 2208 2197
f 2114 2197 2115
f 2116 2196 2209
f 2116 2209 2121
f 2116 2121 2210
f 2116 2210 2211
f 2116 2211 2117
f 2117 2211 2118
f 2118 2211 2120
f 2118 2120 2119
f 2120 2212 2121
f 2120 2211 2210
f 2120 2210 2212
f 2121 2209 2122
f 2121 2212 2210
f 2122 2209 2129
f 2123 2127 2213
f 2123 2213 2214
f 2123 2214 2215
f 2123 2215 2124
f 2124 2215 2125
f 2125 2215 2216
f 2125 2216 2133
f 2126 2217 2127
f 2126 2128 2218
f 2126 2218 2217
f 2127 2219 2220
f 2127 2220 2221
f 2127 2221 2222
f 2127 2222 2213
f 2127 2217 2219
f 2128 2132 2223
f 2128 2223 2218
f 2129 2209 2224
f 2129 2224 2130
f 2130 2225 2226
f 2130 2226 2131
f 2130 2224 2227
f 2130 2227 2225
f 2131 2226 2132
f 2132 2226 2225
f 2132 2225 2228
f 2132 2228 2229
f 2132 2229 2223
f 2133 2230 2231
f 2133 2231 2134
f 2133 2216 2232
f 2133 2232 2230
f 2134 2231 2233
f 2134 2233 2234
f 2134 2234 2135
f 2136 2203 2235
f 2136 2235 2137
f 2136 2145 2236
f 2136 2236 2237
f 2136 2237 2203
f 2137 2235 2238
f 2137 2238 2239
f 2137 2239 2139
f 2139 2239 2140
f 2140 2239 2238
f 2140 2238 2141
f 2141 2238 2200
f 2141 2200 2142
f 2144 2146 2236
f 2144 2236 2145
f 2146 2162 2236
f 2150 2152 2240
f 2150 2240 2151
f 2151 2240 2241
f 2151 2241 2175
f 2153 2174 2173
f 2153 2173 2154
f 2154 2173 2156
f 2154 2156 2155
f 2156 2173 2166
f 2157 2163 2242
f 2157 2242 2243
f 2157 2243 2158
f 2158 2244 2159
f 2158 2243 2244
f 2159 2244 2245
f 2159 2245 2160
f 2160 2245 2246
f 2160 2246 2161
f 2161 2246 2204
f 2161 2204 2247
f 2161 2247 2248
f 2161 2248 2162
f 2162 2248 2203
f 2162 2203 2237
f 2162 2237 2236
f 2163 2164 2249
f 2163 2249 2250
f 2163 2250 2251
f 2163 2251 2242
f 2164 2165 2252
f 2164 2252 2166
f 2164 2166 2249
f 2165 2166 2252
f 2166 2172 2253
f 2166 2253 2254
f 2166 2254 2255
f 2166 2255 2249
f 2167 2193 2192
f 2167 2192 2168
f 2168 2192 2169
f 2169 2192 2256
f 2169 2256 2257
f 2169 2257 2258
f 2169 2258 2259
f 2169 2259 2260
f 2169 2260 2171
f 2170 2254 2253
f 2170 2253 2172
f 2170 2171 2261
f 2170 2261 2262
f 2170 2262 2254
f 2171 2260 2262
f 2171 2262 2261
f 2175 2241 2263
f 2175 2263 2264
f 2175 2264 2176
f 2176 2264 2265
f 2176 2265 2177
f 2177 2265 2178
f 2178 2265 2266
f 2178 2266 2267
f 2178 2267 2180
f 2178 2180 2179
f 2180 2267 2268
f 2180 2268 2269
f 2180 2269 2270
f 2180 2270 2181
f 2181 2270 2183
f 2181 2183 2182
f 2183 2270 2271
f 2183 2271 2272
f 2183 2272 2186
f 2183 2186 2185
f 2183 2185 2184
f 2186 2273 2274
f 2186 2274 2187
f 2186 2272 2275
f 2186 2275 2276
f 2186 2276 2273
f 2187 2274 2190
f 2187 2189 2188
f 2190 2277 2278
f 2190 2278 2279
f 2190 2279 2280
f 2190 2280 2191
f 2190 2274 2273
f 2190 2273 2281
f 2190 2281 2277
f 2191 2280 2282
f 2191 2282 2283
f 2191 2283 2192
f 2192 2284 2285
f 2192 2285 2256
f 2192 2283 2286
f 2192 2286 2284
f 2194 2199 2195
f 2195 2199 2287
f 2195 2287 2288
f 2195 2288 2209
f 2195 2209 2196
f 2197 2289 2290
f 2197 2290 2291
f 2197 2291 2292
f 2197 2292 2293
f 2197 2293 2198
f 2197 2208 2294
f 2197 2294 2295
f 2197 2295 2289
f 2198 2296 2297
f 2198 2297 2199
f 2198 2293 2292
f 2198 2292 2296
f 2199 2297 2298
f 2199 2298 2299
f 2199 2299 2300
f 2199 2300 2301
f 2199 2301 2287
f 2200 2238 2201
f 2201 2235 2203
f 2201 2238 2235
f 2203 2248 2247
f 2203 2247 2204
f 2204 2246 2205
f 2205 2246 2245
f 2205 2245 2302
f 2205 2302 2303
f 2205 2303 2304
f 2205 2304 2305
f 2205 2305 2306
f 2205 2306 2307
f 2205 2307 2294
f 2205 2294 2206
f 2206 2294 2208
f 2209 2308 2309
f 2209 2309 2310
f 2209 2310 2224
f 2209 2288 2301
f 2209 2301 2308
f 2213 2222 2214
f 2214 2311 2215
f 2214 2222 2311
f 2215 2311 2230
f 2215 2230 2232
f 2215 2232 2216
f 2217 2312 2313
f 2217 2313 2314
f 2217 2314 2219
f 2217 2218 2312
f 2218 2315 2312
f 2218 2223 2265
f 2218 2265 2315
f 2219 2314 2220
f 2220 2316 2317
f 2220 2317 2318
f 2220 2318 2221
f 2220 2314 2319
f 2220 2319 2316
f 2221 2318 2222
f 2222 2318 2320
f 2222 2320 2230
f 2222 2230 2311
f 2223 2229 2321
f 2223 2321 2227
f 2223 2227 2265
f 2224 2310 2227
f 2225 2322 2228
f 2225 2227 2322
f 2227 2323 2324
f 2227 2324 2325
f 2227 2325 2265
f 2227 2321 2229
f 2227 2229 2326
f 2227 2326 2327
f 2227 2327 2322
f 2227 2310 2309
f 2227 2309 2323
f 2228 2328 2229
f 2228 2322 2328
f 2229 2328 2326
f 2230 2320 2329
f 2230 2329 2231
f 2231 2329 2233
f 2233 2329 2330
f 2240 2330 2241
f 2241 2330 2331
f 2241 2331 2263
f 2242 2251 2304
f 2242 2304 2303
f 2242 2303 2243
f 2243 2303 2302
f 2243 2302 2244
f 2244 2302 2245
f 2249 2255 2332
f 2249 2332 2333
f 2249 2333 2251
f 2249 2251 2250
f 2251 2333 2334
f 2251 2334 2305
f 2251 2305 2304
f 2254 2262 2335
f 2254 2335 2336
f 2254 2336 2337
f 2254 2337 2338
f 2254 2338 2255
f 2255 2338 2339
f 2255 2339 2332
f 2256 2285 2340
f 2256 2340 2257
f 2257 2340 2258
f 2258 2340 2259
f 2259 2340 2262
f 2259 2262 2260
f 2262 2340 2341
f 2262 2341 2342
f 2262 2342 2343
f 2262 2343 2335
f 2263 2331 2317
f 2263 2317 2316
f 2263 2316 2264
f 2264 2316 2344
f 2264 2344 2345
f 2264 2345 2315
f 2264 2315 2265
f 2265 2325 2346
f 2265 2346 2347
f 2265 2347 2275
f 2265 2275 2348
f 2265 2348 2269
f 2265 2269 2268
f 2265 2268 2267
f 2265 2267 2266
f 2269 2348 2270
f 2270 2348 2271
f 2271 2348 2272
f 2272 2348 2275
f 2273 2276 2347
f 2273 2347 2346
f 2273 2346 2349
f 2273 2349 2281
f 2275 2347 2276
f 2277 2281 2278
f 2278 2281 2350
f 2278 2350 2279
f 2279 2351 2283
f 2279 2283 2282
f 2279 2282 2280
f 2279 2350 2351
f 2281 2349 2346
f 2281 2346 2352
f 2281 2352 2308
f 2281 2308 2350
f 2283 2353 2354
f 2283 2354 2286
f 2283 2351 2353
f 2284 2286 2355
f 2284 2355 2285
f 2285 2355 2340
f 2286 2354 2353
f 2286 2353 2355
f 2287 2301 2288
f 2289 2295 2356
f 2289 2356 2290
f 2290 2357 2291
f 2290 2356 2305
f 2290 2305 2357
f 2291 2358 2359
f 2291 2359 2292
f 2291 2357 2358
f 2292 2359 2296
f 2294 2307 2295
f 2295 2307 2306
f 2295 2306 2356
f 2296 2360 2361
f 2296 2361 2298
f 2296 2298 2297
f 2296 2359 2358
f 2296 2358 2362
f 2296 2362 2360
f 2298 2361 2299
f 2299 2308 2301
f 2299 2301 2300
f 2299 2361 2353
f 2299 2353 2308
f 2305 2334 2363
f 2305 2363 2358
f 2305 2358 2364
f 2305 2364 2365
f 2305 2365 2357
f 2305 2356 2366
f 2305 2366 2306
f 2306 2366 2356
f 2308 2352 2367
f 2308 2367 2323
f 2308 2323 2309
f 2308 2353 2350
f 2312 2315 2313
f 2313 2319 2314
f 2313 2315 2368
f 2313 2368 2344
f 2313 2344 2316
f 2313 2316 2319
f 2315 2345 2368
f 2317 2331 2369
f 2317 2369 2320
f 2317 2320 2318
f 2320 2369 2329
f 2322 2327 2326
f 2322 2326 2328
f 2323 2325 2324
f 2323 2367 2325
f 2325 2367 2352
f 2325 2352 2346
f 2329 2369 2330
f 2330 2369 2331
f 2332 2339 2334
f 2332 2334 2333
f 2334 2339 2363
f 2335 2343 2336
f 2336 2370 2371
f 2336 2371 2337
f 2336 2343 2342
f 2336 2342 2360
f 2336 2360 2370
f 2337 2371 2338
f 2338 2371 2339
f 2339 2358 2363
f 2339 2371 2358
f 2340 2355 2360
f 2340 2360 2341
f 2341 2360 2342
f 2344 2368 2345
f 2350 2353 2351
f 2353 2361 2355
f 2355 2361 2360
f 2357 2365 2358
f 2358 2371 2362
f 2358 2365 2364
f 2360 2362 2371
f 2360 2371 2370

